,GEOID,HOUSEHOLD INCOME IN THE PAST 12 MONTHS (IN 2016 INFLATION-ADJUSTED DOLLARS)_Estimate!!Total,"HOUSEHOLD INCOME IN THE PAST 12 MONTHS (IN 2016 INFLATION-ADJUSTED DOLLARS)_Estimate!!Total!!Less than $10,000","HOUSEHOLD INCOME IN THE PAST 12 MONTHS (IN 2016 INFLATION-ADJUSTED DOLLARS)_Estimate!!Total!!$10,000 to $14,999","HOUSEHOLD INCOME IN THE PAST 12 MONTHS (IN 2016 INFLATION-ADJUSTED DOLLARS)_Estimate!!Total!!$15,000 to $19,999","HOUSEHOLD INCOME IN THE PAST 12 MONTHS (IN 2016 INFLATION-ADJUSTED DOLLARS)_Estimate!!Total!!$20,000 to $24,999","HOUSEHOLD INCOME IN THE PAST 12 MONTHS (IN 2016 INFLATION-ADJUSTED DOLLARS)_Estimate!!Total!!$25,000 to $29,999","HOUSEHOLD INCOME IN THE PAST 12 MONTHS (IN 2016 INFLATION-ADJUSTED DOLLARS)_Estimate!!Total!!$30,000 to $34,999","HOUSEHOLD INCOME IN THE PAST 12 MONTHS (IN 2016 INFLATION-ADJUSTED DOLLARS)_Estimate!!Total!!$35,000 to $39,999","HOUSEHOLD INCOME IN THE PAST 12 MONTHS (IN 2016 INFLATION-ADJUSTED DOLLARS)_Estimate!!Total!!$40,000 to $44,999","HOUSEHOLD INCOME IN THE PAST 12 MONTHS (IN 2016 INFLATION-ADJUSTED DOLLARS)_Estimate!!Total!!$45,000 to $49,999","HOUSEHOLD INCOME IN THE PAST 12 MONTHS (IN 2016 INFLATION-ADJUSTED DOLLARS)_Estimate!!Total!!$50,000 to $59,999","HOUSEHOLD INCOME IN THE PAST 12 MONTHS (IN 2016 INFLATION-ADJUSTED DOLLARS)_Estimate!!Total!!$60,000 to $74,999","HOUSEHOLD INCOME IN THE PAST 12 MONTHS (IN 2016 INFLATION-ADJUSTED DOLLARS)_Estimate!!Total!!$75,000 to $99,999","HOUSEHOLD INCOME IN THE PAST 12 MONTHS (IN 2016 INFLATION-ADJUSTED DOLLARS)_Estimate!!Total!!$100,000 to $124,999","HOUSEHOLD INCOME IN THE PAST 12 MONTHS (IN 2016 INFLATION-ADJUSTED DOLLARS)_Estimate!!Total!!$125,000 to $149,999","HOUSEHOLD INCOME IN THE PAST 12 MONTHS (IN 2016 INFLATION-ADJUSTED DOLLARS)_Estimate!!Total!!$150,000 to $199,999","HOUSEHOLD INCOME IN THE PAST 12 MONTHS (IN 2016 INFLATION-ADJUSTED DOLLARS)_Estimate!!Total!!$200,000 or more",YEAR
0,13121006601,790.0,204.0,33.0,21.0,47.0,40.0,81.0,13.0,71.0,42.0,60.0,59.0,40.0,26.0,28.0,25.0,0.0,2012.0
1,13121006601,808.0,264.0,38.0,14.0,55.0,30.0,59.0,35.0,27.0,31.0,73.0,76.0,31.0,31.0,23.0,21.0,0.0,2013.0
2,13121006601,798.0,181.0,70.0,44.0,58.0,47.0,33.0,42.0,32.0,21.0,53.0,79.0,68.0,44.0,10.0,16.0,0.0,2014.0
3,13121006601,782.0,142.0,79.0,39.0,44.0,47.0,22.0,39.0,46.0,20.0,80.0,67.0,75.0,51.0,10.0,21.0,0.0,2015.0
4,13121006601,794.0,147.0,87.0,61.0,64.0,41.0,26.0,43.0,16.0,16.0,75.0,78.0,81.0,45.0,14.0,0.0,0.0,2016.0
5,13121006601,764.0,114.0,82.0,51.0,59.0,24.0,34.0,41.0,29.0,21.0,51.0,103.0,77.0,55.0,11.0,5.0,7.0,2017.0
6,13121006700,1318.0,288.0,100.0,138.0,201.0,25.0,34.0,35.0,47.0,26.0,131.0,79.0,91.0,55.0,9.0,32.0,27.0,2012.0
7,13121006700,1391.0,406.0,110.0,183.0,165.0,15.0,56.0,43.0,49.0,40.0,105.0,46.0,47.0,51.0,20.0,26.0,29.0,2013.0
8,13121006700,1463.0,353.0,200.0,196.0,175.0,8.0,20.0,82.0,47.0,21.0,83.0,110.0,41.0,35.0,38.0,27.0,27.0,2014.0
9,13121006700,1451.0,294.0,183.0,228.0,201.0,15.0,18.0,87.0,55.0,0.0,76.0,160.0,59.0,18.0,47.0,10.0,0.0,2015.0
10,13121006700,1431.0,251.0,188.0,226.0,181.0,14.0,29.0,139.0,50.0,0.0,45.0,153.0,55.0,27.0,41.0,32.0,0.0,2016.0
11,13121006700,1505.0,297.0,174.0,136.0,205.0,37.0,11.0,101.0,63.0,72.0,50.0,138.0,86.0,47.0,51.0,37.0,0.0,2017.0
12,13121009300,2358.0,162.0,9.0,70.0,70.0,62.0,63.0,72.0,11.0,66.0,94.0,229.0,446.0,301.0,147.0,194.0,362.0,2012.0
13,13121009300,2280.0,93.0,10.0,104.0,123.0,49.0,80.0,48.0,0.0,36.0,108.0,144.0,405.0,291.0,183.0,150.0,456.0,2013.0
14,13121009300,2260.0,98.0,0.0,51.0,113.0,50.0,71.0,47.0,0.0,17.0,216.0,147.0,358.0,286.0,190.0,137.0,479.0,2014.0
15,13121009300,2319.0,59.0,15.0,38.0,114.0,95.0,85.0,47.0,0.0,16.0,270.0,127.0,384.0,297.0,173.0,176.0,423.0,2015.0
16,13121009300,2386.0,196.0,14.0,37.0,67.0,133.0,81.0,35.0,0.0,43.0,269.0,132.0,315.0,209.0,147.0,214.0,494.0,2016.0
17,13121009300,2439.0,190.0,30.0,38.0,57.0,156.0,66.0,38.0,20.0,20.0,253.0,122.0,216.0,219.0,117.0,331.0,566.0,2017.0
18,13121009402,2275.0,94.0,130.0,76.0,82.0,94.0,142.0,159.0,99.0,154.0,92.0,485.0,370.0,153.0,30.0,94.0,21.0,2012.0
19,13121009402,2335.0,65.0,72.0,58.0,95.0,120.0,138.0,143.0,107.0,157.0,152.0,403.0,319.0,345.0,28.0,111.0,22.0,2013.0
20,13121009402,2363.0,75.0,62.0,108.0,55.0,113.0,139.0,106.0,179.0,76.0,150.0,386.0,338.0,365.0,105.0,83.0,23.0,2014.0
21,13121009402,2442.0,112.0,60.0,127.0,41.0,72.0,163.0,125.0,153.0,74.0,243.0,328.0,358.0,329.0,122.0,85.0,50.0,2015.0
22,13121009402,2378.0,152.0,67.0,109.0,51.0,85.0,100.0,85.0,150.0,44.0,265.0,319.0,288.0,335.0,142.0,124.0,62.0,2016.0
23,13121009402,2487.0,194.0,45.0,75.0,66.0,104.0,116.0,50.0,156.0,41.0,222.0,361.0,253.0,347.0,197.0,161.0,99.0,2017.0
25,13089023700,2066.0,318.0,188.0,178.0,140.0,176.0,222.0,12.0,39.0,60.0,166.0,214.0,52.0,174.0,49.0,49.0,29.0,2012.0
26,13089023700,2122.0,436.0,274.0,194.0,132.0,103.0,178.0,22.0,30.0,63.0,94.0,126.0,122.0,173.0,45.0,92.0,38.0,2013.0
27,13089023700,2124.0,475.0,277.0,150.0,106.0,73.0,190.0,64.0,80.0,38.0,63.0,81.0,127.0,217.0,49.0,99.0,35.0,2014.0
28,13089023700,2209.0,535.0,241.0,122.0,121.0,71.0,208.0,49.0,97.0,61.0,75.0,148.0,131.0,182.0,22.0,113.0,33.0,2015.0
29,13089023700,2266.0,482.0,192.0,103.0,208.0,76.0,118.0,72.0,129.0,200.0,55.0,141.0,179.0,142.0,20.0,112.0,37.0,2016.0
30,13089023700,2363.0,367.0,203.0,116.0,151.0,137.0,33.0,33.0,135.0,262.0,183.0,170.0,198.0,164.0,61.0,88.0,62.0,2017.0
31,13121001300,2211.0,184.0,25.0,36.0,100.0,142.0,122.0,42.0,157.0,121.0,203.0,164.0,149.0,188.0,207.0,192.0,179.0,2012.0
32,13121001300,2233.0,220.0,54.0,50.0,106.0,120.0,179.0,104.0,127.0,69.0,190.0,187.0,162.0,204.0,161.0,124.0,176.0,2013.0
33,13121001300,2229.0,270.0,64.0,30.0,97.0,130.0,195.0,55.0,138.0,76.0,126.0,130.0,276.0,190.0,164.0,152.0,136.0,2014.0
34,13121001300,2219.0,305.0,64.0,41.0,67.0,96.0,143.0,86.0,130.0,75.0,146.0,141.0,323.0,168.0,155.0,179.0,100.0,2015.0
35,13121001300,2173.0,206.0,61.0,105.0,61.0,12.0,205.0,51.0,134.0,75.0,185.0,190.0,339.0,186.0,111.0,111.0,141.0,2016.0
36,13121001300,2235.0,192.0,58.0,91.0,65.0,13.0,211.0,67.0,103.0,92.0,131.0,246.0,324.0,263.0,123.0,111.0,145.0,2017.0
37,13121001400,1397.0,43.0,35.0,88.0,42.0,20.0,100.0,45.0,82.0,28.0,150.0,186.0,176.0,133.0,108.0,53.0,108.0,2012.0
38,13121001400,1356.0,97.0,46.0,58.0,64.0,16.0,49.0,34.0,69.0,12.0,135.0,181.0,148.0,183.0,88.0,89.0,87.0,2013.0
39,13121001400,1353.0,106.0,13.0,40.0,70.0,18.0,89.0,16.0,78.0,16.0,152.0,146.0,93.0,190.0,117.0,110.0,99.0,2014.0
40,13121001400,1361.0,82.0,27.0,46.0,75.0,0.0,97.0,13.0,92.0,19.0,157.0,97.0,137.0,202.0,91.0,98.0,128.0,2015.0
41,13121001400,1375.0,82.0,31.0,44.0,71.0,8.0,70.0,41.0,95.0,20.0,82.0,105.0,186.0,166.0,144.0,98.0,132.0,2016.0
42,13121001400,1300.0,86.0,9.0,38.0,51.0,8.0,76.0,42.0,16.0,25.0,60.0,154.0,160.0,133.0,149.0,161.0,132.0,2017.0
43,13121001800,2618.0,696.0,204.0,150.0,79.0,147.0,113.0,81.0,53.0,80.0,181.0,202.0,262.0,168.0,29.0,69.0,104.0,2012.0
44,13121001800,2764.0,820.0,211.0,72.0,71.0,156.0,134.0,93.0,36.0,87.0,258.0,241.0,193.0,182.0,42.0,75.0,93.0,2013.0
45,13121001800,2804.0,669.0,353.0,94.0,127.0,55.0,116.0,113.0,29.0,110.0,263.0,227.0,208.0,154.0,36.0,155.0,95.0,2014.0
46,13121001800,2949.0,633.0,336.0,100.0,129.0,94.0,107.0,119.0,73.0,121.0,291.0,242.0,271.0,167.0,40.0,181.0,45.0,2015.0
47,13121001800,2995.0,714.0,353.0,78.0,163.0,175.0,86.0,130.0,105.0,86.0,279.0,238.0,200.0,187.0,43.0,124.0,34.0,2016.0
48,13121001800,3021.0,688.0,264.0,93.0,158.0,125.0,52.0,83.0,97.0,170.0,286.0,235.0,299.0,197.0,103.0,128.0,43.0,2017.0
49,13121001600,1210.0,41.0,6.0,36.0,46.0,21.0,112.0,41.0,25.0,50.0,114.0,200.0,196.0,103.0,37.0,68.0,114.0,2012.0
50,13121001600,1300.0,71.0,6.0,21.0,67.0,20.0,150.0,37.0,66.0,39.0,129.0,158.0,178.0,115.0,47.0,49.0,147.0,2013.0
51,13121001600,1262.0,100.0,0.0,34.0,61.0,26.0,76.0,73.0,93.0,49.0,88.0,112.0,209.0,119.0,70.0,21.0,131.0,2014.0
52,13121001600,1249.0,86.0,0.0,28.0,67.0,23.0,113.0,63.0,128.0,35.0,72.0,120.0,203.0,105.0,54.0,21.0,131.0,2015.0
53,13121001600,1318.0,78.0,0.0,34.0,46.0,21.0,148.0,74.0,116.0,30.0,75.0,157.0,188.0,114.0,51.0,31.0,155.0,2016.0
54,13121001600,1304.0,69.0,25.0,31.0,34.0,22.0,127.0,29.0,156.0,8.0,94.0,136.0,195.0,161.0,46.0,51.0,120.0,2017.0
55,13121001500,2338.0,259.0,49.0,109.0,72.0,132.0,80.0,78.0,36.0,141.0,152.0,184.0,257.0,219.0,106.0,172.0,292.0,2012.0
56,13121001500,2289.0,200.0,47.0,87.0,105.0,177.0,112.0,110.0,34.0,118.0,121.0,204.0,269.0,192.0,76.0,136.0,301.0,2013.0
57,13121001500,2396.0,222.0,33.0,62.0,111.0,163.0,112.0,114.0,64.0,101.0,143.0,262.0,239.0,206.0,86.0,163.0,315.0,2014.0
58,13121001500,2511.0,347.0,48.0,119.0,133.0,144.0,78.0,68.0,55.0,96.0,157.0,252.0,292.0,255.0,111.0,107.0,249.0,2015.0
59,13121001500,2487.0,314.0,40.0,144.0,135.0,96.0,98.0,95.0,64.0,59.0,183.0,299.0,278.0,231.0,127.0,98.0,226.0,2016.0
60,13121001500,2437.0,293.0,27.0,87.0,199.0,91.0,97.0,44.0,56.0,137.0,87.0,270.0,252.0,278.0,105.0,113.0,301.0,2017.0
61,13121001900,1203.0,353.0,39.0,51.0,41.0,24.0,73.0,46.0,22.0,58.0,91.0,112.0,161.0,13.0,31.0,35.0,53.0,2012.0
62,13121001900,1178.0,194.0,36.0,80.0,18.0,83.0,61.0,12.0,36.0,51.0,57.0,175.0,200.0,39.0,42.0,64.0,30.0,2013.0
63,13121001900,1274.0,202.0,42.0,53.0,18.0,66.0,63.0,65.0,37.0,35.0,149.0,193.0,160.0,82.0,37.0,51.0,21.0,2014.0
64,13121001900,1335.0,158.0,16.0,66.0,34.0,84.0,55.0,46.0,53.0,53.0,131.0,184.0,182.0,82.0,43.0,61.0,87.0,2015.0
65,13121001900,1347.0,132.0,14.0,34.0,51.0,61.0,51.0,66.0,77.0,48.0,151.0,135.0,212.0,80.0,78.0,66.0,91.0,2016.0
66,13121001900,1382.0,115.0,36.0,37.0,67.0,101.0,44.0,58.0,59.0,38.0,112.0,138.0,210.0,111.0,70.0,79.0,107.0,2017.0
67,13121000500,2264.0,148.0,43.0,37.0,118.0,76.0,95.0,97.0,63.0,57.0,133.0,295.0,147.0,297.0,72.0,155.0,431.0,2012.0
68,13121000500,2227.0,134.0,76.0,30.0,104.0,29.0,104.0,112.0,68.0,42.0,181.0,208.0,196.0,331.0,75.0,165.0,372.0,2013.0
69,13121000500,2365.0,114.0,87.0,41.0,110.0,39.0,113.0,100.0,71.0,67.0,126.0,226.0,214.0,330.0,138.0,153.0,436.0,2014.0
70,13121000500,2567.0,103.0,54.0,64.0,110.0,66.0,62.0,178.0,65.0,79.0,131.0,225.0,284.0,279.0,175.0,216.0,476.0,2015.0
71,13121000500,2737.0,49.0,67.0,41.0,117.0,122.0,36.0,164.0,75.0,237.0,97.0,233.0,243.0,350.0,125.0,304.0,477.0,2016.0
72,13121000500,2703.0,96.0,77.0,54.0,37.0,126.0,40.0,108.0,192.0,166.0,135.0,190.0,288.0,348.0,149.0,174.0,523.0,2017.0
73,13121003600,704.0,141.0,68.0,62.0,103.0,24.0,33.0,10.0,0.0,22.0,4.0,84.0,30.0,87.0,11.0,16.0,9.0,2012.0
74,13121003600,703.0,82.0,66.0,80.0,104.0,18.0,35.0,14.0,19.0,17.0,23.0,86.0,42.0,80.0,17.0,6.0,14.0,2013.0
75,13121003600,761.0,97.0,98.0,88.0,80.0,13.0,33.0,14.0,14.0,8.0,42.0,108.0,52.0,50.0,35.0,15.0,14.0,2014.0
76,13121003600,818.0,81.0,73.0,116.0,67.0,29.0,64.0,15.0,27.0,39.0,52.0,103.0,51.0,48.0,10.0,27.0,16.0,2015.0
77,13121003600,765.0,95.0,59.0,111.0,44.0,23.0,44.0,14.0,29.0,25.0,55.0,116.0,56.0,45.0,9.0,23.0,17.0,2016.0
78,13121003600,831.0,163.0,52.0,77.0,42.0,20.0,26.0,13.0,61.0,32.0,91.0,110.0,55.0,49.0,5.0,21.0,14.0,2017.0
79,13121010002,2887.0,65.0,77.0,0.0,15.0,34.0,101.0,10.0,39.0,35.0,129.0,111.0,215.0,262.0,342.0,320.0,1132.0,2012.0
80,13121010002,2961.0,56.0,78.0,0.0,19.0,72.0,127.0,8.0,31.0,57.0,100.0,108.0,290.0,223.0,358.0,421.0,1013.0,2013.0
81,13121010002,3097.0,82.0,24.0,0.0,18.0,81.0,182.0,16.0,31.0,46.0,138.0,146.0,374.0,253.0,216.0,491.0,999.0,2014.0
82,13121010002,3185.0,46.0,37.0,0.0,40.0,81.0,125.0,65.0,0.0,100.0,76.0,173.0,317.0,288.0,227.0,419.0,1191.0,2015.0
83,13121010002,3303.0,71.0,30.0,0.0,63.0,58.0,148.0,83.0,38.0,92.0,66.0,159.0,296.0,323.0,307.0,418.0,1151.0,2016.0
84,13121010002,3344.0,64.0,25.0,20.0,44.0,52.0,164.0,64.0,61.0,70.0,90.0,197.0,356.0,310.0,198.0,378.0,1251.0,2017.0
85,13121010001,2294.0,87.0,178.0,11.0,141.0,13.0,143.0,54.0,76.0,38.0,216.0,149.0,220.0,141.0,240.0,155.0,432.0,2012.0
86,13121010001,2260.0,101.0,68.0,22.0,152.0,16.0,127.0,0.0,70.0,47.0,188.0,117.0,264.0,270.0,193.0,253.0,372.0,2013.0
87,13121010001,2218.0,43.0,67.0,11.0,125.0,32.0,94.0,0.0,70.0,43.0,277.0,72.0,261.0,304.0,166.0,249.0,404.0,2014.0
88,13121010001,2293.0,97.0,14.0,30.0,125.0,34.0,88.0,30.0,53.0,35.0,251.0,83.0,131.0,319.0,168.0,288.0,547.0,2015.0
89,13121010001,2436.0,129.0,31.0,31.0,136.0,38.0,86.0,45.0,75.0,35.0,257.0,94.0,237.0,267.0,115.0,273.0,587.0,2016.0
90,13121010001,2442.0,158.0,32.0,29.0,42.0,29.0,81.0,94.0,54.0,16.0,280.0,114.0,263.0,234.0,103.0,175.0,738.0,2017.0
91,13121009802,1854.0,96.0,0.0,26.0,82.0,9.0,7.0,32.0,21.0,12.0,6.0,267.0,98.0,121.0,98.0,99.0,880.0,2012.0
92,13121009802,1866.0,96.0,0.0,13.0,78.0,9.0,39.0,16.0,15.0,22.0,24.0,237.0,47.0,178.0,89.0,128.0,875.0,2013.0
93,13121009802,1934.0,80.0,29.0,20.0,60.0,7.0,66.0,13.0,50.0,27.0,56.0,134.0,94.0,142.0,134.0,195.0,827.0,2014.0
94,13121009802,1967.0,50.0,35.0,51.0,63.0,7.0,60.0,11.0,48.0,35.0,51.0,146.0,143.0,130.0,105.0,155.0,877.0,2015.0
95,13121009802,1946.0,22.0,29.0,37.0,35.0,44.0,75.0,11.0,37.0,43.0,107.0,156.0,93.0,181.0,147.0,151.0,778.0,2016.0
96,13121009802,1844.0,22.0,31.0,26.0,19.0,9.0,55.0,28.0,45.0,16.0,76.0,92.0,133.0,177.0,149.0,190.0,776.0,2017.0
97,13121006801,0.0,0.0,0.0,0.0,0.0,0.0,0.0,0.0,0.0,0.0,0.0,0.0,0.0,0.0,0.0,0.0,0.0,2012.0
98,13121006801,0.0,0.0,0.0,0.0,0.0,0.0,0.0,0.0,0.0,0.0,0.0,0.0,0.0,0.0,0.0,0.0,0.0,2013.0
99,13121006801,0.0,0.0,0.0,0.0,0.0,0.0,0.0,0.0,0.0,0.0,0.0,0.0,0.0,0.0,0.0,0.0,0.0,2014.0
100,13121006801,0.0,0.0,0.0,0.0,0.0,0.0,0.0,0.0,0.0,0.0,0.0,0.0,0.0,0.0,0.0,0.0,0.0,2015.0
101,13121006801,0.0,0.0,0.0,0.0,0.0,0.0,0.0,0.0,0.0,0.0,0.0,0.0,0.0,0.0,0.0,0.0,0.0,2016.0
102,13121006801,0.0,0.0,0.0,0.0,0.0,0.0,0.0,0.0,0.0,0.0,0.0,0.0,0.0,0.0,0.0,0.0,0.0,2017.0
103,13121009700,1604.0,30.0,15.0,10.0,13.0,6.0,0.0,10.0,27.0,26.0,97.0,112.0,174.0,198.0,81.0,170.0,635.0,2012.0
104,13121009700,1539.0,33.0,15.0,9.0,23.0,0.0,12.0,9.0,11.0,23.0,60.0,110.0,181.0,133.0,83.0,163.0,674.0,2013.0
105,13121009700,1471.0,37.0,19.0,9.0,0.0,28.0,14.0,9.0,9.0,21.0,45.0,94.0,142.0,117.0,109.0,184.0,634.0,2014.0
106,13121009700,1400.0,42.0,16.0,40.0,0.0,24.0,17.0,45.0,17.0,26.0,35.0,54.0,104.0,104.0,79.0,182.0,615.0,2015.0
107,13121009700,1344.0,40.0,18.0,53.0,0.0,25.0,18.0,52.0,9.0,27.0,46.0,41.0,79.0,126.0,56.0,141.0,613.0,2016.0
108,13121009700,1351.0,52.0,19.0,54.0,0.0,18.0,31.0,45.0,7.0,24.0,17.0,21.0,52.0,168.0,41.0,126.0,676.0,2017.0
109,13121007100,907.0,217.0,145.0,91.0,82.0,134.0,0.0,42.0,48.0,23.0,67.0,27.0,26.0,0.0,0.0,0.0,5.0,2012.0
110,13121007100,755.0,139.0,113.0,122.0,63.0,54.0,87.0,15.0,39.0,17.0,38.0,5.0,43.0,16.0,0.0,0.0,4.0,2013.0
111,13121007100,707.0,126.0,99.0,141.0,43.0,82.0,30.0,26.0,39.0,4.0,46.0,5.0,42.0,16.0,0.0,0.0,8.0,2014.0
112,13121007100,711.0,117.0,97.0,124.0,71.0,48.0,33.0,39.0,57.0,4.0,38.0,4.0,34.0,33.0,0.0,6.0,6.0,2015.0
113,13121007100,756.0,117.0,90.0,132.0,120.0,18.0,30.0,53.0,60.0,5.0,26.0,16.0,24.0,51.0,0.0,7.0,7.0,2016.0
114,13121007100,782.0,122.0,58.0,114.0,118.0,18.0,43.0,32.0,69.0,16.0,31.0,37.0,35.0,85.0,0.0,4.0,0.0,2017.0
115,13121006200,354.0,49.0,31.0,25.0,37.0,35.0,60.0,5.0,0.0,27.0,0.0,54.0,20.0,8.0,0.0,0.0,3.0,2012.0
116,13121006200,438.0,49.0,56.0,96.0,56.0,15.0,50.0,14.0,0.0,29.0,11.0,26.0,16.0,17.0,0.0,0.0,3.0,2013.0
117,13121006200,439.0,65.0,58.0,61.0,36.0,31.0,48.0,4.0,5.0,21.0,33.0,5.0,24.0,45.0,0.0,0.0,3.0,2014.0
118,13121006200,459.0,53.0,64.0,74.0,55.0,28.0,6.0,8.0,14.0,22.0,20.0,5.0,36.0,69.0,0.0,0.0,5.0,2015.0
119,13121006200,467.0,46.0,42.0,94.0,53.0,23.0,21.0,10.0,17.0,17.0,30.0,4.0,43.0,61.0,0.0,6.0,0.0,2016.0
120,13121006200,512.0,65.0,38.0,109.0,33.0,27.0,29.0,11.0,20.0,26.0,31.0,5.0,36.0,77.0,0.0,5.0,0.0,2017.0
121,13121001100,2620.0,250.0,105.0,96.0,83.0,23.0,128.0,61.0,88.0,70.0,174.0,327.0,364.0,266.0,61.0,199.0,325.0,2012.0
122,13121001100,2569.0,250.0,152.0,63.0,68.0,38.0,113.0,46.0,94.0,148.0,139.0,212.0,417.0,233.0,104.0,141.0,351.0,2013.0
123,13121001100,2826.0,274.0,145.0,84.0,69.0,70.0,116.0,57.0,95.0,151.0,134.0,279.0,392.0,233.0,174.0,175.0,378.0,2014.0
124,13121001100,3012.0,204.0,98.0,55.0,95.0,79.0,72.0,51.0,83.0,126.0,180.0,180.0,508.0,296.0,233.0,261.0,491.0,2015.0
125,13121001100,2956.0,119.0,155.0,73.0,78.0,65.0,31.0,50.0,55.0,81.0,242.0,192.0,473.0,324.0,270.0,234.0,514.0,2016.0
126,13121001100,2949.0,153.0,136.0,58.0,50.0,91.0,22.0,48.0,41.0,37.0,249.0,207.0,393.0,304.0,309.0,236.0,615.0,2017.0
127,13121002500,848.0,231.0,102.0,60.0,56.0,36.0,124.0,63.0,41.0,18.0,30.0,48.0,31.0,8.0,0.0,0.0,0.0,2012.0
128,13121002500,846.0,177.0,147.0,101.0,90.0,26.0,61.0,66.0,42.0,16.0,38.0,50.0,25.0,7.0,0.0,0.0,0.0,2013.0
129,13121002500,803.0,124.0,140.0,98.0,107.0,51.0,58.0,43.0,20.0,27.0,29.0,57.0,18.0,12.0,19.0,0.0,0.0,2014.0
130,13121002500,896.0,135.0,89.0,134.0,115.0,70.0,50.0,48.0,42.0,38.0,34.0,68.0,20.0,33.0,20.0,0.0,0.0,2015.0
131,13121002500,931.0,160.0,116.0,109.0,116.0,79.0,55.0,48.0,53.0,24.0,60.0,39.0,21.0,30.0,21.0,0.0,0.0,2016.0
132,13121002500,955.0,156.0,82.0,104.0,121.0,79.0,67.0,43.0,78.0,14.0,70.0,72.0,12.0,36.0,18.0,0.0,3.0,2017.0
133,13121004200,1223.0,414.0,102.0,108.0,89.0,76.0,50.0,21.0,17.0,39.0,99.0,76.0,51.0,18.0,19.0,23.0,21.0,2012.0
134,13121004200,1324.0,395.0,142.0,171.0,95.0,71.0,70.0,0.0,25.0,61.0,57.0,63.0,77.0,39.0,16.0,20.0,22.0,2013.0
135,13121004200,1319.0,450.0,144.0,81.0,98.0,70.0,112.0,0.0,8.0,58.0,71.0,86.0,67.0,21.0,14.0,4.0,35.0,2014.0
136,13121004200,1312.0,383.0,182.0,105.0,82.0,48.0,127.0,0.0,46.0,42.0,75.0,95.0,82.0,34.0,5.0,6.0,0.0,2015.0
137,13121004200,1472.0,447.0,234.0,99.0,113.0,25.0,128.0,0.0,58.0,56.0,78.0,101.0,87.0,42.0,4.0,0.0,0.0,2016.0
138,13121004200,1433.0,402.0,233.0,125.0,102.0,42.0,125.0,0.0,55.0,40.0,70.0,119.0,71.0,26.0,8.0,0.0,15.0,2017.0
139,13121009101,2715.0,255.0,21.0,119.0,39.0,118.0,100.0,150.0,139.0,127.0,178.0,256.0,408.0,116.0,216.0,212.0,261.0,2012.0
140,13121009101,2641.0,259.0,13.0,67.0,40.0,157.0,82.0,99.0,88.0,94.0,215.0,269.0,533.0,80.0,183.0,224.0,238.0,2013.0
141,13121009101,2768.0,246.0,64.0,69.0,0.0,137.0,176.0,110.0,91.0,76.0,215.0,321.0,544.0,121.0,177.0,213.0,208.0,2014.0
142,13121009101,2714.0,186.0,118.0,76.0,12.0,127.0,143.0,104.0,31.0,71.0,235.0,379.0,504.0,195.0,126.0,188.0,219.0,2015.0
143,13121009101,2776.0,109.0,100.0,95.0,37.0,116.0,102.0,77.0,48.0,29.0,274.0,442.0,507.0,230.0,170.0,135.0,305.0,2016.0
144,13121009101,2826.0,124.0,105.0,93.0,31.0,47.0,43.0,82.0,79.0,39.0,169.0,540.0,557.0,185.0,191.0,205.0,336.0,2017.0
145,13121008904,2371.0,72.0,52.0,106.0,123.0,123.0,54.0,165.0,90.0,28.0,306.0,265.0,356.0,165.0,98.0,103.0,265.0,2012.0
146,13121008904,2379.0,113.0,65.0,166.0,85.0,105.0,56.0,157.0,64.0,33.0,195.0,217.0,414.0,265.0,94.0,83.0,267.0,2013.0
147,13121008904,2349.0,102.0,93.0,177.0,74.0,95.0,108.0,147.0,35.0,49.0,141.0,232.0,334.0,283.0,79.0,145.0,255.0,2014.0
148,13121008904,2380.0,110.0,99.0,118.0,67.0,114.0,109.0,119.0,76.0,38.0,159.0,204.0,340.0,254.0,139.0,208.0,226.0,2015.0
149,13121008904,2512.0,114.0,71.0,102.0,39.0,115.0,65.0,144.0,85.0,135.0,166.0,160.0,283.0,298.0,182.0,301.0,252.0,2016.0
150,13121008904,2615.0,111.0,74.0,102.0,41.0,54.0,112.0,97.0,160.0,117.0,189.0,184.0,260.0,351.0,178.0,326.0,259.0,2017.0
151,13121003700,0.0,0.0,0.0,0.0,0.0,0.0,0.0,0.0,0.0,0.0,0.0,0.0,0.0,0.0,0.0,0.0,0.0,2012.0
152,13121003700,0.0,0.0,0.0,0.0,0.0,0.0,0.0,0.0,0.0,0.0,0.0,0.0,0.0,0.0,0.0,0.0,0.0,2013.0
153,13121003700,30.0,0.0,30.0,0.0,0.0,0.0,0.0,0.0,0.0,0.0,0.0,0.0,0.0,0.0,0.0,0.0,0.0,2014.0
154,13121003700,54.0,0.0,40.0,0.0,14.0,0.0,0.0,0.0,0.0,0.0,0.0,0.0,0.0,0.0,0.0,0.0,0.0,2015.0
155,13121003700,95.0,0.0,40.0,0.0,14.0,0.0,27.0,0.0,14.0,0.0,0.0,0.0,0.0,0.0,0.0,0.0,0.0,2016.0
156,13121003700,110.0,14.0,28.0,12.0,14.0,0.0,28.0,0.0,14.0,0.0,0.0,0.0,0.0,0.0,0.0,0.0,0.0,2017.0
157,13121010211,1336.0,22.0,31.0,61.0,32.0,90.0,45.0,53.0,54.0,0.0,53.0,62.0,143.0,59.0,45.0,247.0,339.0,2012.0
158,13121010211,1278.0,13.0,35.0,53.0,72.0,49.0,14.0,50.0,68.0,0.0,79.0,11.0,132.0,61.0,57.0,215.0,369.0,2013.0
159,13121010211,1199.0,0.0,29.0,61.0,79.0,31.0,46.0,59.0,0.0,0.0,79.0,24.0,50.0,109.0,12.0,201.0,419.0,2014.0
160,13121010211,1126.0,21.0,7.0,56.0,71.0,0.0,26.0,26.0,0.0,0.0,96.0,46.0,106.0,84.0,32.0,144.0,411.0,2015.0
161,13121010211,1017.0,19.0,19.0,16.0,51.0,0.0,30.0,25.0,0.0,8.0,76.0,29.0,100.0,91.0,43.0,70.0,440.0,2016.0
162,13121010211,997.0,18.0,21.0,19.0,53.0,0.0,29.0,35.0,7.0,7.0,59.0,36.0,97.0,67.0,72.0,35.0,442.0,2017.0
163,13121012000,1186.0,414.0,106.0,135.0,54.0,64.0,63.0,28.0,50.0,44.0,56.0,61.0,54.0,10.0,9.0,38.0,0.0,2012.0
164,13121012000,1162.0,482.0,154.0,119.0,31.0,33.0,43.0,25.0,59.0,46.0,42.0,56.0,24.0,10.0,10.0,0.0,28.0,2013.0
165,13121012000,1184.0,494.0,144.0,99.0,45.0,66.0,34.0,42.0,58.0,46.0,34.0,59.0,28.0,9.0,9.0,0.0,17.0,2014.0
166,13121012000,1199.0,401.0,142.0,120.0,26.0,75.0,70.0,49.0,89.0,48.0,45.0,67.0,19.0,0.0,14.0,0.0,34.0,2015.0
167,13121012000,1213.0,333.0,145.0,132.0,32.0,35.0,102.0,97.0,98.0,87.0,26.0,51.0,14.0,0.0,15.0,14.0,32.0,2016.0
168,13121012000,1259.0,266.0,168.0,102.0,66.0,42.0,108.0,127.0,104.0,68.0,40.0,50.0,49.0,0.0,11.0,18.0,40.0,2017.0
169,13121009000,1673.0,70.0,29.0,16.0,43.0,79.0,19.0,52.0,44.0,73.0,38.0,107.0,157.0,151.0,114.0,232.0,449.0,2012.0
170,13121009000,1700.0,73.0,0.0,21.0,61.0,66.0,18.0,27.0,31.0,83.0,109.0,103.0,192.0,214.0,90.0,205.0,407.0,2013.0
171,13121009000,1842.0,70.0,11.0,26.0,57.0,30.0,60.0,40.0,33.0,131.0,103.0,144.0,134.0,276.0,70.0,243.0,414.0,2014.0
172,13121009000,1932.0,97.0,18.0,17.0,54.0,28.0,53.0,59.0,55.0,89.0,127.0,133.0,196.0,321.0,35.0,202.0,448.0,2015.0
173,13121009000,2004.0,68.0,23.0,18.0,40.0,19.0,41.0,50.0,28.0,49.0,179.0,181.0,224.0,317.0,55.0,177.0,535.0,2016.0
174,13121009000,2092.0,40.0,25.0,19.0,54.0,37.0,37.0,80.0,54.0,42.0,172.0,222.0,241.0,254.0,84.0,176.0,555.0,2017.0
175,13121007002,853.0,272.0,52.0,61.0,81.0,92.0,65.0,69.0,30.0,16.0,57.0,25.0,11.0,16.0,6.0,0.0,0.0,2012.0
176,13121007002,831.0,257.0,88.0,72.0,40.0,77.0,66.0,28.0,28.0,38.0,71.0,0.0,10.0,30.0,5.0,21.0,0.0,2013.0
177,13121007002,841.0,190.0,92.0,79.0,46.0,97.0,106.0,0.0,27.0,32.0,74.0,0.0,10.0,47.0,0.0,41.0,0.0,2014.0
178,13121007002,815.0,160.0,101.0,72.0,41.0,63.0,80.0,25.0,54.0,24.0,97.0,24.0,16.0,16.0,0.0,42.0,0.0,2015.0
179,13121007002,847.0,122.0,97.0,111.0,15.0,41.0,58.0,19.0,39.0,107.0,73.0,10.0,48.0,63.0,13.0,31.0,0.0,2016.0
180,13121007002,988.0,126.0,121.0,123.0,37.0,31.0,66.0,52.0,31.0,110.0,101.0,48.0,41.0,47.0,11.0,34.0,9.0,2017.0
181,13121009900,1948.0,21.0,19.0,52.0,54.0,26.0,52.0,72.0,100.0,32.0,68.0,52.0,239.0,248.0,90.0,187.0,636.0,2012.0
182,13121009900,2011.0,33.0,50.0,46.0,61.0,49.0,47.0,100.0,91.0,52.0,61.0,38.0,243.0,219.0,92.0,106.0,723.0,2013.0
183,13121009900,1972.0,35.0,28.0,40.0,71.0,42.0,62.0,64.0,85.0,72.0,127.0,51.0,213.0,170.0,81.0,113.0,718.0,2014.0
184,13121009900,2148.0,44.0,30.0,45.0,27.0,70.0,67.0,81.0,110.0,74.0,125.0,67.0,211.0,169.0,146.0,151.0,731.0,2015.0
185,13121009900,2106.0,47.0,22.0,56.0,0.0,56.0,62.0,107.0,98.0,70.0,134.0,48.0,157.0,156.0,127.0,191.0,775.0,2016.0
186,13121009900,2158.0,36.0,65.0,33.0,0.0,37.0,49.0,73.0,64.0,85.0,123.0,101.0,243.0,174.0,166.0,171.0,738.0,2017.0
187,13121010303,3260.0,109.0,129.0,114.0,97.0,122.0,125.0,192.0,177.0,60.0,216.0,295.0,534.0,251.0,432.0,245.0,162.0,2012.0
188,13121010303,3352.0,202.0,155.0,147.0,118.0,105.0,132.0,241.0,164.0,40.0,233.0,250.0,601.0,286.0,283.0,240.0,155.0,2013.0
189,13121010303,3542.0,203.0,152.0,95.0,115.0,120.0,223.0,306.0,167.0,99.0,192.0,200.0,598.0,234.0,322.0,316.0,200.0,2014.0
190,13121010303,3462.0,212.0,178.0,70.0,63.0,95.0,241.0,290.0,263.0,64.0,305.0,236.0,408.0,241.0,264.0,282.0,250.0,2015.0
191,13121010303,3709.0,256.0,147.0,91.0,49.0,94.0,267.0,242.0,279.0,147.0,232.0,316.0,543.0,259.0,247.0,370.0,170.0,2016.0
192,13121010303,3974.0,264.0,127.0,79.0,63.0,93.0,254.0,301.0,244.0,122.0,352.0,504.0,445.0,287.0,265.0,266.0,308.0,2017.0
193,13121001700,1343.0,288.0,186.0,96.0,16.0,72.0,49.0,23.0,8.0,19.0,99.0,78.0,111.0,143.0,40.0,76.0,39.0,2012.0
194,13121001700,1629.0,351.0,209.0,69.0,28.0,79.0,94.0,2.0,43.0,25.0,72.0,131.0,179.0,112.0,92.0,70.0,73.0,2013.0
195,13121001700,1721.0,416.0,115.0,79.0,38.0,66.0,143.0,34.0,50.0,25.0,167.0,129.0,217.0,69.0,65.0,75.0,33.0,2014.0
196,13121001700,1908.0,373.0,83.0,79.0,38.0,112.0,106.0,55.0,86.0,50.0,200.0,180.0,218.0,98.0,76.0,111.0,43.0,2015.0
197,13121001700,2119.0,275.0,39.0,94.0,60.0,110.0,83.0,95.0,93.0,61.0,284.0,197.0,221.0,136.0,72.0,146.0,153.0,2016.0
198,13121001700,2260.0,200.0,108.0,59.0,62.0,112.0,67.0,96.0,61.0,67.0,297.0,175.0,266.0,184.0,171.0,131.0,204.0,2017.0
199,13121000600,2049.0,392.0,129.0,58.0,79.0,103.0,100.0,29.0,213.0,65.0,143.0,206.0,93.0,128.0,121.0,66.0,124.0,2012.0
200,13121000600,2109.0,394.0,98.0,51.0,57.0,100.0,99.0,48.0,299.0,47.0,182.0,207.0,127.0,108.0,136.0,113.0,43.0,2013.0
201,13121000600,2179.0,408.0,58.0,50.0,48.0,153.0,85.0,36.0,288.0,77.0,167.0,218.0,175.0,107.0,94.0,185.0,30.0,2014.0
202,13121000600,2132.0,527.0,60.0,69.0,45.0,114.0,85.0,58.0,263.0,102.0,107.0,237.0,112.0,163.0,53.0,137.0,0.0,2015.0
203,13121000600,2106.0,394.0,78.0,73.0,103.0,79.0,103.0,65.0,178.0,111.0,187.0,193.0,184.0,186.0,51.0,121.0,0.0,2016.0
204,13121000600,2383.0,358.0,108.0,96.0,72.0,112.0,78.0,108.0,136.0,89.0,239.0,259.0,208.0,198.0,49.0,183.0,90.0,2017.0
205,13121000200,2711.0,60.0,71.0,74.0,57.0,189.0,120.0,28.0,29.0,96.0,120.0,236.0,424.0,205.0,150.0,298.0,554.0,2012.0
206,13121000200,2779.0,68.0,72.0,68.0,95.0,98.0,97.0,24.0,37.0,118.0,147.0,242.0,336.0,295.0,114.0,372.0,596.0,2013.0
207,13121000200,2754.0,56.0,85.0,67.0,124.0,43.0,24.0,75.0,39.0,107.0,176.0,214.0,345.0,305.0,141.0,396.0,557.0,2014.0
208,13121000200,2925.0,10.0,79.0,48.0,109.0,34.0,52.0,91.0,38.0,90.0,240.0,219.0,419.0,326.0,110.0,387.0,673.0,2015.0
209,13121000200,2897.0,32.0,78.0,29.0,56.0,76.0,94.0,92.0,40.0,73.0,257.0,173.0,288.0,374.0,121.0,327.0,787.0,2016.0
210,13121000200,2777.0,32.0,56.0,26.0,24.0,70.0,94.0,52.0,68.0,12.0,330.0,157.0,248.0,304.0,67.0,381.0,856.0,2017.0
211,13121000400,998.0,22.0,10.0,0.0,85.0,0.0,7.0,0.0,19.0,74.0,51.0,149.0,43.0,134.0,92.0,157.0,155.0,2012.0
212,13121000400,948.0,16.0,17.0,0.0,70.0,0.0,21.0,21.0,19.0,55.0,16.0,119.0,91.0,104.0,119.0,108.0,172.0,2013.0
213,13121000400,874.0,22.0,10.0,0.0,16.0,0.0,26.0,37.0,8.0,67.0,52.0,118.0,97.0,107.0,97.0,40.0,177.0,2014.0
214,13121000400,813.0,16.0,6.0,10.0,14.0,0.0,25.0,71.0,18.0,35.0,62.0,63.0,86.0,104.0,103.0,42.0,158.0,2015.0
215,13121000400,865.0,16.0,6.0,34.0,15.0,0.0,32.0,73.0,26.0,25.0,62.0,81.0,70.0,97.0,53.0,72.0,203.0,2016.0
216,13121000400,934.0,29.0,7.0,34.0,12.0,14.0,31.0,65.0,25.0,11.0,24.0,122.0,119.0,73.0,54.0,102.0,212.0,2017.0
217,13121000100,1848.0,45.0,47.0,62.0,25.0,22.0,129.0,25.0,0.0,36.0,106.0,133.0,110.0,211.0,109.0,145.0,643.0,2012.0
218,13121000100,1877.0,60.0,34.0,65.0,39.0,6.0,136.0,0.0,8.0,17.0,137.0,158.0,129.0,140.0,135.0,138.0,675.0,2013.0
219,13121000100,1807.0,68.0,31.0,56.0,34.0,5.0,44.0,56.0,19.0,25.0,94.0,147.0,157.0,134.0,179.0,132.0,626.0,2014.0
220,13121000100,1847.0,68.0,10.0,7.0,30.0,7.0,50.0,65.0,23.0,43.0,137.0,73.0,173.0,106.0,189.0,208.0,658.0,2015.0
221,13121000100,1856.0,69.0,9.0,5.0,32.0,7.0,46.0,41.0,42.0,41.0,123.0,99.0,179.0,154.0,141.0,239.0,629.0,2016.0
222,13121000100,1969.0,10.0,21.0,6.0,22.0,0.0,51.0,10.0,57.0,25.0,109.0,92.0,219.0,179.0,189.0,217.0,762.0,2017.0
223,13121010206,1905.0,100.0,9.0,0.0,44.0,0.0,8.0,87.0,8.0,39.0,49.0,115.0,140.0,173.0,81.0,202.0,850.0,2012.0
224,13121010206,1979.0,94.0,8.0,0.0,7.0,10.0,38.0,72.0,14.0,40.0,90.0,120.0,153.0,197.0,110.0,179.0,847.0,2013.0
225,13121010206,2014.0,86.0,0.0,15.0,0.0,9.0,33.0,73.0,17.0,42.0,85.0,113.0,119.0,181.0,184.0,183.0,874.0,2014.0
226,13121010206,2116.0,60.0,0.0,14.0,16.0,9.0,53.0,67.0,72.0,42.0,95.0,85.0,131.0,146.0,184.0,186.0,956.0,2015.0
227,13121010206,2228.0,33.0,7.0,7.0,14.0,16.0,22.0,90.0,77.0,46.0,61.0,81.0,132.0,187.0,185.0,217.0,1053.0,2016.0
228,13121010206,2328.0,48.0,7.0,0.0,8.0,26.0,23.0,41.0,63.0,75.0,65.0,76.0,180.0,177.0,240.0,209.0,1090.0,2017.0
229,13121006602,410.0,173.0,69.0,9.0,5.0,55.0,38.0,10.0,3.0,29.0,15.0,0.0,4.0,0.0,0.0,0.0,0.0,2012.0
230,13121006602,367.0,124.0,97.0,11.0,27.0,40.0,28.0,13.0,2.0,6.0,6.0,3.0,10.0,0.0,0.0,0.0,0.0,2013.0
231,13121006602,401.0,121.0,98.0,31.0,48.0,15.0,30.0,15.0,0.0,9.0,7.0,8.0,19.0,0.0,0.0,0.0,0.0,2014.0
232,13121006602,421.0,102.0,93.0,50.0,51.0,14.0,16.0,27.0,0.0,13.0,7.0,11.0,23.0,4.0,10.0,0.0,0.0,2015.0
233,13121006602,436.0,107.0,93.0,42.0,52.0,12.0,30.0,26.0,0.0,10.0,11.0,12.0,27.0,6.0,8.0,0.0,0.0,2016.0
234,13121006602,441.0,90.0,85.0,44.0,43.0,46.0,25.0,23.0,27.0,3.0,4.0,12.0,22.0,9.0,7.0,1.0,0.0,2017.0
235,13121002900,1085.0,136.0,19.0,53.0,26.0,18.0,9.0,30.0,113.0,45.0,89.0,166.0,164.0,78.0,27.0,75.0,37.0,2012.0
236,13121002900,1179.0,87.0,25.0,117.0,0.0,42.0,0.0,44.0,69.0,38.0,151.0,116.0,224.0,106.0,53.0,74.0,33.0,2013.0
237,13121002900,1340.0,103.0,30.0,75.0,55.0,34.0,18.0,6.0,122.0,67.0,148.0,138.0,285.0,79.0,58.0,96.0,26.0,2014.0
238,13121002900,1323.0,126.0,34.0,48.0,20.0,43.0,39.0,2.0,110.0,54.0,191.0,141.0,232.0,99.0,54.0,73.0,57.0,2015.0
239,13121002900,1247.0,93.0,50.0,36.0,11.0,49.0,38.0,18.0,118.0,16.0,193.0,106.0,154.0,146.0,70.0,48.0,101.0,2016.0
240,13121002900,1266.0,73.0,38.0,62.0,10.0,45.0,53.0,38.0,56.0,28.0,192.0,143.0,156.0,136.0,93.0,38.0,105.0,2017.0
241,13121007705,1981.0,309.0,233.0,306.0,180.0,95.0,167.0,193.0,26.0,37.0,106.0,148.0,122.0,9.0,23.0,8.0,19.0,2012.0
242,13121007705,1934.0,347.0,324.0,252.0,188.0,107.0,109.0,56.0,155.0,28.0,78.0,109.0,105.0,7.0,21.0,9.0,39.0,2013.0
243,13121007705,1960.0,443.0,327.0,241.0,136.0,135.0,73.0,39.0,161.0,0.0,74.0,119.0,111.0,30.0,32.0,8.0,31.0,2014.0
244,13121007705,1926.0,334.0,300.0,237.0,242.0,163.0,60.0,48.0,154.0,24.0,62.0,123.0,69.0,60.0,33.0,11.0,6.0,2015.0
245,13121007705,1871.0,338.0,303.0,257.0,215.0,133.0,56.0,48.0,53.0,31.0,66.0,144.0,129.0,40.0,42.0,16.0,0.0,2016.0
246,13121007705,1772.0,327.0,277.0,199.0,188.0,153.0,58.0,76.0,78.0,52.0,56.0,101.0,102.0,75.0,17.0,7.0,6.0,2017.0
247,13121009603,2023.0,242.0,125.0,81.0,13.0,54.0,158.0,54.0,94.0,142.0,120.0,189.0,211.0,134.0,57.0,115.0,234.0,2012.0
248,13121009603,2068.0,240.0,85.0,76.0,13.0,34.0,218.0,45.0,96.0,138.0,93.0,287.0,205.0,163.0,30.0,117.0,228.0,2013.0
249,13121009603,2146.0,269.0,123.0,27.0,26.0,91.0,120.0,71.0,139.0,112.0,37.0,326.0,178.0,87.0,75.0,116.0,349.0,2014.0
250,13121009603,2294.0,232.0,109.0,46.0,33.0,98.0,102.0,106.0,95.0,109.0,107.0,366.0,197.0,103.0,91.0,109.0,391.0,2015.0
251,13121009603,2631.0,231.0,135.0,103.0,37.0,81.0,105.0,141.0,69.0,101.0,152.0,297.0,273.0,106.0,150.0,207.0,443.0,2016.0
252,13121009603,2691.0,174.0,97.0,29.0,98.0,130.0,104.0,115.0,73.0,51.0,177.0,275.0,341.0,153.0,182.0,137.0,555.0,2017.0
253,13121009601,1264.0,87.0,60.0,0.0,14.0,13.0,55.0,51.0,15.0,11.0,128.0,129.0,131.0,145.0,99.0,80.0,246.0,2012.0
254,13121009601,1268.0,83.0,33.0,25.0,11.0,68.0,56.0,48.0,14.0,31.0,123.0,101.0,138.0,225.0,45.0,82.0,185.0,2013.0
255,13121009601,1330.0,63.0,6.0,5.0,13.0,60.0,48.0,59.0,57.0,11.0,131.0,83.0,207.0,138.0,143.0,101.0,205.0,2014.0
256,13121009601,1279.0,35.0,14.0,10.0,22.0,64.0,42.0,96.0,45.0,27.0,111.0,77.0,174.0,143.0,106.0,107.0,206.0,2015.0
257,13121009601,1349.0,47.0,21.0,12.0,21.0,64.0,14.0,102.0,47.0,27.0,93.0,133.0,166.0,199.0,62.0,130.0,211.0,2016.0
258,13121009601,1388.0,44.0,20.0,10.0,8.0,49.0,2.0,75.0,68.0,27.0,128.0,156.0,124.0,250.0,91.0,111.0,225.0,2017.0
259,13121009801,1745.0,123.0,39.0,60.0,46.0,70.0,48.0,40.0,23.0,47.0,39.0,70.0,47.0,283.0,55.0,256.0,499.0,2012.0
260,13121009801,1792.0,121.0,57.0,61.0,49.0,33.0,27.0,31.0,48.0,92.0,27.0,78.0,70.0,146.0,86.0,286.0,580.0,2013.0
261,13121009801,1782.0,122.0,52.0,92.0,63.0,11.0,28.0,27.0,45.0,43.0,28.0,82.0,113.0,152.0,76.0,244.0,604.0,2014.0
262,13121009801,1900.0,148.0,82.0,85.0,51.0,21.0,21.0,40.0,65.0,46.0,63.0,111.0,102.0,104.0,90.0,214.0,657.0,2015.0
263,13121009801,1939.0,101.0,51.0,111.0,78.0,37.0,19.0,45.0,53.0,39.0,92.0,102.0,147.0,114.0,57.0,211.0,682.0,2016.0
264,13121009801,1962.0,88.0,79.0,102.0,60.0,28.0,22.0,52.0,38.0,35.0,122.0,112.0,198.0,113.0,77.0,149.0,687.0,2017.0
265,13121011900,1120.0,260.0,92.0,41.0,70.0,60.0,101.0,55.0,0.0,18.0,107.0,87.0,162.0,18.0,0.0,0.0,49.0,2012.0
266,13121011900,1417.0,322.0,213.0,101.0,102.0,85.0,99.0,55.0,0.0,19.0,144.0,98.0,108.0,27.0,9.0,0.0,35.0,2013.0
267,13121011900,1548.0,367.0,198.0,125.0,106.0,73.0,102.0,70.0,50.0,55.0,116.0,106.0,120.0,34.0,11.0,7.0,8.0,2014.0
268,13121011900,1720.0,393.0,179.0,138.0,121.0,62.0,84.0,89.0,85.0,96.0,105.0,134.0,154.0,32.0,26.0,6.0,16.0,2015.0
269,13121011900,1777.0,452.0,204.0,174.0,81.0,68.0,38.0,101.0,107.0,92.0,114.0,152.0,91.0,40.0,25.0,13.0,25.0,2016.0
270,13121011900,1842.0,457.0,225.0,118.0,95.0,97.0,67.0,73.0,102.0,124.0,94.0,165.0,106.0,64.0,20.0,13.0,22.0,2017.0
271,13121001202,2475.0,115.0,52.0,109.0,71.0,77.0,145.0,89.0,118.0,19.0,235.0,461.0,304.0,275.0,60.0,135.0,210.0,2012.0
272,13121001202,2549.0,104.0,88.0,129.0,88.0,72.0,128.0,85.0,84.0,20.0,256.0,486.0,411.0,186.0,62.0,152.0,198.0,2013.0
273,13121001202,2623.0,102.0,65.0,97.0,54.0,108.0,109.0,51.0,158.0,98.0,168.0,515.0,433.0,195.0,88.0,140.0,242.0,2014.0
274,13121001202,2771.0,157.0,55.0,78.0,38.0,144.0,60.0,46.0,107.0,177.0,187.0,449.0,527.0,199.0,124.0,156.0,267.0,2015.0
275,13121001202,2927.0,175.0,38.0,16.0,76.0,101.0,50.0,63.0,78.0,172.0,208.0,479.0,519.0,238.0,208.0,210.0,296.0,2016.0
276,13121001202,2945.0,155.0,33.0,15.0,77.0,94.0,63.0,55.0,28.0,227.0,185.0,427.0,530.0,227.0,240.0,252.0,337.0,2017.0
277,13121009102,1982.0,203.0,51.0,94.0,125.0,104.0,43.0,155.0,122.0,4.0,131.0,153.0,137.0,207.0,67.0,115.0,271.0,2012.0
278,13121009102,2021.0,241.0,43.0,52.0,101.0,159.0,122.0,192.0,118.0,8.0,81.0,101.0,154.0,201.0,97.0,110.0,241.0,2013.0
279,13121009102,1904.0,247.0,45.0,0.0,61.0,238.0,94.0,160.0,51.0,10.0,63.0,154.0,104.0,208.0,115.0,95.0,259.0,2014.0
280,13121009102,1867.0,306.0,47.0,63.0,52.0,167.0,63.0,169.0,103.0,0.0,51.0,90.0,40.0,196.0,108.0,86.0,326.0,2015.0
281,13121009102,1816.0,243.0,30.0,61.0,80.0,146.0,116.0,123.0,66.0,14.0,61.0,86.0,84.0,226.0,80.0,54.0,346.0,2016.0
282,13121009102,1755.0,189.0,71.0,61.0,73.0,147.0,128.0,43.0,72.0,16.0,113.0,96.0,68.0,174.0,97.0,62.0,345.0,2017.0
283,13089020802,1676.0,229.0,206.0,55.0,92.0,30.0,97.0,99.0,71.0,30.0,99.0,167.0,132.0,163.0,115.0,24.0,67.0,2012.0
284,13089020802,1634.0,204.0,188.0,60.0,74.0,74.0,84.0,122.0,76.0,29.0,99.0,117.0,124.0,120.0,125.0,48.0,90.0,2013.0
285,13089020802,1623.0,208.0,119.0,87.0,29.0,74.0,70.0,90.0,92.0,44.0,120.0,136.0,144.0,115.0,87.0,73.0,135.0,2014.0
286,13089020802,1640.0,180.0,133.0,101.0,74.0,79.0,36.0,100.0,46.0,64.0,117.0,140.0,129.0,112.0,93.0,94.0,142.0,2015.0
287,13089020802,1700.0,156.0,155.0,96.0,58.0,114.0,30.0,75.0,26.0,84.0,90.0,146.0,146.0,103.0,110.0,146.0,165.0,2016.0
288,13089020802,1783.0,180.0,183.0,102.0,80.0,124.0,25.0,36.0,35.0,67.0,72.0,83.0,215.0,99.0,95.0,184.0,203.0,2017.0
289,13121001201,2403.0,262.0,98.0,125.0,101.0,93.0,75.0,104.0,137.0,50.0,309.0,190.0,297.0,182.0,120.0,103.0,157.0,2012.0
290,13121001201,2428.0,279.0,135.0,116.0,37.0,140.0,119.0,97.0,147.0,64.0,299.0,177.0,309.0,170.0,84.0,126.0,129.0,2013.0
291,13121001201,2443.0,271.0,115.0,108.0,52.0,99.0,96.0,44.0,154.0,116.0,348.0,138.0,371.0,180.0,104.0,188.0,59.0,2014.0
292,13121001201,2534.0,276.0,114.0,76.0,64.0,139.0,96.0,55.0,75.0,106.0,274.0,218.0,276.0,233.0,158.0,234.0,140.0,2015.0
293,13121001201,2552.0,243.0,74.0,88.0,120.0,160.0,133.0,97.0,28.0,197.0,198.0,147.0,330.0,225.0,153.0,188.0,171.0,2016.0
294,13121001201,2680.0,342.0,31.0,106.0,145.0,114.0,126.0,80.0,31.0,178.0,225.0,144.0,302.0,214.0,231.0,187.0,224.0,2017.0
295,13121001001,786.0,59.0,39.0,0.0,18.0,28.0,37.0,79.0,41.0,21.0,42.0,61.0,94.0,60.0,76.0,87.0,44.0,2012.0
296,13121001001,697.0,64.0,34.0,0.0,18.0,33.0,40.0,33.0,29.0,26.0,48.0,76.0,77.0,33.0,61.0,51.0,74.0,2013.0
297,13121001001,734.0,60.0,33.0,7.0,37.0,35.0,19.0,33.0,20.0,18.0,65.0,73.0,91.0,63.0,43.0,26.0,111.0,2014.0
298,13121001001,770.0,59.0,30.0,5.0,41.0,41.0,22.0,8.0,0.0,23.0,74.0,79.0,92.0,95.0,36.0,43.0,122.0,2015.0
299,13121001001,782.0,70.0,23.0,31.0,35.0,29.0,20.0,7.0,0.0,29.0,73.0,72.0,104.0,92.0,41.0,52.0,104.0,2016.0
300,13121001001,818.0,51.0,30.0,26.0,43.0,28.0,23.0,11.0,4.0,26.0,70.0,76.0,110.0,111.0,57.0,57.0,95.0,2017.0
301,13121008903,860.0,93.0,65.0,48.0,42.0,0.0,80.0,5.0,0.0,5.0,99.0,90.0,165.0,58.0,75.0,35.0,0.0,2012.0
302,13121008903,788.0,22.0,34.0,55.0,50.0,21.0,33.0,5.0,7.0,33.0,117.0,106.0,128.0,54.0,72.0,51.0,0.0,2013.0
303,13121008903,650.0,13.0,5.0,38.0,8.0,73.0,23.0,6.0,7.0,36.0,56.0,125.0,130.0,47.0,38.0,30.0,15.0,2014.0
304,13121008903,640.0,9.0,6.0,32.0,16.0,58.0,32.0,17.0,19.0,37.0,88.0,85.0,89.0,67.0,42.0,28.0,15.0,2015.0
305,13121008903,725.0,4.0,13.0,29.0,14.0,48.0,56.0,16.0,29.0,53.0,54.0,125.0,115.0,53.0,37.0,62.0,17.0,2016.0
306,13121008903,784.0,4.0,14.0,34.0,13.0,42.0,21.0,51.0,23.0,38.0,64.0,170.0,120.0,47.0,42.0,72.0,29.0,2017.0
307,13121004300,487.0,38.0,62.0,5.0,58.0,63.0,36.0,35.0,43.0,0.0,5.0,6.0,59.0,22.0,0.0,22.0,33.0,2012.0
308,13121004300,479.0,43.0,59.0,28.0,62.0,34.0,62.0,28.0,39.0,0.0,6.0,19.0,40.0,20.0,5.0,6.0,28.0,2013.0
309,13121004300,537.0,73.0,63.0,53.0,31.0,46.0,41.0,41.0,44.0,4.0,33.0,18.0,27.0,38.0,5.0,5.0,15.0,2014.0
310,13121004300,599.0,76.0,61.0,87.0,42.0,46.0,54.0,35.0,16.0,5.0,29.0,30.0,18.0,23.0,27.0,6.0,44.0,2015.0
311,13121004300,671.0,115.0,58.0,81.0,72.0,46.0,53.0,40.0,0.0,5.0,28.0,31.0,40.0,17.0,35.0,11.0,39.0,2016.0
312,13121004300,699.0,126.0,62.0,73.0,80.0,27.0,24.0,55.0,0.0,11.0,46.0,32.0,72.0,25.0,33.0,5.0,28.0,2017.0
313,13121007603,2170.0,735.0,307.0,285.0,146.0,90.0,165.0,61.0,30.0,97.0,54.0,99.0,30.0,71.0,0.0,0.0,0.0,2012.0
314,13121007603,2131.0,740.0,359.0,299.0,154.0,48.0,154.0,23.0,12.0,57.0,83.0,111.0,32.0,36.0,23.0,0.0,0.0,2013.0
315,13121007603,2061.0,688.0,415.0,248.0,165.0,85.0,111.0,53.0,12.0,14.0,63.0,86.0,64.0,34.0,23.0,0.0,0.0,2014.0
316,13121007603,2018.0,730.0,456.0,167.0,215.0,63.0,92.0,45.0,9.0,13.0,42.0,43.0,96.0,24.0,23.0,0.0,0.0,2015.0
317,13121007603,2049.0,616.0,520.0,219.0,246.0,55.0,133.0,38.0,9.0,59.0,18.0,43.0,71.0,0.0,22.0,0.0,0.0,2016.0
318,13121007603,2152.0,670.0,534.0,251.0,234.0,83.0,136.0,26.0,0.0,57.0,0.0,58.0,82.0,0.0,21.0,0.0,0.0,2017.0
319,13121007604,1004.0,185.0,143.0,178.0,33.0,75.0,202.0,7.0,13.0,42.0,78.0,28.0,20.0,0.0,0.0,0.0,0.0,2012.0
320,13121007604,920.0,247.0,119.0,184.0,85.0,11.0,111.0,9.0,14.0,40.0,50.0,24.0,17.0,0.0,0.0,9.0,0.0,2013.0
321,13121007604,980.0,249.0,191.0,205.0,76.0,0.0,109.0,73.0,13.0,0.0,11.0,34.0,10.0,0.0,0.0,9.0,0.0,2014.0
322,13121007604,913.0,287.0,187.0,100.0,111.0,0.0,100.0,56.0,0.0,9.0,5.0,41.0,7.0,0.0,0.0,9.0,1.0,2015.0
323,13121007604,928.0,259.0,190.0,104.0,152.0,0.0,102.0,14.0,11.0,9.0,6.0,42.0,15.0,0.0,0.0,9.0,15.0,2016.0
324,13121007604,990.0,227.0,179.0,113.0,165.0,77.0,59.0,7.0,34.0,10.0,9.0,61.0,7.0,0.0,16.0,8.0,18.0,2017.0
325,13121007703,1423.0,117.0,180.0,85.0,35.0,145.0,106.0,40.0,37.0,81.0,173.0,69.0,149.0,10.0,106.0,55.0,35.0,2012.0
326,13121007703,1501.0,158.0,176.0,88.0,44.0,113.0,110.0,107.0,34.0,61.0,208.0,62.0,118.0,25.0,130.0,50.0,17.0,2013.0
327,13121007703,1481.0,111.0,150.0,93.0,71.0,78.0,126.0,95.0,105.0,74.0,194.0,87.0,122.0,57.0,98.0,10.0,10.0,2014.0
328,13121007703,1499.0,95.0,91.0,48.0,61.0,90.0,119.0,155.0,124.0,85.0,226.0,72.0,127.0,74.0,103.0,10.0,19.0,2015.0
329,13121007703,1543.0,156.0,92.0,74.0,65.0,105.0,137.0,141.0,98.0,103.0,170.0,79.0,156.0,90.0,47.0,0.0,30.0,2016.0
330,13121007703,1518.0,148.0,40.0,96.0,99.0,69.0,103.0,161.0,84.0,147.0,134.0,111.0,144.0,91.0,55.0,7.0,29.0,2017.0
331,13121007704,1774.0,271.0,69.0,122.0,57.0,114.0,130.0,73.0,264.0,16.0,119.0,52.0,188.0,122.0,70.0,37.0,70.0,2012.0
332,13121007704,1799.0,307.0,85.0,77.0,88.0,167.0,130.0,85.0,215.0,24.0,153.0,101.0,93.0,131.0,32.0,27.0,84.0,2013.0
333,13121007704,1906.0,301.0,123.0,143.0,46.0,204.0,183.0,63.0,110.0,122.0,168.0,111.0,62.0,100.0,59.0,17.0,94.0,2014.0
334,13121007704,1926.0,314.0,124.0,167.0,49.0,172.0,195.0,73.0,115.0,87.0,114.0,112.0,108.0,100.0,62.0,47.0,87.0,2015.0
335,13121007704,2002.0,293.0,185.0,156.0,71.0,213.0,224.0,30.0,39.0,106.0,119.0,201.0,106.0,90.0,39.0,53.0,77.0,2016.0
336,13121007704,2058.0,253.0,251.0,170.0,106.0,217.0,245.0,58.0,28.0,55.0,163.0,183.0,140.0,73.0,29.0,56.0,31.0,2017.0
337,13121009501,1730.0,117.0,55.0,15.0,39.0,0.0,37.0,35.0,34.0,0.0,33.0,43.0,135.0,258.0,168.0,152.0,609.0,2012.0
338,13121009501,1648.0,26.0,46.0,18.0,35.0,20.0,53.0,24.0,25.0,11.0,59.0,28.0,145.0,226.0,172.0,149.0,611.0,2013.0
339,13121009501,1678.0,34.0,42.0,24.0,19.0,59.0,46.0,28.0,67.0,26.0,78.0,34.0,135.0,165.0,163.0,181.0,577.0,2014.0
340,13121009501,1641.0,19.0,36.0,34.0,7.0,39.0,28.0,23.0,49.0,59.0,83.0,61.0,80.0,123.0,168.0,161.0,671.0,2015.0
341,13121009501,1674.0,58.0,7.0,34.0,0.0,77.0,41.0,25.0,73.0,85.0,98.0,95.0,108.0,82.0,115.0,142.0,634.0,2016.0
342,13121009501,1651.0,61.0,9.0,35.0,0.0,69.0,17.0,25.0,59.0,76.0,110.0,101.0,95.0,94.0,76.0,125.0,699.0,2017.0
343,13089020700,935.0,158.0,76.0,74.0,76.0,50.0,22.0,13.0,47.0,15.0,86.0,49.0,108.0,63.0,12.0,23.0,63.0,2012.0
344,13089020700,907.0,109.0,93.0,45.0,13.0,52.0,42.0,19.0,77.0,12.0,61.0,30.0,118.0,112.0,24.0,28.0,72.0,2013.0
345,13089020700,893.0,126.0,84.0,52.0,13.0,47.0,47.0,24.0,36.0,64.0,60.0,32.0,80.0,120.0,22.0,41.0,45.0,2014.0
346,13089020700,918.0,88.0,77.0,57.0,32.0,47.0,46.0,28.0,34.0,36.0,90.0,27.0,92.0,117.0,43.0,45.0,59.0,2015.0
347,13089020700,979.0,91.0,46.0,74.0,37.0,86.0,26.0,24.0,39.0,44.0,78.0,27.0,92.0,133.0,69.0,49.0,64.0,2016.0
348,13089020700,962.0,73.0,53.0,67.0,60.0,54.0,38.0,15.0,54.0,29.0,81.0,35.0,72.0,118.0,79.0,59.0,75.0,2017.0
349,13121008902,3308.0,403.0,44.0,154.0,181.0,44.0,266.0,115.0,121.0,194.0,270.0,326.0,274.0,245.0,167.0,231.0,273.0,2012.0
350,13121008902,3324.0,428.0,32.0,151.0,129.0,84.0,220.0,108.0,153.0,156.0,315.0,331.0,282.0,309.0,196.0,190.0,240.0,2013.0
351,13121008902,3554.0,388.0,125.0,215.0,158.0,62.0,256.0,87.0,222.0,180.0,331.0,319.0,385.0,349.0,113.0,240.0,124.0,2014.0
352,13121008902,3666.0,380.0,144.0,164.0,169.0,56.0,199.0,162.0,204.0,132.0,425.0,345.0,400.0,369.0,101.0,296.0,120.0,2015.0
353,13121008902,3816.0,299.0,141.0,144.0,127.0,58.0,113.0,184.0,144.0,192.0,489.0,458.0,452.0,440.0,157.0,295.0,123.0,2016.0
354,13121008902,3761.0,272.0,185.0,142.0,131.0,99.0,65.0,260.0,132.0,222.0,451.0,451.0,436.0,406.0,164.0,195.0,150.0,2017.0
355,13121009403,2776.0,303.0,135.0,89.0,82.0,130.0,195.0,84.0,152.0,124.0,338.0,294.0,373.0,248.0,92.0,41.0,96.0,2012.0
356,13121009403,2840.0,354.0,101.0,103.0,160.0,139.0,189.0,87.0,55.0,126.0,282.0,273.0,475.0,245.0,135.0,27.0,89.0,2013.0
357,13121009403,2854.0,379.0,203.0,128.0,168.0,214.0,195.0,112.0,82.0,141.0,319.0,173.0,479.0,102.0,83.0,10.0,66.0,2014.0
358,13121009403,2789.0,386.0,140.0,115.0,253.0,208.0,144.0,75.0,177.0,120.0,315.0,216.0,401.0,82.0,53.0,16.0,88.0,2015.0
359,13121009403,2646.0,251.0,184.0,136.0,218.0,210.0,144.0,110.0,169.0,95.0,266.0,329.0,315.0,100.0,64.0,22.0,33.0,2016.0
360,13121009403,2787.0,233.0,131.0,164.0,109.0,302.0,138.0,135.0,178.0,122.0,222.0,450.0,336.0,114.0,70.0,29.0,54.0,2017.0
361,13121009602,2574.0,150.0,45.0,33.0,191.0,94.0,160.0,74.0,102.0,97.0,101.0,159.0,272.0,312.0,216.0,80.0,488.0,2012.0
362,13121009602,2659.0,118.0,15.0,21.0,160.0,81.0,110.0,65.0,110.0,78.0,159.0,207.0,221.0,398.0,240.0,111.0,565.0,2013.0
363,13121009602,2688.0,71.0,23.0,39.0,170.0,54.0,111.0,113.0,111.0,74.0,227.0,210.0,266.0,339.0,230.0,128.0,522.0,2014.0
364,13121009602,2703.0,87.0,24.0,29.0,133.0,83.0,144.0,96.0,16.0,78.0,211.0,256.0,266.0,366.0,193.0,140.0,581.0,2015.0
365,13121009602,2787.0,152.0,36.0,56.0,94.0,70.0,142.0,132.0,15.0,26.0,181.0,249.0,238.0,315.0,258.0,150.0,673.0,2016.0
366,13121009602,2746.0,108.0,35.0,106.0,43.0,33.0,204.0,134.0,29.0,12.0,138.0,248.0,258.0,310.0,300.0,184.0,604.0,2017.0
367,13121009404,2330.0,134.0,61.0,0.0,34.0,32.0,20.0,51.0,67.0,116.0,97.0,376.0,275.0,412.0,59.0,293.0,303.0,2012.0
368,13121009404,2297.0,88.0,55.0,0.0,73.0,44.0,65.0,10.0,69.0,141.0,83.0,417.0,217.0,457.0,58.0,173.0,347.0,2013.0
369,13121009404,2321.0,73.0,42.0,35.0,79.0,55.0,57.0,21.0,73.0,103.0,212.0,416.0,252.0,358.0,68.0,119.0,358.0,2014.0
370,13121009404,2388.0,116.0,22.0,26.0,150.0,44.0,71.0,48.0,89.0,100.0,182.0,361.0,204.0,396.0,92.0,109.0,378.0,2015.0
371,13121009404,2302.0,83.0,8.0,54.0,82.0,106.0,66.0,46.0,95.0,62.0,334.0,256.0,186.0,241.0,107.0,212.0,364.0,2016.0
372,13121009404,2360.0,86.0,11.0,56.0,71.0,57.0,69.0,41.0,126.0,87.0,345.0,251.0,191.0,316.0,106.0,165.0,382.0,2017.0
373,13121009502,1993.0,279.0,207.0,201.0,45.0,147.0,66.0,53.0,15.0,154.0,86.0,115.0,148.0,181.0,87.0,18.0,191.0,2012.0
374,13121009502,1867.0,196.0,135.0,157.0,60.0,95.0,69.0,87.0,26.0,87.0,141.0,113.0,298.0,161.0,56.0,25.0,161.0,2013.0
375,13121009502,1750.0,198.0,108.0,112.0,73.0,105.0,31.0,120.0,59.0,103.0,164.0,78.0,201.0,145.0,44.0,85.0,124.0,2014.0
376,13121009502,1612.0,85.0,96.0,146.0,42.0,69.0,24.0,82.0,60.0,81.0,171.0,93.0,304.0,133.0,31.0,71.0,124.0,2015.0
377,13121009502,1806.0,68.0,145.0,74.0,42.0,84.0,26.0,131.0,19.0,69.0,171.0,95.0,271.0,211.0,93.0,59.0,248.0,2016.0
378,13121009502,1896.0,115.0,107.0,75.0,65.0,77.0,13.0,85.0,37.0,68.0,82.0,120.0,336.0,228.0,92.0,95.0,301.0,2017.0
379,13121010114,2792.0,131.0,56.0,93.0,162.0,77.0,263.0,82.0,211.0,31.0,336.0,233.0,316.0,167.0,144.0,185.0,305.0,2012.0
380,13121010114,2809.0,128.0,135.0,61.0,164.0,43.0,220.0,311.0,160.0,26.0,249.0,213.0,315.0,63.0,153.0,228.0,340.0,2013.0
381,13121010114,2962.0,184.0,226.0,61.0,115.0,32.0,87.0,408.0,190.0,51.0,255.0,149.0,379.0,88.0,168.0,250.0,319.0,2014.0
382,13121010114,2987.0,151.0,251.0,16.0,98.0,15.0,148.0,321.0,204.0,70.0,219.0,173.0,395.0,151.0,138.0,265.0,372.0,2015.0
383,13121010114,2938.0,99.0,265.0,72.0,153.0,17.0,109.0,214.0,268.0,112.0,212.0,141.0,268.0,235.0,110.0,301.0,362.0,2016.0
384,13121010114,3013.0,64.0,199.0,118.0,199.0,41.0,116.0,84.0,252.0,125.0,190.0,233.0,280.0,240.0,147.0,215.0,510.0,2017.0
385,13121011800,1236.0,467.0,136.0,59.0,17.0,69.0,85.0,84.0,27.0,95.0,47.0,70.0,24.0,56.0,0.0,0.0,0.0,2012.0
386,13121011800,1188.0,550.0,114.0,75.0,34.0,13.0,81.0,72.0,25.0,47.0,51.0,65.0,24.0,37.0,0.0,0.0,0.0,2013.0
387,13121011800,1266.0,670.0,120.0,42.0,24.0,47.0,92.0,42.0,32.0,33.0,24.0,71.0,29.0,28.0,12.0,0.0,0.0,2014.0
388,13121011800,1324.0,662.0,129.0,47.0,35.0,69.0,72.0,55.0,6.0,45.0,35.0,83.0,36.0,35.0,15.0,0.0,0.0,2015.0
389,13121011800,1231.0,521.0,134.0,59.0,60.0,67.0,65.0,34.0,72.0,36.0,39.0,65.0,42.0,5.0,32.0,0.0,0.0,2016.0
390,13121011800,1096.0,457.0,81.0,55.0,68.0,58.0,38.0,46.0,61.0,51.0,40.0,58.0,41.0,9.0,11.0,22.0,0.0,2017.0
391,13089020600,780.0,109.0,70.0,40.0,86.0,14.0,22.0,55.0,31.0,10.0,35.0,56.0,67.0,92.0,39.0,49.0,5.0,2012.0
392,13089020600,807.0,100.0,51.0,74.0,81.0,27.0,43.0,31.0,33.0,12.0,43.0,62.0,95.0,70.0,39.0,42.0,4.0,2013.0
393,13089020600,851.0,133.0,24.0,84.0,54.0,66.0,49.0,23.0,66.0,17.0,30.0,66.0,74.0,67.0,46.0,48.0,4.0,2014.0
394,13089020600,950.0,154.0,26.0,76.0,40.0,94.0,66.0,32.0,57.0,7.0,33.0,102.0,77.0,96.0,40.0,45.0,5.0,2015.0
395,13089020600,1033.0,139.0,83.0,65.0,51.0,88.0,47.0,66.0,62.0,6.0,35.0,106.0,58.0,105.0,30.0,68.0,24.0,2016.0
396,13089020600,976.0,134.0,95.0,72.0,20.0,63.0,41.0,40.0,38.0,0.0,59.0,94.0,128.0,55.0,36.0,44.0,57.0,2017.0
397,13089020400,1158.0,59.0,19.0,0.0,27.0,86.0,17.0,40.0,36.0,18.0,73.0,82.0,263.0,159.0,49.0,107.0,123.0,2012.0
398,13089020400,1154.0,25.0,19.0,6.0,31.0,63.0,39.0,52.0,42.0,20.0,54.0,100.0,273.0,136.0,94.0,61.0,139.0,2013.0
399,13089020400,1169.0,17.0,43.0,8.0,39.0,36.0,36.0,48.0,99.0,32.0,55.0,111.0,193.0,145.0,64.0,75.0,168.0,2014.0
400,13089020400,1234.0,42.0,39.0,8.0,28.0,26.0,25.0,52.0,123.0,53.0,52.0,117.0,204.0,117.0,57.0,98.0,193.0,2015.0
401,13089020400,1312.0,48.0,39.0,10.0,26.0,42.0,45.0,64.0,150.0,44.0,53.0,111.0,197.0,118.0,91.0,83.0,191.0,2016.0
402,13089020400,1294.0,49.0,34.0,11.0,30.0,49.0,10.0,84.0,45.0,107.0,46.0,136.0,159.0,107.0,100.0,102.0,225.0,2017.0
403,13089020500,1349.0,177.0,84.0,162.0,54.0,71.0,85.0,65.0,15.0,15.0,105.0,131.0,111.0,125.0,33.0,58.0,58.0,2012.0
404,13089020500,1390.0,189.0,74.0,116.0,80.0,57.0,89.0,121.0,9.0,76.0,151.0,83.0,123.0,90.0,37.0,34.0,61.0,2013.0
405,13089020500,1371.0,142.0,61.0,106.0,125.0,56.0,60.0,29.0,91.0,80.0,161.0,82.0,145.0,92.0,41.0,50.0,50.0,2014.0
406,13089020500,1390.0,186.0,109.0,72.0,128.0,58.0,67.0,30.0,72.0,83.0,145.0,71.0,111.0,106.0,47.0,48.0,57.0,2015.0
407,13089020500,1483.0,298.0,145.0,74.0,78.0,50.0,27.0,0.0,70.0,95.0,89.0,102.0,164.0,146.0,27.0,53.0,65.0,2016.0
408,13089020500,1474.0,231.0,147.0,45.0,54.0,47.0,11.0,14.0,68.0,53.0,125.0,113.0,202.0,173.0,53.0,100.0,38.0,2017.0
409,13089020801,1051.0,70.0,40.0,45.0,16.0,103.0,54.0,0.0,31.0,40.0,68.0,162.0,79.0,98.0,83.0,75.0,87.0,2012.0
410,13089020801,1040.0,83.0,38.0,33.0,17.0,60.0,57.0,0.0,47.0,32.0,73.0,139.0,96.0,95.0,80.0,105.0,85.0,2013.0
411,13089020801,1041.0,57.0,28.0,11.0,34.0,89.0,19.0,29.0,43.0,26.0,79.0,135.0,130.0,84.0,89.0,102.0,86.0,2014.0
412,13089020801,1085.0,63.0,20.0,21.0,45.0,43.0,21.0,28.0,54.0,19.0,90.0,119.0,204.0,83.0,83.0,119.0,73.0,2015.0
413,13089020801,1093.0,23.0,34.0,39.0,37.0,54.0,20.0,31.0,50.0,14.0,98.0,132.0,131.0,103.0,82.0,137.0,108.0,2016.0
414,13089020801,1090.0,20.0,28.0,46.0,29.0,24.0,6.0,27.0,46.0,11.0,92.0,121.0,172.0,140.0,66.0,122.0,140.0,2017.0
415,13089020900,2484.0,348.0,229.0,139.0,100.0,112.0,100.0,288.0,55.0,82.0,68.0,158.0,156.0,264.0,126.0,143.0,116.0,2012.0
416,13089020900,2437.0,320.0,241.0,196.0,122.0,106.0,55.0,251.0,53.0,87.0,35.0,233.0,157.0,257.0,124.0,107.0,93.0,2013.0
417,13089020900,2341.0,305.0,145.0,154.0,135.0,61.0,64.0,165.0,122.0,137.0,46.0,256.0,165.0,252.0,95.0,149.0,90.0,2014.0
418,13089020900,2416.0,320.0,94.0,201.0,101.0,71.0,72.0,135.0,111.0,178.0,62.0,279.0,193.0,221.0,120.0,155.0,103.0,2015.0
419,13089020900,2453.0,271.0,64.0,220.0,78.0,133.0,53.0,21.0,103.0,126.0,73.0,387.0,252.0,183.0,158.0,193.0,138.0,2016.0
420,13089020900,2601.0,256.0,49.0,207.0,63.0,115.0,81.0,38.0,77.0,151.0,163.0,334.0,221.0,236.0,153.0,315.0,142.0,2017.0
421,13121001002,399.0,127.0,34.0,15.0,5.0,0.0,17.0,6.0,35.0,19.0,9.0,40.0,48.0,33.0,11.0,0.0,0.0,2012.0
422,13121001002,433.0,175.0,20.0,12.0,13.0,4.0,16.0,10.0,31.0,24.0,11.0,53.0,35.0,13.0,16.0,0.0,0.0,2013.0
423,13121001002,443.0,149.0,26.0,13.0,21.0,2.0,26.0,14.0,35.0,14.0,12.0,53.0,54.0,8.0,13.0,0.0,3.0,2014.0
424,13121001002,498.0,160.0,33.0,20.0,20.0,14.0,33.0,24.0,11.0,26.0,18.0,58.0,57.0,7.0,13.0,0.0,4.0,2015.0
425,13121001002,470.0,164.0,23.0,24.0,18.0,17.0,23.0,22.0,18.0,13.0,35.0,51.0,29.0,13.0,17.0,0.0,3.0,2016.0
426,13121001002,493.0,185.0,19.0,11.0,18.0,20.0,17.0,22.0,31.0,16.0,31.0,63.0,23.0,12.0,13.0,5.0,7.0,2017.0
427,13121000700,348.0,21.0,63.0,22.0,4.0,18.0,0.0,9.0,8.0,0.0,27.0,49.0,14.0,28.0,38.0,37.0,10.0,2012.0
428,13121000700,349.0,23.0,31.0,28.0,3.0,12.0,26.0,9.0,6.0,12.0,14.0,48.0,31.0,22.0,30.0,26.0,28.0,2013.0
429,13121000700,341.0,45.0,14.0,21.0,20.0,13.0,8.0,0.0,0.0,0.0,20.0,43.0,47.0,10.0,34.0,38.0,28.0,2014.0
430,13121000700,336.0,41.0,18.0,9.0,24.0,11.0,14.0,0.0,0.0,0.0,23.0,29.0,48.0,17.0,41.0,32.0,29.0,2015.0
431,13121000700,350.0,22.0,17.0,15.0,22.0,20.0,5.0,9.0,0.0,0.0,44.0,24.0,57.0,22.0,39.0,25.0,29.0,2016.0
432,13121000700,348.0,23.0,4.0,5.0,23.0,28.0,9.0,16.0,0.0,0.0,45.0,42.0,36.0,35.0,30.0,29.0,23.0,2017.0
433,13121008700,1891.0,543.0,233.0,188.0,98.0,90.0,70.0,77.0,83.0,16.0,108.0,204.0,45.0,57.0,26.0,15.0,38.0,2012.0
434,13121008700,1819.0,378.0,210.0,225.0,187.0,142.0,50.0,109.0,63.0,32.0,122.0,142.0,64.0,27.0,21.0,38.0,9.0,2013.0
435,13121008700,1932.0,297.0,188.0,248.0,189.0,174.0,196.0,60.0,108.0,16.0,117.0,152.0,69.0,32.0,20.0,47.0,19.0,2014.0
436,13121008700,2051.0,309.0,199.0,244.0,180.0,214.0,207.0,79.0,93.0,59.0,86.0,150.0,81.0,66.0,24.0,41.0,19.0,2015.0
437,13121008700,2086.0,209.0,225.0,305.0,145.0,273.0,262.0,110.0,116.0,44.0,87.0,83.0,84.0,70.0,16.0,40.0,17.0,2016.0
438,13121008700,2362.0,197.0,232.0,339.0,163.0,269.0,227.0,235.0,184.0,43.0,133.0,93.0,80.0,46.0,40.0,36.0,45.0,2017.0
439,13089020100,679.0,9.0,6.0,0.0,5.0,0.0,9.0,11.0,13.0,8.0,36.0,34.0,37.0,90.0,39.0,111.0,271.0,2012.0
440,13089020100,707.0,0.0,8.0,0.0,3.0,6.0,20.0,19.0,31.0,9.0,43.0,49.0,25.0,68.0,33.0,150.0,243.0,2013.0
441,13089020100,758.0,10.0,7.0,5.0,2.0,6.0,17.0,22.0,59.0,10.0,46.0,92.0,24.0,59.0,54.0,118.0,227.0,2014.0
442,13089020100,731.0,17.0,0.0,6.0,8.0,5.0,6.0,27.0,40.0,0.0,19.0,83.0,34.0,67.0,47.0,111.0,261.0,2015.0
443,13089020100,796.0,35.0,0.0,6.0,8.0,22.0,11.0,10.0,47.0,9.0,28.0,64.0,34.0,56.0,30.0,125.0,311.0,2016.0
444,13089020100,785.0,52.0,0.0,12.0,5.0,17.0,11.0,4.0,36.0,10.0,6.0,12.0,69.0,49.0,45.0,99.0,358.0,2017.0
445,13089020200,1068.0,76.0,37.0,24.0,29.0,37.0,42.0,33.0,79.0,20.0,58.0,110.0,83.0,100.0,29.0,99.0,212.0,2012.0
446,13089020200,995.0,27.0,34.0,18.0,37.0,5.0,37.0,38.0,79.0,17.0,88.0,48.0,129.0,72.0,53.0,100.0,213.0,2013.0
447,13089020200,980.0,35.0,33.0,20.0,35.0,4.0,57.0,51.0,54.0,26.0,64.0,52.0,97.0,102.0,66.0,104.0,180.0,2014.0
448,13089020200,1025.0,39.0,35.0,20.0,18.0,9.0,50.0,16.0,33.0,16.0,97.0,66.0,111.0,95.0,78.0,119.0,223.0,2015.0
449,13089020200,994.0,65.0,36.0,7.0,16.0,7.0,49.0,7.0,0.0,26.0,92.0,71.0,144.0,97.0,46.0,130.0,201.0,2016.0
450,13089020200,984.0,73.0,21.0,0.0,10.0,8.0,32.0,22.0,0.0,24.0,105.0,81.0,188.0,76.0,40.0,91.0,213.0,2017.0
451,13089020300,1513.0,0.0,23.0,40.0,10.0,19.0,74.0,0.0,68.0,0.0,138.0,243.0,133.0,137.0,56.0,258.0,314.0,2012.0
452,13089020300,1525.0,9.0,20.0,34.0,10.0,19.0,37.0,0.0,61.0,0.0,162.0,236.0,139.0,105.0,99.0,238.0,356.0,2013.0
453,13089020300,1507.0,15.0,18.0,11.0,44.0,26.0,14.0,37.0,69.0,5.0,83.0,142.0,206.0,179.0,99.0,214.0,345.0,2014.0
454,13089020300,1571.0,75.0,19.0,0.0,54.0,38.0,33.0,69.0,55.0,6.0,65.0,129.0,205.0,166.0,99.0,183.0,375.0,2015.0
455,13089020300,1630.0,78.0,17.0,0.0,36.0,28.0,39.0,59.0,67.0,0.0,80.0,134.0,227.0,178.0,143.0,155.0,389.0,2016.0
456,13089020300,1660.0,93.0,10.0,0.0,30.0,18.0,44.0,48.0,59.0,19.0,81.0,88.0,191.0,195.0,157.0,195.0,432.0,2017.0
457,13121006802,460.0,301.0,22.0,49.0,27.0,36.0,8.0,3.0,0.0,0.0,0.0,14.0,0.0,0.0,0.0,0.0,0.0,2012.0
458,13121006802,456.0,268.0,45.0,43.0,30.0,6.0,7.0,19.0,1.0,21.0,0.0,16.0,0.0,0.0,0.0,0.0,0.0,2013.0
459,13121006802,457.0,310.0,33.0,37.0,7.0,12.0,7.0,11.0,4.0,12.0,0.0,24.0,0.0,0.0,0.0,0.0,0.0,2014.0
460,13121006802,472.0,327.0,37.0,24.0,6.0,8.0,9.0,7.0,13.0,21.0,0.0,20.0,0.0,0.0,0.0,0.0,0.0,2015.0
461,13121006802,487.0,315.0,48.0,15.0,24.0,9.0,13.0,11.0,13.0,20.0,0.0,9.0,7.0,3.0,0.0,0.0,0.0,2016.0
462,13121006802,524.0,266.0,71.0,22.0,41.0,20.0,17.0,12.0,13.0,23.0,0.0,10.0,11.0,4.0,0.0,14.0,0.0,2017.0
463,13121006900,1245.0,77.0,109.0,67.0,89.0,107.0,59.0,43.0,60.0,60.0,117.0,142.0,110.0,60.0,33.0,43.0,69.0,2012.0
464,13121006900,1178.0,62.0,122.0,76.0,49.0,68.0,82.0,30.0,45.0,89.0,77.0,106.0,149.0,56.0,55.0,51.0,61.0,2013.0
465,13121006900,1146.0,82.0,151.0,53.0,59.0,78.0,69.0,50.0,38.0,53.0,83.0,93.0,170.0,23.0,34.0,52.0,58.0,2014.0
466,13121006900,1204.0,60.0,141.0,53.0,49.0,76.0,56.0,95.0,65.0,49.0,70.0,101.0,153.0,68.0,32.0,80.0,56.0,2015.0
467,13121006900,1236.0,70.0,129.0,40.0,42.0,76.0,38.0,55.0,93.0,63.0,57.0,66.0,220.0,99.0,41.0,101.0,46.0,2016.0
468,13121006900,1301.0,60.0,60.0,29.0,40.0,77.0,41.0,50.0,109.0,37.0,92.0,82.0,245.0,132.0,55.0,110.0,82.0,2017.0
469,13121007001,1375.0,202.0,149.0,98.0,113.0,32.0,91.0,104.0,51.0,55.0,109.0,120.0,116.0,34.0,40.0,44.0,17.0,2012.0
470,13121007001,1333.0,272.0,133.0,146.0,103.0,42.0,123.0,62.0,48.0,57.0,108.0,63.0,59.0,50.0,26.0,24.0,17.0,2013.0
471,13121007001,1404.0,322.0,93.0,143.0,138.0,77.0,103.0,35.0,41.0,84.0,123.0,53.0,50.0,87.0,16.0,16.0,23.0,2014.0
472,13121007001,1348.0,324.0,108.0,209.0,79.0,106.0,77.0,45.0,39.0,92.0,128.0,11.0,23.0,57.0,15.0,6.0,29.0,2015.0
473,13121007001,1392.0,417.0,45.0,237.0,48.0,101.0,93.0,41.0,67.0,71.0,125.0,47.0,24.0,53.0,0.0,5.0,18.0,2016.0
474,13121007001,1372.0,316.0,41.0,202.0,100.0,127.0,75.0,87.0,69.0,82.0,84.0,73.0,56.0,28.0,18.0,0.0,14.0,2017.0
475,13121007602,989.0,82.0,120.0,84.0,97.0,33.0,67.0,63.0,55.0,36.0,142.0,121.0,58.0,9.0,22.0,0.0,0.0,2012.0
476,13121007602,999.0,121.0,87.0,110.0,62.0,91.0,58.0,80.0,53.0,33.0,108.0,122.0,39.0,0.0,27.0,0.0,8.0,2013.0
477,13121007602,993.0,147.0,88.0,59.0,32.0,89.0,79.0,74.0,103.0,28.0,59.0,149.0,47.0,9.0,21.0,0.0,9.0,2014.0
478,13121007602,973.0,187.0,53.0,44.0,94.0,89.0,72.0,39.0,99.0,32.0,56.0,119.0,59.0,13.0,8.0,0.0,9.0,2015.0
479,13121007602,1030.0,173.0,120.0,42.0,71.0,77.0,63.0,68.0,77.0,30.0,56.0,126.0,54.0,41.0,9.0,0.0,23.0,2016.0
480,13121007602,1026.0,156.0,129.0,26.0,83.0,67.0,71.0,72.0,56.0,49.0,36.0,117.0,76.0,41.0,17.0,8.0,22.0,2017.0
481,13121007802,3187.0,258.0,119.0,90.0,116.0,262.0,181.0,88.0,238.0,161.0,181.0,408.0,483.0,287.0,90.0,61.0,164.0,2012.0
482,13121007802,3227.0,277.0,178.0,156.0,120.0,283.0,156.0,119.0,266.0,162.0,193.0,281.0,497.0,152.0,159.0,71.0,157.0,2013.0
483,13121007802,3153.0,280.0,132.0,166.0,117.0,213.0,260.0,187.0,156.0,190.0,229.0,244.0,385.0,197.0,152.0,70.0,175.0,2014.0
484,13121007802,3299.0,282.0,184.0,174.0,66.0,175.0,234.0,221.0,147.0,193.0,256.0,370.0,427.0,211.0,141.0,69.0,149.0,2015.0
485,13121007802,3326.0,260.0,368.0,144.0,101.0,193.0,190.0,207.0,131.0,166.0,320.0,267.0,369.0,247.0,131.0,98.0,134.0,2016.0
486,13121007802,3442.0,289.0,287.0,203.0,87.0,230.0,154.0,240.0,233.0,77.0,263.0,312.0,350.0,268.0,152.0,87.0,210.0,2017.0
487,13121002300,553.0,142.0,113.0,69.0,72.0,12.0,23.0,11.0,18.0,0.0,45.0,8.0,19.0,21.0,0.0,0.0,0.0,2012.0
488,13121002300,497.0,117.0,95.0,39.0,79.0,32.0,17.0,31.0,0.0,0.0,44.0,11.0,12.0,20.0,0.0,0.0,0.0,2013.0
489,13121002300,508.0,120.0,51.0,61.0,84.0,33.0,31.0,35.0,20.0,0.0,25.0,9.0,22.0,17.0,0.0,0.0,0.0,2014.0
490,13121002300,500.0,104.0,52.0,48.0,72.0,53.0,27.0,28.0,28.0,11.0,26.0,10.0,22.0,19.0,0.0,0.0,0.0,2015.0
491,13121002300,495.0,87.0,38.0,48.0,58.0,57.0,32.0,39.0,25.0,11.0,37.0,15.0,32.0,16.0,0.0,0.0,0.0,2016.0
492,13121002300,534.0,98.0,45.0,52.0,53.0,59.0,19.0,52.0,39.0,13.0,20.0,47.0,27.0,10.0,0.0,0.0,0.0,2017.0
493,13121002100,958.0,182.0,61.0,59.0,84.0,95.0,42.0,63.0,28.0,30.0,45.0,18.0,50.0,85.0,31.0,11.0,74.0,2012.0
494,13121002100,870.0,153.0,56.0,70.0,65.0,71.0,17.0,71.0,30.0,29.0,48.0,27.0,56.0,36.0,33.0,21.0,87.0,2013.0
495,13121002100,907.0,180.0,18.0,72.0,66.0,102.0,21.0,49.0,40.0,17.0,55.0,42.0,85.0,40.0,7.0,26.0,87.0,2014.0
496,13121002100,960.0,160.0,40.0,86.0,50.0,95.0,31.0,74.0,35.0,18.0,23.0,49.0,121.0,44.0,12.0,28.0,94.0,2015.0
497,13121002100,904.0,142.0,44.0,80.0,47.0,76.0,37.0,43.0,50.0,22.0,36.0,57.0,106.0,50.0,21.0,29.0,64.0,2016.0
498,13121002100,871.0,115.0,30.0,84.0,9.0,64.0,31.0,33.0,32.0,23.0,62.0,51.0,132.0,62.0,9.0,44.0,90.0,2017.0
499,13121007806,2180.0,175.0,272.0,158.0,147.0,194.0,150.0,262.0,198.0,141.0,215.0,156.0,75.0,37.0,0.0,0.0,0.0,2012.0
500,13121007806,2175.0,177.0,305.0,181.0,156.0,224.0,146.0,144.0,205.0,127.0,258.0,119.0,114.0,0.0,0.0,0.0,19.0,2013.0
501,13121007806,2208.0,219.0,301.0,208.0,127.0,231.0,164.0,116.0,202.0,155.0,240.0,132.0,76.0,13.0,11.0,0.0,13.0,2014.0
502,13121007806,2280.0,246.0,327.0,239.0,221.0,165.0,112.0,119.0,271.0,205.0,149.0,130.0,52.0,17.0,11.0,0.0,16.0,2015.0
503,13121007806,2312.0,233.0,246.0,332.0,285.0,135.0,131.0,68.0,221.0,268.0,162.0,144.0,16.0,52.0,10.0,0.0,9.0,2016.0
504,13121007806,2294.0,269.0,160.0,201.0,318.0,158.0,121.0,118.0,186.0,218.0,100.0,136.0,140.0,140.0,0.0,12.0,17.0,2017.0
505,13121007805,1288.0,223.0,144.0,98.0,89.0,52.0,119.0,75.0,144.0,50.0,100.0,43.0,60.0,20.0,51.0,9.0,11.0,2012.0
506,13121007805,1248.0,216.0,144.0,93.0,66.0,45.0,34.0,68.0,103.0,70.0,97.0,65.0,105.0,41.0,97.0,4.0,0.0,2013.0
507,13121007805,1217.0,225.0,122.0,77.0,95.0,53.0,51.0,80.0,68.0,80.0,50.0,106.0,63.0,72.0,58.0,8.0,9.0,2014.0
508,13121007805,1161.0,120.0,111.0,91.0,129.0,95.0,62.0,90.0,41.0,81.0,50.0,83.0,44.0,47.0,80.0,18.0,19.0,2015.0
509,13121007805,1182.0,163.0,152.0,97.0,77.0,125.0,124.0,26.0,35.0,60.0,52.0,94.0,41.0,36.0,55.0,27.0,18.0,2016.0
510,13121007805,1195.0,132.0,165.0,51.0,99.0,40.0,174.0,47.0,75.0,55.0,55.0,87.0,56.0,55.0,60.0,20.0,24.0,2017.0
511,13121002800,1017.0,420.0,39.0,51.0,68.0,38.0,70.0,4.0,103.0,5.0,29.0,56.0,80.0,54.0,0.0,0.0,0.0,2012.0
512,13121002800,1138.0,492.0,75.0,49.0,41.0,22.0,71.0,11.0,49.0,35.0,61.0,95.0,62.0,50.0,0.0,25.0,0.0,2013.0
513,13121002800,1224.0,426.0,98.0,73.0,70.0,74.0,46.0,11.0,47.0,29.0,69.0,113.0,98.0,34.0,0.0,36.0,0.0,2014.0
514,13121002800,1245.0,391.0,40.0,145.0,86.0,38.0,68.0,10.0,34.0,26.0,89.0,111.0,103.0,51.0,0.0,40.0,13.0,2015.0
515,13121002800,1308.0,394.0,42.0,161.0,110.0,32.0,61.0,19.0,29.0,32.0,72.0,112.0,89.0,98.0,0.0,42.0,15.0,2016.0
516,13121002800,1389.0,334.0,62.0,145.0,123.0,100.0,43.0,29.0,27.0,46.0,79.0,101.0,85.0,140.0,5.0,50.0,20.0,2017.0
517,13121002600,381.0,47.0,6.0,9.0,117.0,0.0,82.0,54.0,17.0,4.0,5.0,0.0,10.0,10.0,0.0,20.0,0.0,2012.0
518,13121002600,420.0,94.0,13.0,28.0,64.0,0.0,60.0,70.0,29.0,9.0,11.0,0.0,6.0,11.0,0.0,25.0,0.0,2013.0
519,13121002600,457.0,105.0,27.0,48.0,39.0,7.0,67.0,76.0,22.0,7.0,11.0,3.0,15.0,0.0,0.0,30.0,0.0,2014.0
520,13121002600,493.0,96.0,27.0,52.0,38.0,33.0,60.0,63.0,22.0,9.0,14.0,26.0,21.0,0.0,0.0,32.0,0.0,2015.0
521,13121002600,553.0,107.0,84.0,45.0,59.0,37.0,42.0,68.0,5.0,5.0,26.0,30.0,29.0,0.0,0.0,0.0,16.0,2016.0
522,13121002600,595.0,130.0,78.0,36.0,40.0,43.0,61.0,39.0,36.0,6.0,28.0,40.0,20.0,15.0,0.0,0.0,23.0,2017.0
523,13121003000,1511.0,25.0,41.0,13.0,111.0,51.0,68.0,39.0,83.0,16.0,94.0,113.0,231.0,163.0,53.0,121.0,289.0,2012.0
524,13121003000,1590.0,31.0,44.0,40.0,70.0,86.0,70.0,59.0,68.0,74.0,139.0,124.0,223.0,154.0,41.0,93.0,274.0,2013.0
525,13121003000,1661.0,39.0,44.0,35.0,19.0,49.0,71.0,74.0,61.0,99.0,112.0,159.0,238.0,203.0,60.0,82.0,316.0,2014.0
526,13121003000,1715.0,47.0,45.0,23.0,39.0,40.0,65.0,99.0,68.0,80.0,147.0,147.0,296.0,211.0,65.0,98.0,245.0,2015.0
527,13121003000,1762.0,22.0,21.0,27.0,59.0,41.0,67.0,71.0,70.0,76.0,161.0,151.0,321.0,185.0,88.0,126.0,276.0,2016.0
528,13121003000,1770.0,24.0,20.0,30.0,40.0,37.0,58.0,47.0,87.0,43.0,165.0,114.0,285.0,254.0,116.0,89.0,361.0,2017.0
529,13121002400,855.0,117.0,103.0,62.0,149.0,36.0,105.0,13.0,34.0,6.0,36.0,36.0,42.0,63.0,32.0,21.0,0.0,2012.0
530,13121002400,728.0,68.0,90.0,67.0,68.0,60.0,68.0,28.0,48.0,6.0,45.0,35.0,57.0,35.0,44.0,9.0,0.0,2013.0
531,13121002400,736.0,115.0,90.0,52.0,73.0,47.0,50.0,42.0,41.0,23.0,45.0,57.0,50.0,38.0,9.0,0.0,4.0,2014.0
532,13121002400,879.0,118.0,89.0,57.0,83.0,62.0,84.0,56.0,50.0,26.0,36.0,98.0,79.0,18.0,5.0,13.0,5.0,2015.0
533,13121002400,842.0,124.0,66.0,89.0,98.0,44.0,53.0,65.0,40.0,26.0,19.0,102.0,80.0,16.0,4.0,8.0,8.0,2016.0
534,13121002400,878.0,131.0,78.0,93.0,95.0,35.0,40.0,62.0,39.0,29.0,29.0,102.0,72.0,29.0,12.0,23.0,9.0,2017.0
535,13121003200,1259.0,27.0,136.0,86.0,76.0,96.0,90.0,0.0,37.0,66.0,97.0,186.0,175.0,33.0,45.0,89.0,20.0,2012.0
536,13121003200,1251.0,43.0,116.0,67.0,92.0,73.0,96.0,31.0,36.0,97.0,75.0,145.0,140.0,75.0,80.0,42.0,43.0,2013.0
537,13121003200,1279.0,40.0,73.0,81.0,102.0,77.0,80.0,42.0,39.0,83.0,96.0,173.0,139.0,63.0,80.0,55.0,56.0,2014.0
538,13121003200,1261.0,29.0,51.0,68.0,117.0,51.0,43.0,49.0,24.0,78.0,81.0,168.0,171.0,153.0,67.0,47.0,64.0,2015.0
539,13121003200,1188.0,23.0,33.0,48.0,102.0,22.0,34.0,22.0,40.0,82.0,77.0,175.0,160.0,157.0,72.0,76.0,65.0,2016.0
540,13121003200,1161.0,24.0,17.0,23.0,61.0,5.0,32.0,30.0,30.0,77.0,66.0,131.0,167.0,214.0,125.0,71.0,88.0,2017.0
541,13121003100,711.0,129.0,50.0,17.0,16.0,49.0,35.0,34.0,22.0,75.0,57.0,52.0,27.0,50.0,17.0,70.0,11.0,2012.0
542,13121003100,702.0,76.0,55.0,41.0,27.0,34.0,9.0,19.0,58.0,74.0,41.0,68.0,42.0,32.0,53.0,59.0,14.0,2013.0
543,13121003100,774.0,77.0,50.0,65.0,44.0,40.0,16.0,32.0,42.0,65.0,46.0,62.0,45.0,34.0,58.0,79.0,19.0,2014.0
544,13121003100,764.0,87.0,53.0,67.0,37.0,37.0,19.0,45.0,37.0,21.0,43.0,39.0,67.0,48.0,75.0,55.0,34.0,2015.0
545,13121003100,795.0,54.0,32.0,86.0,75.0,43.0,26.0,54.0,48.0,20.0,42.0,41.0,62.0,47.0,77.0,40.0,48.0,2016.0
546,13121003100,833.0,31.0,33.0,65.0,76.0,40.0,70.0,53.0,35.0,32.0,57.0,45.0,67.0,41.0,81.0,50.0,57.0,2017.0
547,13121003500,692.0,69.0,11.0,34.0,63.0,10.0,30.0,21.0,10.0,44.0,102.0,71.0,55.0,42.0,93.0,28.0,9.0,2012.0
548,13121003500,638.0,39.0,30.0,0.0,56.0,16.0,32.0,4.0,17.0,49.0,98.0,64.0,78.0,38.0,84.0,16.0,17.0,2013.0
549,13121003500,593.0,53.0,14.0,19.0,59.0,26.0,34.0,13.0,6.0,10.0,128.0,37.0,105.0,34.0,15.0,19.0,21.0,2014.0
550,13121003500,610.0,86.0,16.0,37.0,48.0,20.0,34.0,14.0,9.0,24.0,116.0,36.0,74.0,38.0,25.0,21.0,12.0,2015.0
551,13121003500,631.0,102.0,14.0,43.0,41.0,16.0,8.0,11.0,3.0,24.0,124.0,31.0,93.0,40.0,29.0,30.0,22.0,2016.0
552,13121003500,562.0,86.0,16.0,44.0,30.0,15.0,0.0,5.0,24.0,34.0,69.0,31.0,72.0,64.0,17.0,28.0,27.0,2017.0
553,13121003800,241.0,80.0,0.0,20.0,35.0,9.0,4.0,19.0,8.0,6.0,13.0,28.0,19.0,0.0,0.0,0.0,0.0,2012.0
554,13121003800,183.0,75.0,8.0,0.0,13.0,7.0,3.0,12.0,7.0,6.0,7.0,29.0,16.0,0.0,0.0,0.0,0.0,2013.0
555,13121003800,202.0,88.0,7.0,0.0,24.0,6.0,8.0,12.0,13.0,6.0,14.0,12.0,12.0,0.0,0.0,0.0,0.0,2014.0
556,13121003800,203.0,81.0,8.0,13.0,31.0,6.0,7.0,12.0,4.0,6.0,18.0,3.0,14.0,0.0,0.0,0.0,0.0,2015.0
557,13121003800,184.0,58.0,11.0,15.0,27.0,6.0,7.0,10.0,20.0,0.0,26.0,4.0,0.0,0.0,0.0,0.0,0.0,2016.0
558,13121003800,171.0,49.0,15.0,0.0,37.0,0.0,12.0,0.0,22.0,0.0,3.0,33.0,0.0,0.0,0.0,0.0,0.0,2017.0
559,13121007808,1302.0,543.0,163.0,49.0,89.0,77.0,65.0,67.0,38.0,114.0,22.0,52.0,0.0,16.0,0.0,0.0,7.0,2012.0
560,13121007808,1314.0,592.0,196.0,70.0,63.0,67.0,89.0,34.0,30.0,80.0,39.0,30.0,0.0,14.0,0.0,0.0,10.0,2013.0
561,13121007808,1333.0,621.0,105.0,137.0,60.0,51.0,102.0,27.0,53.0,116.0,36.0,4.0,3.0,18.0,0.0,0.0,0.0,2014.0
562,13121007808,1390.0,594.0,164.0,151.0,76.0,24.0,108.0,47.0,55.0,91.0,44.0,25.0,5.0,6.0,0.0,0.0,0.0,2015.0
563,13121007808,1454.0,620.0,209.0,172.0,92.0,0.0,74.0,54.0,40.0,59.0,68.0,29.0,8.0,22.0,0.0,0.0,7.0,2016.0
564,13121007808,1451.0,566.0,265.0,163.0,78.0,10.0,74.0,33.0,54.0,0.0,122.0,48.0,9.0,21.0,0.0,0.0,8.0,2017.0
565,13121008000,1779.0,158.0,200.0,58.0,153.0,96.0,75.0,134.0,119.0,104.0,158.0,175.0,167.0,102.0,27.0,27.0,26.0,2012.0
566,13121008000,1842.0,183.0,228.0,63.0,151.0,68.0,93.0,129.0,136.0,82.0,169.0,191.0,179.0,93.0,21.0,29.0,27.0,2013.0
567,13121008000,1864.0,179.0,239.0,81.0,163.0,67.0,143.0,88.0,78.0,112.0,229.0,188.0,134.0,93.0,27.0,29.0,14.0,2014.0
568,13121008000,1844.0,202.0,218.0,58.0,139.0,78.0,185.0,48.0,52.0,134.0,214.0,166.0,170.0,90.0,27.0,48.0,15.0,2015.0
569,13121008000,1869.0,190.0,173.0,96.0,125.0,69.0,166.0,104.0,68.0,108.0,213.0,168.0,199.0,56.0,58.0,50.0,26.0,2016.0
570,13121008000,1915.0,159.0,140.0,179.0,82.0,91.0,164.0,128.0,84.0,108.0,190.0,207.0,187.0,76.0,30.0,71.0,19.0,2017.0
571,13121007807,971.0,227.0,168.0,143.0,66.0,54.0,39.0,42.0,39.0,30.0,32.0,47.0,74.0,0.0,0.0,10.0,0.0,2012.0
572,13121007807,960.0,258.0,149.0,93.0,64.0,22.0,44.0,29.0,59.0,32.0,70.0,60.0,58.0,16.0,0.0,6.0,0.0,2013.0
573,13121007807,983.0,293.0,139.0,109.0,62.0,47.0,77.0,27.0,56.0,0.0,67.0,41.0,34.0,9.0,0.0,22.0,0.0,2014.0
574,13121007807,943.0,250.0,121.0,85.0,80.0,50.0,77.0,40.0,62.0,9.0,50.0,33.0,63.0,10.0,0.0,13.0,0.0,2015.0
575,13121007807,1049.0,289.0,176.0,85.0,78.0,66.0,68.0,56.0,60.0,19.0,46.0,20.0,66.0,8.0,0.0,12.0,0.0,2016.0
576,13121007807,996.0,287.0,117.0,81.0,38.0,77.0,75.0,62.0,45.0,34.0,53.0,36.0,77.0,8.0,0.0,6.0,0.0,2017.0
577,13121007900,2107.0,70.0,85.0,51.0,227.0,72.0,76.0,27.0,87.0,136.0,231.0,242.0,321.0,234.0,91.0,119.0,38.0,2012.0
578,13121007900,2023.0,77.0,95.0,70.0,168.0,34.0,56.0,118.0,80.0,125.0,208.0,274.0,331.0,128.0,63.0,155.0,41.0,2013.0
579,13121007900,2054.0,39.0,58.0,74.0,188.0,42.0,93.0,117.0,83.0,229.0,122.0,282.0,287.0,133.0,105.0,118.0,84.0,2014.0
580,13121007900,2092.0,51.0,61.0,109.0,116.0,37.0,154.0,184.0,87.0,165.0,175.0,256.0,287.0,147.0,109.0,97.0,57.0,2015.0
581,13121007900,2021.0,78.0,97.0,60.0,93.0,37.0,156.0,157.0,118.0,88.0,225.0,191.0,353.0,160.0,80.0,85.0,43.0,2016.0
582,13121007900,2159.0,125.0,130.0,48.0,69.0,28.0,143.0,97.0,136.0,142.0,311.0,194.0,366.0,153.0,87.0,82.0,48.0,2017.0
583,13121008201,2539.0,430.0,337.0,212.0,108.0,199.0,188.0,88.0,143.0,51.0,156.0,122.0,276.0,108.0,71.0,38.0,12.0,2012.0
584,13121008201,2713.0,443.0,416.0,272.0,96.0,253.0,180.0,69.0,92.0,70.0,133.0,88.0,322.0,122.0,98.0,47.0,12.0,2013.0
585,13121008201,2581.0,426.0,339.0,316.0,23.0,308.0,115.0,86.0,155.0,49.0,227.0,89.0,206.0,148.0,54.0,40.0,0.0,2014.0
586,13121008201,2553.0,470.0,293.0,301.0,42.0,413.0,110.0,93.0,125.0,56.0,264.0,108.0,107.0,95.0,43.0,0.0,33.0,2015.0
587,13121008201,2310.0,380.0,233.0,290.0,58.0,328.0,91.0,145.0,148.0,41.0,181.0,148.0,93.0,127.0,31.0,16.0,0.0,2016.0
588,13121008201,2358.0,259.0,170.0,362.0,72.0,277.0,106.0,212.0,170.0,55.0,146.0,166.0,145.0,95.0,29.0,79.0,15.0,2017.0
589,13121008102,2463.0,652.0,303.0,255.0,164.0,215.0,170.0,169.0,62.0,60.0,158.0,108.0,10.0,80.0,25.0,32.0,0.0,2012.0
590,13121008102,2437.0,627.0,243.0,280.0,159.0,174.0,184.0,127.0,156.0,64.0,101.0,97.0,61.0,114.0,40.0,10.0,0.0,2013.0
591,13121008102,2401.0,528.0,250.0,312.0,253.0,162.0,192.0,75.0,223.0,87.0,101.0,133.0,51.0,24.0,3.0,7.0,0.0,2014.0
592,13121008102,2452.0,565.0,310.0,320.0,208.0,102.0,159.0,89.0,102.0,90.0,87.0,294.0,54.0,29.0,6.0,37.0,0.0,2015.0
593,13121008102,2631.0,486.0,335.0,340.0,350.0,146.0,122.0,117.0,100.0,95.0,136.0,240.0,86.0,33.0,19.0,26.0,0.0,2016.0
594,13121008102,2693.0,363.0,376.0,262.0,350.0,241.0,187.0,155.0,15.0,89.0,196.0,262.0,100.0,43.0,17.0,37.0,0.0,2017.0
595,13121004800,474.0,194.0,115.0,13.0,34.0,24.0,29.0,0.0,7.0,0.0,18.0,29.0,11.0,0.0,0.0,0.0,0.0,2012.0
596,13121004800,516.0,231.0,113.0,15.0,56.0,23.0,21.0,7.0,8.0,0.0,19.0,23.0,0.0,0.0,0.0,0.0,0.0,2013.0
597,13121004800,555.0,242.0,79.0,35.0,63.0,10.0,37.0,6.0,15.0,12.0,24.0,6.0,19.0,0.0,0.0,7.0,0.0,2014.0
598,13121004800,590.0,189.0,80.0,43.0,57.0,23.0,33.0,17.0,36.0,12.0,33.0,23.0,32.0,0.0,0.0,12.0,0.0,2015.0
599,13121004800,600.0,175.0,103.0,42.0,46.0,19.0,18.0,22.0,54.0,24.0,25.0,22.0,35.0,0.0,0.0,15.0,0.0,2016.0
600,13121004800,578.0,194.0,82.0,49.0,47.0,30.0,0.0,32.0,57.0,22.0,19.0,29.0,7.0,0.0,0.0,10.0,0.0,2017.0
601,13121005000,943.0,68.0,61.0,30.0,21.0,23.0,64.0,67.0,16.0,71.0,115.0,77.0,126.0,38.0,27.0,83.0,56.0,2012.0
602,13121005000,883.0,38.0,64.0,21.0,31.0,34.0,48.0,31.0,19.0,41.0,135.0,64.0,151.0,49.0,26.0,57.0,74.0,2013.0
603,13121005000,836.0,33.0,20.0,50.0,51.0,43.0,35.0,46.0,16.0,27.0,71.0,70.0,168.0,56.0,15.0,79.0,56.0,2014.0
604,13121005000,876.0,41.0,27.0,34.0,62.0,36.0,42.0,49.0,10.0,18.0,56.0,82.0,155.0,73.0,40.0,81.0,70.0,2015.0
605,13121005000,908.0,47.0,5.0,39.0,72.0,45.0,61.0,38.0,11.0,42.0,76.0,68.0,153.0,63.0,31.0,76.0,81.0,2016.0
606,13121005000,935.0,29.0,7.0,19.0,37.0,75.0,38.0,48.0,24.0,45.0,54.0,53.0,157.0,82.0,62.0,87.0,118.0,2017.0
607,13121003900,538.0,180.0,64.0,40.0,28.0,22.0,32.0,21.0,18.0,54.0,19.0,31.0,18.0,5.0,0.0,6.0,0.0,2012.0
608,13121003900,542.0,167.0,55.0,50.0,21.0,29.0,27.0,13.0,37.0,63.0,36.0,0.0,34.0,5.0,0.0,5.0,0.0,2013.0
609,13121003900,566.0,159.0,68.0,50.0,20.0,32.0,29.0,20.0,36.0,71.0,31.0,0.0,40.0,4.0,0.0,6.0,0.0,2014.0
610,13121003900,614.0,149.0,77.0,46.0,28.0,53.0,16.0,17.0,40.0,55.0,36.0,6.0,67.0,5.0,13.0,6.0,0.0,2015.0
611,13121003900,659.0,122.0,108.0,33.0,16.0,61.0,12.0,55.0,53.0,62.0,31.0,16.0,66.0,5.0,11.0,5.0,3.0,2016.0
612,13121003900,737.0,109.0,90.0,41.0,30.0,64.0,19.0,66.0,112.0,34.0,41.0,38.0,69.0,0.0,13.0,5.0,6.0,2017.0
613,13121004100,716.0,141.0,37.0,116.0,69.0,3.0,62.0,40.0,37.0,19.0,43.0,95.0,28.0,14.0,0.0,12.0,0.0,2012.0
614,13121004100,696.0,134.0,62.0,115.0,80.0,5.0,44.0,49.0,27.0,29.0,32.0,76.0,23.0,13.0,0.0,7.0,0.0,2013.0
615,13121004100,676.0,98.0,54.0,137.0,54.0,44.0,40.0,41.0,20.0,22.0,34.0,67.0,42.0,10.0,0.0,13.0,0.0,2014.0
616,13121004100,683.0,99.0,43.0,107.0,70.0,55.0,46.0,39.0,22.0,27.0,21.0,70.0,50.0,17.0,0.0,17.0,0.0,2015.0
617,13121004100,696.0,105.0,51.0,77.0,46.0,56.0,48.0,50.0,23.0,44.0,31.0,81.0,47.0,32.0,0.0,5.0,0.0,2016.0
618,13121004100,662.0,60.0,41.0,49.0,45.0,59.0,43.0,66.0,44.0,20.0,43.0,83.0,50.0,41.0,7.0,5.0,6.0,2017.0
619,13121004900,1084.0,167.0,32.0,15.0,33.0,57.0,3.0,63.0,8.0,55.0,110.0,140.0,123.0,95.0,61.0,72.0,50.0,2012.0
620,13121004900,1080.0,146.0,61.0,30.0,44.0,54.0,3.0,46.0,20.0,43.0,133.0,92.0,130.0,73.0,53.0,97.0,55.0,2013.0
621,13121004900,1045.0,162.0,76.0,34.0,87.0,6.0,22.0,19.0,25.0,11.0,121.0,86.0,147.0,83.0,50.0,43.0,73.0,2014.0
622,13121004900,1126.0,86.0,86.0,46.0,99.0,7.0,24.0,31.0,30.0,26.0,112.0,122.0,141.0,112.0,43.0,77.0,84.0,2015.0
623,13121004900,1178.0,45.0,152.0,22.0,116.0,12.0,17.0,45.0,20.0,17.0,117.0,93.0,147.0,121.0,60.0,98.0,96.0,2016.0
624,13121004900,1077.0,59.0,90.0,10.0,73.0,57.0,26.0,17.0,18.0,15.0,48.0,97.0,150.0,135.0,34.0,140.0,108.0,2017.0
625,13121004000,842.0,127.0,133.0,94.0,34.0,85.0,74.0,45.0,32.0,18.0,70.0,51.0,58.0,5.0,12.0,4.0,0.0,2012.0
626,13121004000,879.0,159.0,88.0,112.0,22.0,108.0,57.0,52.0,17.0,28.0,98.0,55.0,24.0,40.0,12.0,2.0,5.0,2013.0
627,13121004000,846.0,195.0,55.0,111.0,53.0,62.0,45.0,54.0,10.0,35.0,91.0,62.0,28.0,25.0,13.0,3.0,4.0,2014.0
628,13121004000,877.0,173.0,41.0,91.0,55.0,63.0,47.0,68.0,37.0,26.0,123.0,49.0,42.0,32.0,18.0,9.0,3.0,2015.0
629,13121004000,918.0,207.0,71.0,75.0,54.0,71.0,38.0,74.0,40.0,34.0,105.0,47.0,30.0,46.0,15.0,9.0,2.0,2016.0
630,13121004000,945.0,238.0,74.0,61.0,41.0,86.0,45.0,102.0,32.0,28.0,62.0,56.0,35.0,24.0,43.0,12.0,6.0,2017.0
631,13121004400,715.0,212.0,42.0,140.0,119.0,47.0,22.0,0.0,8.0,9.0,38.0,0.0,19.0,59.0,0.0,0.0,0.0,2012.0
632,13121004400,863.0,221.0,78.0,198.0,167.0,24.0,20.0,33.0,5.0,9.0,38.0,12.0,38.0,20.0,0.0,0.0,0.0,2013.0
633,13121004400,911.0,245.0,116.0,147.0,171.0,23.0,49.0,35.0,14.0,10.0,43.0,10.0,27.0,21.0,0.0,0.0,0.0,2014.0
634,13121004400,1011.0,246.0,170.0,131.0,181.0,22.0,46.0,38.0,11.0,50.0,57.0,8.0,28.0,23.0,0.0,0.0,0.0,2015.0
635,13121004400,1080.0,237.0,208.0,101.0,219.0,67.0,30.0,38.0,10.0,42.0,60.0,8.0,37.0,23.0,0.0,0.0,0.0,2016.0
636,13121004400,1126.0,243.0,260.0,86.0,168.0,120.0,41.0,46.0,0.0,57.0,26.0,18.0,45.0,16.0,0.0,0.0,0.0,2017.0
637,13121005300,1639.0,89.0,57.0,32.0,36.0,68.0,53.0,9.0,65.0,62.0,50.0,149.0,211.0,192.0,204.0,210.0,152.0,2012.0
638,13121005300,1582.0,103.0,46.0,29.0,26.0,55.0,54.0,18.0,45.0,38.0,100.0,145.0,182.0,198.0,192.0,170.0,181.0,2013.0
639,13121005300,1554.0,71.0,51.0,37.0,12.0,47.0,39.0,27.0,40.0,75.0,83.0,120.0,225.0,247.0,164.0,140.0,176.0,2014.0
640,13121005300,1530.0,87.0,25.0,53.0,17.0,52.0,28.0,27.0,91.0,55.0,74.0,55.0,271.0,236.0,120.0,129.0,210.0,2015.0
641,13121005300,1556.0,75.0,55.0,36.0,33.0,48.0,31.0,29.0,50.0,73.0,75.0,57.0,242.0,291.0,94.0,182.0,185.0,2016.0
642,13121005300,1585.0,68.0,44.0,31.0,34.0,63.0,0.0,14.0,77.0,40.0,84.0,64.0,311.0,284.0,113.0,166.0,192.0,2017.0
643,13121008400,1289.0,253.0,312.0,144.0,77.0,73.0,126.0,25.0,28.0,15.0,68.0,40.0,104.0,0.0,24.0,0.0,0.0,2012.0
644,13121008400,1231.0,288.0,208.0,99.0,156.0,56.0,88.0,67.0,32.0,32.0,37.0,52.0,116.0,0.0,0.0,0.0,0.0,2013.0
645,13121008400,1254.0,228.0,302.0,109.0,141.0,85.0,46.0,123.0,11.0,32.0,18.0,48.0,111.0,0.0,0.0,0.0,0.0,2014.0
646,13121008400,1264.0,207.0,230.0,109.0,200.0,75.0,83.0,87.0,23.0,24.0,28.0,69.0,104.0,0.0,0.0,25.0,0.0,2015.0
647,13121008400,1177.0,274.0,158.0,128.0,154.0,134.0,77.0,87.0,21.0,26.0,9.0,28.0,58.0,0.0,0.0,23.0,0.0,2016.0
648,13121008400,1215.0,233.0,158.0,140.0,156.0,156.0,51.0,100.0,34.0,24.0,32.0,32.0,30.0,0.0,44.0,25.0,0.0,2017.0
649,13121008302,786.0,150.0,134.0,65.0,97.0,18.0,39.0,52.0,14.0,52.0,33.0,67.0,48.0,0.0,6.0,0.0,11.0,2012.0
650,13121008302,736.0,120.0,112.0,37.0,82.0,24.0,62.0,52.0,18.0,52.0,40.0,90.0,25.0,0.0,7.0,0.0,15.0,2013.0
651,13121008302,624.0,81.0,99.0,32.0,80.0,36.0,39.0,29.0,23.0,19.0,44.0,90.0,32.0,0.0,7.0,0.0,13.0,2014.0
652,13121008302,710.0,56.0,126.0,60.0,66.0,68.0,44.0,28.0,50.0,0.0,43.0,115.0,37.0,0.0,6.0,0.0,11.0,2015.0
653,13121008302,669.0,60.0,81.0,67.0,68.0,96.0,45.0,51.0,27.0,0.0,51.0,77.0,35.0,0.0,0.0,5.0,6.0,2016.0
654,13121008302,671.0,69.0,76.0,67.0,62.0,80.0,56.0,48.0,37.0,0.0,38.0,77.0,46.0,0.0,0.0,6.0,9.0,2017.0
655,13121005200,1909.0,325.0,17.0,12.0,33.0,43.0,55.0,27.0,35.0,16.0,193.0,189.0,277.0,257.0,151.0,140.0,139.0,2012.0
656,13121005200,1981.0,247.0,9.0,26.0,15.0,80.0,12.0,57.0,47.0,66.0,211.0,180.0,286.0,305.0,138.0,122.0,180.0,2013.0
657,13121005200,2119.0,233.0,0.0,17.0,29.0,120.0,79.0,56.0,47.0,97.0,209.0,120.0,297.0,363.0,105.0,228.0,119.0,2014.0
658,13121005200,2344.0,216.0,16.0,18.0,46.0,123.0,74.0,55.0,64.0,85.0,232.0,192.0,401.0,357.0,120.0,229.0,116.0,2015.0
659,13121005200,2460.0,146.0,14.0,37.0,77.0,46.0,85.0,96.0,33.0,83.0,247.0,155.0,460.0,327.0,173.0,351.0,130.0,2016.0
660,13121005200,2390.0,85.0,12.0,38.0,71.0,49.0,106.0,86.0,84.0,99.0,165.0,160.0,318.0,291.0,218.0,404.0,204.0,2017.0
661,13121008500,1199.0,235.0,157.0,106.0,97.0,167.0,55.0,46.0,22.0,29.0,52.0,79.0,61.0,0.0,41.0,37.0,15.0,2012.0
662,13121008500,1151.0,195.0,139.0,81.0,101.0,146.0,66.0,65.0,41.0,46.0,66.0,79.0,55.0,0.0,14.0,50.0,7.0,2013.0
663,13121008500,1063.0,141.0,142.0,99.0,79.0,179.0,14.0,91.0,28.0,9.0,114.0,42.0,64.0,0.0,12.0,34.0,15.0,2014.0
664,13121008500,1068.0,100.0,118.0,135.0,120.0,173.0,20.0,69.0,33.0,36.0,111.0,55.0,49.0,0.0,17.0,18.0,14.0,2015.0
665,13121008500,1016.0,62.0,134.0,120.0,99.0,160.0,36.0,76.0,37.0,34.0,109.0,104.0,28.0,0.0,17.0,0.0,0.0,2016.0
666,13121008500,1048.0,81.0,88.0,165.0,119.0,107.0,56.0,48.0,86.0,13.0,134.0,116.0,20.0,0.0,15.0,0.0,0.0,2017.0
667,13121008202,837.0,191.0,98.0,125.0,58.0,39.0,40.0,34.0,135.0,7.0,11.0,43.0,10.0,22.0,0.0,24.0,0.0,2012.0
668,13121008202,774.0,142.0,79.0,73.0,68.0,60.0,85.0,29.0,104.0,8.0,18.0,46.0,24.0,17.0,0.0,21.0,0.0,2013.0
669,13121008202,727.0,135.0,90.0,70.0,57.0,60.0,89.0,11.0,64.0,41.0,28.0,31.0,32.0,0.0,0.0,19.0,0.0,2014.0
670,13121008202,749.0,90.0,104.0,80.0,47.0,83.0,80.0,23.0,61.0,38.0,30.0,50.0,44.0,0.0,0.0,19.0,0.0,2015.0
671,13121008202,741.0,62.0,125.0,74.0,36.0,86.0,107.0,15.0,51.0,33.0,40.0,68.0,35.0,0.0,4.0,5.0,0.0,2016.0
672,13121008202,741.0,57.0,104.0,88.0,42.0,115.0,83.0,21.0,45.0,23.0,26.0,65.0,56.0,0.0,5.0,11.0,0.0,2017.0
673,13121008601,1516.0,388.0,125.0,252.0,97.0,136.0,104.0,55.0,31.0,53.0,157.0,54.0,25.0,33.0,0.0,6.0,0.0,2012.0
674,13121008601,1637.0,431.0,139.0,238.0,155.0,153.0,140.0,63.0,34.0,18.0,149.0,68.0,33.0,13.0,0.0,3.0,0.0,2013.0
675,13121008601,1578.0,398.0,161.0,214.0,153.0,147.0,143.0,61.0,24.0,30.0,134.0,65.0,29.0,14.0,0.0,5.0,0.0,2014.0
676,13121008601,1612.0,403.0,184.0,169.0,168.0,176.0,96.0,79.0,28.0,52.0,118.0,52.0,65.0,16.0,0.0,6.0,0.0,2015.0
677,13121008601,1559.0,383.0,189.0,173.0,148.0,194.0,61.0,74.0,43.0,54.0,82.0,81.0,56.0,13.0,0.0,8.0,0.0,2016.0
678,13121008601,1534.0,351.0,146.0,174.0,205.0,175.0,110.0,40.0,80.0,50.0,70.0,66.0,29.0,38.0,0.0,0.0,0.0,2017.0
679,13121008301,967.0,163.0,100.0,98.0,112.0,86.0,86.0,74.0,34.0,10.0,83.0,70.0,31.0,7.0,0.0,0.0,13.0,2012.0
680,13121008301,994.0,181.0,90.0,83.0,163.0,95.0,52.0,32.0,17.0,48.0,90.0,46.0,71.0,7.0,0.0,0.0,19.0,2013.0
681,13121008301,923.0,170.0,22.0,98.0,77.0,96.0,78.0,81.0,19.0,58.0,81.0,80.0,49.0,0.0,8.0,0.0,6.0,2014.0
682,13121008301,965.0,166.0,43.0,120.0,100.0,69.0,75.0,88.0,20.0,54.0,88.0,63.0,49.0,14.0,8.0,0.0,8.0,2015.0
683,13121008301,919.0,109.0,37.0,102.0,92.0,76.0,80.0,78.0,14.0,46.0,84.0,96.0,57.0,33.0,7.0,0.0,8.0,2016.0
684,13121008301,927.0,139.0,81.0,68.0,114.0,108.0,71.0,29.0,48.0,50.0,81.0,49.0,34.0,37.0,9.0,0.0,9.0,2017.0
685,13121005501,908.0,134.0,147.0,138.0,42.0,42.0,31.0,33.0,14.0,0.0,14.0,85.0,82.0,47.0,33.0,34.0,32.0,2012.0
686,13121005501,949.0,198.0,140.0,135.0,32.0,72.0,36.0,65.0,21.0,0.0,32.0,60.0,56.0,19.0,21.0,31.0,31.0,2013.0
687,13121005501,960.0,214.0,149.0,85.0,27.0,70.0,50.0,52.0,15.0,5.0,39.0,88.0,57.0,15.0,32.0,54.0,8.0,2014.0
688,13121005501,960.0,239.0,133.0,119.0,2.0,63.0,31.0,44.0,16.0,10.0,70.0,63.0,75.0,22.0,35.0,38.0,0.0,2015.0
689,13121005501,896.0,225.0,100.0,123.0,4.0,27.0,48.0,50.0,14.0,28.0,57.0,53.0,48.0,18.0,43.0,54.0,4.0,2016.0
690,13121005501,903.0,200.0,82.0,122.0,9.0,31.0,62.0,43.0,47.0,42.0,68.0,53.0,49.0,10.0,23.0,46.0,16.0,2017.0
691,13121005700,556.0,148.0,105.0,48.0,50.0,84.0,30.0,17.0,0.0,16.0,20.0,0.0,38.0,0.0,0.0,0.0,0.0,2012.0
692,13121005700,575.0,150.0,105.0,62.0,51.0,52.0,48.0,7.0,6.0,10.0,43.0,0.0,41.0,0.0,0.0,0.0,0.0,2013.0
693,13121005700,658.0,160.0,135.0,55.0,77.0,43.0,37.0,29.0,5.0,24.0,43.0,5.0,45.0,0.0,0.0,0.0,0.0,2014.0
694,13121005700,656.0,151.0,162.0,59.0,68.0,10.0,43.0,44.0,13.0,24.0,29.0,5.0,36.0,0.0,0.0,0.0,12.0,2015.0
695,13121005700,671.0,146.0,141.0,76.0,78.0,13.0,42.0,55.0,15.0,25.0,23.0,12.0,26.0,7.0,0.0,0.0,12.0,2016.0
696,13121005700,664.0,96.0,126.0,117.0,59.0,37.0,36.0,55.0,12.0,21.0,43.0,15.0,17.0,9.0,0.0,9.0,12.0,2017.0
697,13121006400,358.0,65.0,5.0,49.0,48.0,46.0,29.0,16.0,0.0,18.0,29.0,34.0,12.0,7.0,0.0,0.0,0.0,2012.0
698,13121006400,307.0,60.0,14.0,37.0,14.0,39.0,19.0,6.0,16.0,0.0,61.0,11.0,15.0,15.0,0.0,0.0,0.0,2013.0
699,13121006400,348.0,47.0,22.0,30.0,40.0,26.0,17.0,4.0,27.0,0.0,72.0,24.0,15.0,24.0,0.0,0.0,0.0,2014.0
700,13121006400,332.0,45.0,16.0,28.0,55.0,21.0,14.0,4.0,25.0,17.0,37.0,34.0,17.0,19.0,0.0,0.0,0.0,2015.0
701,13121006400,346.0,33.0,13.0,30.0,39.0,38.0,2.0,4.0,21.0,23.0,20.0,70.0,14.0,29.0,10.0,0.0,0.0,2016.0
702,13121006400,348.0,30.0,16.0,10.0,44.0,50.0,5.0,4.0,26.0,28.0,32.0,66.0,0.0,23.0,10.0,0.0,4.0,2017.0
703,13121006300,663.0,164.0,36.0,128.0,68.0,64.0,41.0,9.0,38.0,16.0,42.0,33.0,17.0,7.0,0.0,0.0,0.0,2012.0
704,13121006300,742.0,213.0,7.0,100.0,92.0,59.0,54.0,10.0,41.0,28.0,51.0,53.0,26.0,8.0,0.0,0.0,0.0,2013.0
705,13121006300,669.0,172.0,26.0,114.0,61.0,74.0,38.0,9.0,28.0,5.0,60.0,53.0,15.0,14.0,0.0,0.0,0.0,2014.0
706,13121006300,621.0,180.0,17.0,91.0,63.0,64.0,38.0,10.0,35.0,10.0,48.0,26.0,16.0,17.0,0.0,0.0,6.0,2015.0
707,13121006300,629.0,184.0,19.0,68.0,49.0,63.0,47.0,23.0,34.0,14.0,63.0,38.0,11.0,10.0,0.0,0.0,6.0,2016.0
708,13121006300,597.0,145.0,49.0,54.0,52.0,34.0,40.0,39.0,17.0,10.0,75.0,29.0,22.0,12.0,6.0,7.0,6.0,2017.0
709,13121006100,1260.0,247.0,207.0,100.0,108.0,61.0,100.0,50.0,50.0,42.0,69.0,110.0,84.0,7.0,14.0,11.0,0.0,2012.0
710,13121006100,1312.0,257.0,277.0,90.0,58.0,60.0,98.0,90.0,69.0,63.0,73.0,65.0,70.0,29.0,13.0,0.0,0.0,2013.0
711,13121006100,1259.0,215.0,213.0,86.0,100.0,43.0,84.0,111.0,90.0,41.0,46.0,76.0,103.0,31.0,0.0,20.0,0.0,2014.0
712,13121006100,1290.0,199.0,180.0,128.0,73.0,43.0,78.0,136.0,101.0,53.0,63.0,74.0,106.0,37.0,8.0,11.0,0.0,2015.0
713,13121006100,1324.0,304.0,149.0,108.0,62.0,35.0,69.0,142.0,88.0,38.0,97.0,101.0,39.0,80.0,9.0,3.0,0.0,2016.0
714,13121006100,1330.0,280.0,128.0,89.0,101.0,78.0,79.0,125.0,71.0,21.0,114.0,127.0,35.0,69.0,10.0,3.0,0.0,2017.0
715,13121005502,1147.0,297.0,249.0,88.0,73.0,143.0,19.0,20.0,14.0,22.0,106.0,28.0,40.0,10.0,0.0,0.0,38.0,2012.0
716,13121005502,1206.0,309.0,238.0,153.0,60.0,80.0,71.0,29.0,34.0,24.0,101.0,28.0,40.0,10.0,10.0,0.0,19.0,2013.0
717,13121005502,1229.0,300.0,242.0,162.0,71.0,106.0,53.0,16.0,66.0,24.0,103.0,17.0,12.0,27.0,0.0,0.0,30.0,2014.0
718,13121005502,1140.0,314.0,220.0,171.0,58.0,57.0,87.0,17.0,36.0,24.0,109.0,16.0,0.0,31.0,0.0,0.0,0.0,2015.0
719,13121005502,1041.0,330.0,155.0,97.0,62.0,61.0,93.0,9.0,24.0,44.0,74.0,42.0,0.0,43.0,0.0,0.0,7.0,2016.0
720,13121005502,1104.0,289.0,137.0,143.0,28.0,97.0,76.0,19.0,45.0,28.0,65.0,76.0,66.0,27.0,0.0,0.0,8.0,2017.0
721,13121005800,483.0,133.0,65.0,52.0,55.0,17.0,50.0,0.0,9.0,19.0,8.0,25.0,10.0,6.0,20.0,0.0,14.0,2012.0
722,13121005800,484.0,101.0,59.0,78.0,32.0,12.0,66.0,0.0,0.0,18.0,20.0,25.0,41.0,10.0,0.0,22.0,0.0,2013.0
723,13121005800,539.0,93.0,65.0,90.0,18.0,11.0,88.0,0.0,0.0,10.0,44.0,46.0,64.0,10.0,0.0,0.0,0.0,2014.0
724,13121005800,585.0,114.0,28.0,105.0,33.0,29.0,47.0,0.0,6.0,7.0,54.0,53.0,65.0,19.0,10.0,15.0,0.0,2015.0
725,13121005800,612.0,88.0,34.0,72.0,63.0,37.0,50.0,23.0,4.0,16.0,60.0,36.0,78.0,20.0,9.0,17.0,5.0,2016.0
726,13121005800,638.0,75.0,28.0,69.0,69.0,65.0,26.0,21.0,24.0,20.0,74.0,38.0,63.0,27.0,9.0,20.0,10.0,2017.0
727,13121006500,1395.0,176.0,150.0,40.0,52.0,50.0,35.0,130.0,131.0,57.0,142.0,136.0,154.0,94.0,18.0,9.0,21.0,2012.0
728,13121006500,1320.0,211.0,90.0,59.0,46.0,46.0,58.0,66.0,153.0,33.0,180.0,81.0,151.0,89.0,31.0,18.0,8.0,2013.0
729,13121006500,1294.0,164.0,67.0,104.0,80.0,47.0,58.0,47.0,151.0,57.0,139.0,87.0,149.0,84.0,47.0,13.0,0.0,2014.0
730,13121006500,1347.0,192.0,66.0,94.0,108.0,36.0,63.0,40.0,161.0,84.0,177.0,117.0,91.0,74.0,29.0,15.0,0.0,2015.0
731,13121006500,1336.0,254.0,63.0,112.0,61.0,85.0,33.0,51.0,89.0,101.0,141.0,110.0,135.0,74.0,23.0,4.0,0.0,2016.0
732,13121006500,1452.0,256.0,82.0,105.0,54.0,136.0,48.0,54.0,111.0,66.0,79.0,104.0,169.0,96.0,46.0,6.0,40.0,2017.0
733,13121008602,605.0,161.0,48.0,15.0,75.0,24.0,21.0,24.0,68.0,21.0,56.0,49.0,11.0,14.0,16.0,2.0,0.0,2012.0
734,13121008602,479.0,102.0,19.0,18.0,73.0,22.0,10.0,30.0,47.0,21.0,45.0,34.0,14.0,0.0,35.0,9.0,0.0,2013.0
735,13121008602,453.0,70.0,22.0,34.0,85.0,11.0,31.0,28.0,12.0,36.0,33.0,49.0,2.0,0.0,29.0,8.0,3.0,2014.0
736,13121008602,478.0,55.0,20.0,38.0,34.0,24.0,51.0,52.0,24.0,25.0,49.0,41.0,6.0,10.0,33.0,11.0,5.0,2015.0
737,13121008602,525.0,53.0,24.0,32.0,49.0,43.0,48.0,75.0,22.0,0.0,64.0,43.0,18.0,11.0,26.0,12.0,5.0,2016.0
738,13121008602,587.0,56.0,17.0,25.0,62.0,39.0,64.0,97.0,41.0,5.0,96.0,35.0,11.0,20.0,13.0,0.0,6.0,2017.0
739,13121008800,2004.0,152.0,78.0,35.0,145.0,16.0,39.0,55.0,12.0,47.0,151.0,131.0,147.0,284.0,188.0,245.0,279.0,2012.0
740,13121008800,2073.0,214.0,42.0,37.0,78.0,79.0,72.0,34.0,55.0,51.0,145.0,140.0,169.0,203.0,214.0,285.0,255.0,2013.0
741,13121008800,2017.0,115.0,45.0,41.0,101.0,74.0,84.0,55.0,30.0,49.0,160.0,79.0,216.0,211.0,180.0,292.0,285.0,2014.0
742,13121008800,1932.0,102.0,42.0,28.0,133.0,99.0,62.0,56.0,14.0,96.0,200.0,88.0,176.0,193.0,134.0,296.0,213.0,2015.0
743,13121008800,2003.0,88.0,7.0,32.0,119.0,60.0,82.0,57.0,27.0,109.0,81.0,177.0,245.0,254.0,133.0,316.0,216.0,2016.0
744,13121008800,1935.0,75.0,34.0,33.0,127.0,39.0,45.0,90.0,16.0,78.0,199.0,98.0,220.0,234.0,161.0,237.0,249.0,2017.0
745,13121009200,3057.0,284.0,212.0,185.0,175.0,120.0,106.0,116.0,140.0,103.0,431.0,260.0,248.0,266.0,112.0,178.0,121.0,2012.0
746,13121009200,3135.0,290.0,193.0,157.0,193.0,116.0,43.0,105.0,105.0,113.0,454.0,326.0,235.0,294.0,173.0,186.0,152.0,2013.0
747,13121009200,3429.0,384.0,183.0,135.0,232.0,179.0,69.0,141.0,100.0,120.0,403.0,366.0,311.0,294.0,189.0,131.0,192.0,2014.0
748,13121009200,3530.0,340.0,155.0,92.0,221.0,170.0,64.0,116.0,91.0,186.0,348.0,523.0,477.0,287.0,186.0,111.0,163.0,2015.0
749,13121009200,3586.0,259.0,102.0,45.0,217.0,127.0,52.0,124.0,87.0,173.0,401.0,679.0,454.0,301.0,292.0,113.0,160.0,2016.0
750,13121009200,3446.0,256.0,58.0,117.0,109.0,139.0,95.0,101.0,47.0,211.0,398.0,561.0,621.0,272.0,153.0,118.0,190.0,2017.0
751,13121007500,1554.0,544.0,151.0,124.0,172.0,107.0,86.0,152.0,7.0,10.0,41.0,58.0,13.0,75.0,14.0,0.0,0.0,2012.0
752,13121007500,1538.0,536.0,179.0,108.0,134.0,118.0,80.0,119.0,0.0,11.0,34.0,96.0,44.0,61.0,18.0,0.0,0.0,2013.0
753,13121007500,1464.0,545.0,147.0,129.0,153.0,115.0,80.0,96.0,24.0,0.0,53.0,56.0,30.0,21.0,15.0,0.0,0.0,2014.0
754,13121007500,1534.0,526.0,197.0,125.0,185.0,91.0,78.0,101.0,21.0,26.0,39.0,77.0,34.0,23.0,0.0,11.0,0.0,2015.0
755,13121007500,1501.0,416.0,219.0,114.0,150.0,134.0,70.0,94.0,59.0,35.0,37.0,75.0,46.0,38.0,0.0,14.0,0.0,2016.0
756,13121007500,1555.0,297.0,222.0,133.0,183.0,159.0,95.0,29.0,60.0,77.0,51.0,50.0,118.0,40.0,0.0,28.0,13.0,2017.0
757,13121008101,441.0,42.0,23.0,47.0,53.0,47.0,60.0,41.0,20.0,3.0,30.0,23.0,31.0,21.0,0.0,0.0,0.0,2012.0
758,13121008101,399.0,47.0,33.0,48.0,36.0,48.0,51.0,8.0,46.0,9.0,19.0,17.0,15.0,22.0,0.0,0.0,0.0,2013.0
759,13121008101,392.0,70.0,21.0,42.0,23.0,58.0,46.0,9.0,23.0,35.0,24.0,21.0,16.0,4.0,0.0,0.0,0.0,2014.0
760,13121008101,388.0,81.0,26.0,39.0,26.0,29.0,22.0,12.0,26.0,21.0,52.0,23.0,22.0,9.0,0.0,0.0,0.0,2015.0
761,13121008101,395.0,79.0,22.0,35.0,41.0,36.0,21.0,8.0,25.0,22.0,51.0,26.0,15.0,14.0,0.0,0.0,0.0,2016.0
762,13121008101,432.0,51.0,29.0,38.0,56.0,31.0,15.0,35.0,22.0,15.0,78.0,24.0,13.0,13.0,12.0,0.0,0.0,2017.0
763,13121006000,1354.0,301.0,178.0,164.0,68.0,111.0,56.0,54.0,62.0,37.0,79.0,126.0,70.0,14.0,23.0,0.0,11.0,2012.0
764,13121006000,1308.0,259.0,168.0,126.0,122.0,75.0,59.0,58.0,60.0,56.0,74.0,115.0,86.0,16.0,24.0,0.0,10.0,2013.0
765,13121006000,1237.0,245.0,137.0,120.0,104.0,64.0,63.0,61.0,60.0,80.0,33.0,110.0,133.0,0.0,13.0,0.0,14.0,2014.0
766,13121006000,1228.0,189.0,168.0,110.0,81.0,81.0,86.0,75.0,80.0,91.0,46.0,101.0,97.0,10.0,5.0,0.0,8.0,2015.0
767,13121006000,1272.0,107.0,159.0,116.0,132.0,80.0,103.0,99.0,50.0,79.0,128.0,88.0,95.0,19.0,6.0,0.0,11.0,2016.0
768,13121006000,1327.0,100.0,77.0,181.0,161.0,53.0,77.0,100.0,77.0,83.0,157.0,53.0,153.0,40.0,0.0,7.0,8.0,2017.0
