"StateID","CountyID","TractID","GEOID","TractName","Latitude","Longitude"
"13","013","180103",13013180103,Census Tract 1801.03,+34.0791395,-083.8083173
"13","013","180104",13013180104,Census Tract 1801.04,+34.0058079,-083.8339347
"13","013","180105",13013180105,Census Tract 1801.05,+34.0405382,-083.8155021
"13","013","180106",13013180106,Census Tract 1801.06,+34.0237319,-083.8424034
"13","013","180107",13013180107,Census Tract 1801.07,+34.0149923,-083.7895842
"13","013","180108",13013180108,Census Tract 1801.08,+33.9768540,-083.8023847
"13","013","180203",13013180203,Census Tract 1802.03,+33.9843870,-083.6972806
"13","013","180204",13013180204,Census Tract 1802.04,+33.9679563,-083.7177095
"13","013","180205",13013180205,Census Tract 1802.05,+33.9896846,-083.7449601
"13","013","180206",13013180206,Census Tract 1802.06,+34.0200470,-083.7160751
"13","013","180301",13013180301,Census Tract 1803.01,+33.9859610,-083.6615446
"13","013","180302",13013180302,Census Tract 1803.02,+34.0238701,-083.6894759
"13","013","180303",13013180303,Census Tract 1803.03,+34.0419614,-083.7434344
"13","013","180401",13013180401,Census Tract 1804.01,+33.9905069,-083.6194325
"13","013","180402",13013180402,Census Tract 1804.02,+33.9869507,-083.5733438
"13","013","180501",13013180501,Census Tract 1805.01,+33.9555895,-083.7805108
"13","013","180502",13013180502,Census Tract 1805.02,+33.9355089,-083.6796850
"13","013","180503",13013180503,Census Tract 1805.03,+33.9261204,-083.7488667
"13","015","960101",13015960101,Census Tract 9601.01,+34.3777476,-084.7259909
"13","015","960102",13015960102,Census Tract 9601.02,+34.2962387,-084.7427869
"13","015","960200",13015960200,Census Tract 9602,+34.3422483,-084.9181558
"13","015","960300",13015960300,Census Tract 9603,+34.2583925,-084.9461426
"13","015","960401",13015960401,Census Tract 9604.01,+34.2184808,-084.8213638
"13","015","960402",13015960402,Census Tract 9604.02,+34.2348828,-084.7965029
"13","015","960500",13015960500,Census Tract 9605,+34.1994249,-084.8445143
"13","015","960600",13015960600,Census Tract 9606,+34.1491155,-084.8127113
"13","015","960700",13015960700,Census Tract 9607,+34.1911439,-084.7233765
"13","015","960801",13015960801,Census Tract 9608.01,+34.1222127,-084.6749820
"13","015","960802",13015960802,Census Tract 9608.02,+34.1106699,-084.6975654
"13","015","960803",13015960803,Census Tract 9608.03,+34.1109968,-084.7695060
"13","015","960901",13015960901,Census Tract 9609.01,+34.1225065,-084.8725548
"13","015","960902",13015960902,Census Tract 9609.02,+34.1724930,-084.8702779
"13","015","961000",13015961000,Census Tract 9610,+34.1347778,-084.9733063
"13","045","910101",13045910101,Census Tract 9101.01,+33.7295921,-084.9218971
"13","045","910103",13045910103,Census Tract 9101.03,+33.6914721,-084.9611659
"13","045","910104",13045910104,Census Tract 9101.04,+33.7584173,-084.9497034
"13","045","910200",13045910200,Census Tract 9102,+33.7247878,-085.0328062
"13","045","910300",13045910300,Census Tract 9103,+33.6425612,-085.1809983
"13","045","910400",13045910400,Census Tract 9104,+33.5875294,-085.2703774
"13","045","910501",13045910501,Census Tract 9105.01,+33.5892617,-085.1192725
"13","045","910502",13045910502,Census Tract 9105.02,+33.5854378,-085.0894038
"13","045","910600",13045910600,Census Tract 9106,+33.6281783,-085.0670961
"13","045","910701",13045910701,Census Tract 9107.01,+33.5725958,-084.9995241
"13","045","910702",13045910702,Census Tract 9107.02,+33.6190569,-084.9446961
"13","045","910703",13045910703,Census Tract 9107.03,+33.6292267,-085.0034028
"13","045","910800",13045910800,Census Tract 9108,+33.5198017,-084.9180980
"13","045","910900",13045910900,Census Tract 9109,+33.4592669,-085.1017683
"13","045","911000",13045911000,Census Tract 9110,+33.5261021,-085.0387864
"13","045","911100",13045911100,Census Tract 9111,+33.5317904,-085.1095169
"13","045","911200",13045911200,Census Tract 9112,+33.5000142,-085.2304748
"13","057","090100",13057090100,Census Tract 901,+34.3419758,-084.3763101
"13","057","090200",13057090200,Census Tract 902,+34.3230794,-084.5736854
"13","057","090300",13057090300,Census Tract 903,+34.2140718,-084.5877807
"13","057","090400",13057090400,Census Tract 904,+34.2765223,-084.4623251
"13","057","090501",13057090501,Census Tract 905.01,+34.2697718,-084.3362192
"13","057","090502",13057090502,Census Tract 905.02,+34.2216979,-084.3362493
"13","057","090601",13057090601,Census Tract 906.01,+34.2078484,-084.4869765
"13","057","090602",13057090602,Census Tract 906.02,+34.2291846,-084.4438860
"13","057","090701",13057090701,Census Tract 907.01,+34.1686550,-084.5413814
"13","057","090702",13057090702,Census Tract 907.02,+34.1697673,-084.4970188
"13","057","090802",13057090802,Census Tract 908.02,+34.1693178,-084.3827299
"13","057","090803",13057090803,Census Tract 908.03,+34.1753878,-084.4432400
"13","057","090804",13057090804,Census Tract 908.04,+34.1441797,-084.4405896
"13","057","090901",13057090901,Census Tract 909.01,+34.1162820,-084.4478928
"13","057","090902",13057090902,Census Tract 909.02,+34.0882297,-084.4491443
"13","057","090904",13057090904,Census Tract 909.04,+34.1016473,-084.5005023
"13","057","090905",13057090905,Census Tract 909.05,+34.0809330,-084.5052370
"13","057","091001",13057091001,Census Tract 910.01,+34.1031593,-084.5226509
"13","057","091003",13057091003,Census Tract 910.03,+34.0893576,-084.5669663
"13","057","091005",13057091005,Census Tract 910.05,+34.1004981,-084.5527112
"13","057","091006",13057091006,Census Tract 910.06,+34.1242244,-084.5706790
"13","057","091007",13057091007,Census Tract 910.07,+34.1446616,-084.5672875
"13","057","091008",13057091008,Census Tract 910.08,+34.1245135,-084.5441496
"13","057","091101",13057091101,Census Tract 911.01,+34.1482561,-084.6043979
"13","057","091102",13057091102,Census Tract 911.02,+34.0976311,-084.6025780
"13","057","091103",13057091103,Census Tract 911.03,+34.1101936,-084.6313939
"13","063","040202",13063040202,Census Tract 402.02,+33.6143004,-084.4155140
"13","063","040203",13063040203,Census Tract 402.03,+33.6075112,-084.4529581
"13","063","040204",13063040204,Census Tract 402.04,+33.6040061,-084.4409621
"13","063","040302",13063040302,Census Tract 403.02,+33.6332886,-084.3719886
"13","063","040303",13063040303,Census Tract 403.03,+33.6339134,-084.3515821
"13","063","040306",13063040306,Census Tract 403.06,+33.6042708,-084.3869129
"13","063","040307",13063040307,Census Tract 403.07,+33.5988500,-084.3624905
"13","063","040308",13063040308,Census Tract 403.08,+33.6341183,-084.3900028
"13","063","040407",13063040407,Census Tract 404.07,+33.6071615,-084.3298311
"13","063","040408",13063040408,Census Tract 404.08,+33.5909098,-084.3337717
"13","063","040409",13063040409,Census Tract 404.09,+33.5926501,-084.3069096
"13","063","040410",13063040410,Census Tract 404.10,+33.6278956,-084.3099165
"13","063","040411",13063040411,Census Tract 404.11,+33.6048292,-084.2715699
"13","063","040412",13063040412,Census Tract 404.12,+33.5707365,-084.3273936
"13","063","040413",13063040413,Census Tract 404.13,+33.5702711,-084.2849454
"13","063","040414",13063040414,Census Tract 404.14,+33.5862404,-084.3745625
"13","063","040415",13063040415,Census Tract 404.15,+33.5724600,-084.3791989
"13","063","040416",13063040416,Census Tract 404.16,+33.5795255,-084.3543849
"13","063","040417",13063040417,Census Tract 404.17,+33.5617454,-084.3532446
"13","063","040509",13063040509,Census Tract 405.09,+33.5825232,-084.4470958
"13","063","040510",13063040510,Census Tract 405.10,+33.5874245,-084.4273281
"13","063","040512",13063040512,Census Tract 405.12,+33.5743855,-084.4333110
"13","063","040513",13063040513,Census Tract 405.13,+33.5584721,-084.4387615
"13","063","040514",13063040514,Census Tract 405.14,+33.5377326,-084.4263347
"13","063","040515",13063040515,Census Tract 405.15,+33.5313286,-084.4079617
"13","063","040516",13063040516,Census Tract 405.16,+33.5308096,-084.3873528
"13","063","040518",13063040518,Census Tract 405.18,+33.5103898,-084.3912997
"13","063","040519",13063040519,Census Tract 405.19,+33.5915830,-084.4176676
"13","063","040520",13063040520,Census Tract 405.20,+33.5980823,-084.4143113
"13","063","040521",13063040521,Census Tract 405.21,+33.5697628,-084.3905458
"13","063","040522",13063040522,Census Tract 405.22,+33.5870535,-084.4021627
"13","063","040523",13063040523,Census Tract 405.23,+33.5599525,-084.4092722
"13","063","040524",13063040524,Census Tract 405.24,+33.5526754,-084.3915052
"13","063","040525",13063040525,Census Tract 405.25,+33.4980413,-084.3954969
"13","063","040526",13063040526,Census Tract 405.26,+33.5080964,-084.4128313
"13","063","040606",13063040606,Census Tract 406.06,+33.4677661,-084.3120126
"13","063","040608",13063040608,Census Tract 406.08,+33.4068671,-084.3719708
"13","063","040609",13063040609,Census Tract 406.09,+33.5439715,-084.3291756
"13","063","040611",13063040611,Census Tract 406.11,+33.5527520,-084.3634253
"13","063","040612",13063040612,Census Tract 406.12,+33.5209285,-084.3626158
"13","063","040613",13063040613,Census Tract 406.13,+33.5099245,-084.3267278
"13","063","040614",13063040614,Census Tract 406.14,+33.5211092,-084.3048865
"13","063","040615",13063040615,Census Tract 406.15,+33.5415715,-084.3039305
"13","063","040616",13063040616,Census Tract 406.16,+33.5599490,-084.2945997
"13","063","040617",13063040617,Census Tract 406.17,+33.5584265,-084.2673233
"13","063","040619",13063040619,Census Tract 406.19,+33.5049362,-084.3790981
"13","063","040620",13063040620,Census Tract 406.20,+33.4890457,-084.3662641
"13","063","040621",13063040621,Census Tract 406.21,+33.4590317,-084.3496605
"13","063","040622",13063040622,Census Tract 406.22,+33.4832875,-084.3654974
"13","067","030101",13067030101,Census Tract 301.01,+34.0345154,-084.7073487
"13","067","030103",13067030103,Census Tract 301.03,+34.0520828,-084.6819436
"13","067","030104",13067030104,Census Tract 301.04,+34.0724573,-084.6666857
"13","067","030106",13067030106,Census Tract 301.06,+34.0689224,-084.6443523
"13","067","030107",13067030107,Census Tract 301.07,+34.0741495,-084.6281688
"13","067","030209",13067030209,Census Tract 302.09,+33.9371043,-084.6385274
"13","067","030214",13067030214,Census Tract 302.14,+34.0160081,-084.6559116
"13","067","030215",13067030215,Census Tract 302.15,+34.0098310,-084.6329222
"13","067","030218",13067030218,Census Tract 302.18,+33.9857237,-084.6530634
"13","067","030219",13067030219,Census Tract 302.19,+34.0043367,-084.7048539
"13","067","030220",13067030220,Census Tract 302.20,+34.0568459,-084.5606864
"13","067","030222",13067030222,Census Tract 302.22,+34.0649066,-084.5773088
"13","067","030223",13067030223,Census Tract 302.23,+34.0651970,-084.5953399
"13","067","030224",13067030224,Census Tract 302.24,+34.0352330,-084.6367121
"13","067","030226",13067030226,Census Tract 302.26,+34.0540909,-084.6183024
"13","067","030227",13067030227,Census Tract 302.27,+34.0300721,-084.6118113
"13","067","030228",13067030228,Census Tract 302.28,+34.0334648,-084.5649610
"13","067","030229",13067030229,Census Tract 302.29,+34.0216597,-084.5878339
"13","067","030230",13067030230,Census Tract 302.30,+33.9851297,-084.6067944
"13","067","030231",13067030231,Census Tract 302.31,+33.9629492,-084.6413131
"13","067","030232",13067030232,Census Tract 302.32,+33.9113951,-084.6467406
"13","067","030233",13067030233,Census Tract 302.33,+33.9141042,-084.6082758
"13","067","030234",13067030234,Census Tract 302.34,+33.9135913,-084.7072365
"13","067","030235",13067030235,Census Tract 302.35,+33.9283947,-084.6793579
"13","067","030236",13067030236,Census Tract 302.36,+33.9814336,-084.7237289
"13","067","030238",13067030238,Census Tract 302.38,+33.9525366,-084.7221971
"13","067","030239",13067030239,Census Tract 302.39,+33.9666268,-084.6858488
"13","067","030310",13067030310,Census Tract 303.10,+34.0673822,-084.5426330
"13","067","030311",13067030311,Census Tract 303.11,+34.0596190,-084.5031369
"13","067","030312",13067030312,Census Tract 303.12,+34.0302363,-084.5121123
"13","067","030313",13067030313,Census Tract 303.13,+34.0354083,-084.5480820
"13","067","030314",13067030314,Census Tract 303.14,+34.0295514,-084.4828039
"13","067","030318",13067030318,Census Tract 303.18,+33.9455066,-084.4289385
"13","067","030319",13067030319,Census Tract 303.19,+33.9657259,-084.3959056
"13","067","030320",13067030320,Census Tract 303.20,+33.9217087,-084.4522400
"13","067","030322",13067030322,Census Tract 303.22,+34.0469993,-084.4472175
"13","067","030324",13067030324,Census Tract 303.24,+34.0715256,-084.5008181
"13","067","030326",13067030326,Census Tract 303.26,+34.0656798,-084.4436640
"13","067","030327",13067030327,Census Tract 303.27,+34.0249511,-084.4575396
"13","067","030328",13067030328,Census Tract 303.28,+34.0229425,-084.4312466
"13","067","030329",13067030329,Census Tract 303.29,+34.0004346,-084.4819319
"13","067","030330",13067030330,Census Tract 303.30,+33.9906941,-084.4693191
"13","067","030331",13067030331,Census Tract 303.31,+34.0016443,-084.4487328
"13","067","030332",13067030332,Census Tract 303.32,+33.9852375,-084.4415196
"13","067","030333",13067030333,Census Tract 303.33,+33.9662236,-084.4520085
"13","067","030334",13067030334,Census Tract 303.34,+33.9714862,-084.4266080
"13","067","030335",13067030335,Census Tract 303.35,+34.0075935,-084.4120365
"13","067","030336",13067030336,Census Tract 303.36,+33.9904162,-084.4121739
"13","067","030337",13067030337,Census Tract 303.37,+33.9790594,-084.3993265
"13","067","030339",13067030339,Census Tract 303.39,+33.8829990,-084.4520290
"13","067","030340",13067030340,Census Tract 303.40,+34.0517167,-084.4657870
"13","067","030341",13067030341,Census Tract 303.41,+34.0637418,-084.4796959
"13","067","030342",13067030342,Census Tract 303.42,+34.0505085,-084.4314493
"13","067","030343",13067030343,Census Tract 303.43,+34.0337160,-084.4176130
"13","067","030344",13067030344,Census Tract 303.44,+33.9075148,-084.4754314
"13","067","030345",13067030345,Census Tract 303.45,+33.8976294,-084.4682740
"13","067","030405",13067030405,Census Tract 304.05,+33.9369618,-084.4922623
"13","067","030407",13067030407,Census Tract 304.07,+33.9472881,-084.4806579
"13","067","030408",13067030408,Census Tract 304.08,+33.9346665,-084.4667670
"13","067","030409",13067030409,Census Tract 304.09,+33.9655821,-084.4710691
"13","067","030410",13067030410,Census Tract 304.10,+33.9591968,-084.4871763
"13","067","030411",13067030411,Census Tract 304.11,+33.9371615,-084.5025541
"13","067","030412",13067030412,Census Tract 304.12,+33.9278965,-084.5036990
"13","067","030413",13067030413,Census Tract 304.13,+33.9183951,-084.4753523
"13","067","030414",13067030414,Census Tract 304.14,+33.9160414,-084.4925295
"13","067","030502",13067030502,Census Tract 305.02,+33.9900488,-084.5126394
"13","067","030504",13067030504,Census Tract 305.04,+33.9721043,-084.5120443
"13","067","030505",13067030505,Census Tract 305.05,+33.9632800,-084.5067303
"13","067","030506",13067030506,Census Tract 305.06,+33.9974216,-084.5386849
"13","067","030507",13067030507,Census Tract 305.07,+34.0070877,-084.5138143
"13","067","030601",13067030601,Census Tract 306.01,+33.9970241,-084.5634889
"13","067","030602",13067030602,Census Tract 306.02,+33.9690305,-084.5708590
"13","067","030700",13067030700,Census Tract 307,+33.9598687,-084.5382553
"13","067","030800",13067030800,Census Tract 308,+33.9397344,-084.5258982
"13","067","030901",13067030901,Census Tract 309.01,+33.9344898,-084.5844907
"13","067","030902",13067030902,Census Tract 309.02,+33.9399148,-084.5548512
"13","067","030904",13067030904,Census Tract 309.04,+33.9220956,-084.5659958
"13","067","030905",13067030905,Census Tract 309.05,+33.9073366,-084.5863344
"13","067","031001",13067031001,Census Tract 310.01,+33.9140638,-084.5138527
"13","067","031002",13067031002,Census Tract 310.02,+33.9092436,-084.5585040
"13","067","031004",13067031004,Census Tract 310.04,+33.8929788,-084.5559847
"13","067","031005",13067031005,Census Tract 310.05,+33.8927977,-084.5830911
"13","067","031101",13067031101,Census Tract 311.01,+33.8927419,-084.5284012
"13","067","031106",13067031106,Census Tract 311.06,+33.8638208,-084.5786900
"13","067","031108",13067031108,Census Tract 311.08,+33.8923295,-084.5078788
"13","067","031110",13067031110,Census Tract 311.10,+33.8768783,-084.5232851
"13","067","031111",13067031111,Census Tract 311.11,+33.8795357,-084.5002377
"13","067","031112",13067031112,Census Tract 311.12,+33.8669360,-084.5087129
"13","067","031113",13067031113,Census Tract 311.13,+33.9030541,-084.4940850
"13","067","031114",13067031114,Census Tract 311.14,+33.8912084,-084.4856200
"13","067","031115",13067031115,Census Tract 311.15,+33.8752006,-084.5514728
"13","067","031116",13067031116,Census Tract 311.16,+33.8848474,-084.5424904
"13","067","031117",13067031117,Census Tract 311.17,+33.8584638,-084.5511894
"13","067","031118",13067031118,Census Tract 311.18,+33.8554556,-084.5269135
"13","067","031205",13067031205,Census Tract 312.05,+33.8272323,-084.4758978
"13","067","031206",13067031206,Census Tract 312.06,+33.8360125,-084.4997732
"13","067","031207",13067031207,Census Tract 312.07,+33.8710765,-084.4701703
"13","067","031208",13067031208,Census Tract 312.08,+33.8737406,-084.4837332
"13","067","031209",13067031209,Census Tract 312.09,+33.8558429,-084.4944273
"13","067","031211",13067031211,Census Tract 312.11,+33.8575174,-084.4790865
"13","067","031212",13067031212,Census Tract 312.12,+33.8546655,-084.4647072
"13","067","031306",13067031306,Census Tract 313.06,+33.8271750,-084.5907695
"13","067","031307",13067031307,Census Tract 313.07,+33.8348391,-084.5568121
"13","067","031308",13067031308,Census Tract 313.08,+33.8057144,-084.5835878
"13","067","031309",13067031309,Census Tract 313.09,+33.7976345,-084.6010109
"13","067","031310",13067031310,Census Tract 313.10,+33.7658488,-084.5739412
"13","067","031311",13067031311,Census Tract 313.11,+33.7863383,-084.5604073
"13","067","031312",13067031312,Census Tract 313.12,+33.8006210,-084.5436259
"13","067","031313",13067031313,Census Tract 313.13,+33.8183000,-084.5254222
"13","067","031404",13067031404,Census Tract 314.04,+33.8363959,-084.6067072
"13","067","031405",13067031405,Census Tract 314.05,+33.8716570,-084.6136363
"13","067","031406",13067031406,Census Tract 314.06,+33.8548908,-084.6079591
"13","067","031408",13067031408,Census Tract 314.08,+33.8172758,-084.6615538
"13","067","031409",13067031409,Census Tract 314.09,+33.8331480,-084.6441417
"13","067","031503",13067031503,Census Tract 315.03,+33.8884682,-084.6339650
"13","067","031505",13067031505,Census Tract 315.05,+33.8591018,-084.6850022
"13","067","031506",13067031506,Census Tract 315.06,+33.8773990,-084.6658372
"13","067","031507",13067031507,Census Tract 315.07,+33.8666795,-084.6474085
"13","067","031508",13067031508,Census Tract 315.08,+33.8923220,-084.7041280
"13","067","031509",13067031509,Census Tract 315.09,+33.8400494,-084.7066926
"13","077","170100",13077170100,Census Tract 1701,+33.3863321,-084.9386931
"13","077","170200",13077170200,Census Tract 1702,+33.4180407,-084.8452054
"13","077","170303",13077170303,Census Tract 1703.03,+33.4810587,-084.7881445
"13","077","170304",13077170304,Census Tract 1703.04,+33.4332833,-084.7771138
"13","077","170305",13077170305,Census Tract 1703.05,+33.4075380,-084.7563483
"13","077","170306",13077170306,Census Tract 1703.06,+33.4009766,-084.7274535
"13","077","170402",13077170402,Census Tract 1704.02,+33.4746222,-084.6321727
"13","077","170403",13077170403,Census Tract 1704.03,+33.4827732,-084.7168950
"13","077","170404",13077170404,Census Tract 1704.04,+33.4234060,-084.6778405
"13","077","170405",13077170405,Census Tract 1704.05,+33.3930418,-084.6839626
"13","077","170406",13077170406,Census Tract 1704.06,+33.4313587,-084.6599249
"13","077","170501",13077170501,Census Tract 1705.01,+33.3277464,-084.6450466
"13","077","170502",13077170502,Census Tract 1705.02,+33.2631534,-084.6093009
"13","077","170503",13077170503,Census Tract 1705.03,+33.2834644,-084.5429643
"13","077","170601",13077170601,Census Tract 1706.01,+33.3546518,-084.7939635
"13","077","170602",13077170602,Census Tract 1706.02,+33.3663238,-084.7342672
"13","077","170603",13077170603,Census Tract 1706.03,+33.3463397,-084.7066145
"13","077","170700",13077170700,Census Tract 1707,+33.3439624,-084.8507701
"13","077","170801",13077170801,Census Tract 1708.01,+33.2754741,-084.8583501
"13","077","170802",13077170802,Census Tract 1708.02,+33.2734607,-084.7520389
"13","089","020100",13089020100,Census Tract 201,+33.7998709,-084.3432667
"13","089","020200",13089020200,Census Tract 202,+33.7756064,-084.3402667
"13","089","020300",13089020300,Census Tract 203,+33.7659856,-084.3295009
"13","089","020400",13089020400,Census Tract 204,+33.7660727,-084.3443392
"13","089","020500",13089020500,Census Tract 205,+33.7526586,-084.3416193
"13","089","020600",13089020600,Census Tract 206,+33.7576172,-084.3356822
"13","089","020700",13089020700,Census Tract 207,+33.7538960,-084.3249841
"13","089","020801",13089020801,Census Tract 208.01,+33.7558508,-084.3162221
"13","089","020802",13089020802,Census Tract 208.02,+33.7469348,-084.3020707
"13","089","020900",13089020900,Census Tract 209,+33.7365045,-084.3368900
"13","089","021101",13089021101,Census Tract 211.01,+33.8890409,-084.3408830
"13","089","021102",13089021102,Census Tract 211.02,+33.8699232,-084.3381563
"13","089","021202",13089021202,Census Tract 212.02,+33.9106209,-084.3293153
"13","089","021204",13089021204,Census Tract 212.04,+33.8818172,-084.2990936
"13","089","021208",13089021208,Census Tract 212.08,+33.9012148,-084.3036716
"13","089","021209",13089021209,Census Tract 212.09,+33.8944121,-084.3221253
"13","089","021210",13089021210,Census Tract 212.10,+33.9413866,-084.3127008
"13","089","021211",13089021211,Census Tract 212.11,+33.9504724,-084.2848305
"13","089","021213",13089021213,Census Tract 212.13,+33.9541113,-084.3423463
"13","089","021214",13089021214,Census Tract 212.14,+33.9598268,-084.3206253
"13","089","021215",13089021215,Census Tract 212.15,+33.9313282,-084.3407153
"13","089","021216",13089021216,Census Tract 212.16,+33.9277496,-084.3271691
"13","089","021217",13089021217,Census Tract 212.17,+33.9283005,-084.2899882
"13","089","021218",13089021218,Census Tract 212.18,+33.9290670,-084.2996770
"13","089","021301",13089021301,Census Tract 213.01,+33.9064981,-084.2889927
"13","089","021303",13089021303,Census Tract 213.03,+33.9041561,-084.2571404
"13","089","021305",13089021305,Census Tract 213.05,+33.9338853,-084.2720336
"13","089","021306",13089021306,Census Tract 213.06,+33.9189560,-084.2743604
"13","089","021307",13089021307,Census Tract 213.07,+33.8909907,-084.2742635
"13","089","021308",13089021308,Census Tract 213.08,+33.8758205,-084.2857254
"13","089","021405",13089021405,Census Tract 214.05,+33.8571507,-084.3293418
"13","089","021409",13089021409,Census Tract 214.09,+33.8610663,-084.2957708
"13","089","021410",13089021410,Census Tract 214.10,+33.8515628,-084.3078858
"13","089","021411",13089021411,Census Tract 214.11,+33.8667772,-084.3293120
"13","089","021412",13089021412,Census Tract 214.12,+33.8718337,-084.3152253
"13","089","021413",13089021413,Census Tract 214.13,+33.8518694,-084.3234915
"13","089","021414",13089021414,Census Tract 214.14,+33.8500678,-084.3171558
"13","089","021415",13089021415,Census Tract 214.15,+33.8397088,-084.3448974
"13","089","021416",13089021416,Census Tract 214.16,+33.8473240,-084.3339712
"13","089","021417",13089021417,Census Tract 214.17,+33.8396707,-084.3342163
"13","089","021502",13089021502,Census Tract 215.02,+33.8172846,-084.3411507
"13","089","021503",13089021503,Census Tract 215.03,+33.8194923,-084.3267018
"13","089","021504",13089021504,Census Tract 215.04,+33.8131136,-084.3158996
"13","089","021602",13089021602,Census Tract 216.02,+33.8162885,-084.2960928
"13","089","021603",13089021603,Census Tract 216.03,+33.8289820,-084.3173981
"13","089","021604",13089021604,Census Tract 216.04,+33.8342028,-084.2977135
"13","089","021605",13089021605,Census Tract 216.05,+33.8500351,-084.2944229
"13","089","021703",13089021703,Census Tract 217.03,+33.8452032,-084.2757092
"13","089","021704",13089021704,Census Tract 217.04,+33.8323879,-084.2632943
"13","089","021705",13089021705,Census Tract 217.05,+33.8802536,-084.2600300
"13","089","021706",13089021706,Census Tract 217.06,+33.8621899,-084.2682578
"13","089","021805",13089021805,Census Tract 218.05,+33.8347969,-084.2220481
"13","089","021806",13089021806,Census Tract 218.06,+33.8424106,-084.1944596
"13","089","021808",13089021808,Census Tract 218.08,+33.8755300,-084.2410351
"13","089","021809",13089021809,Census Tract 218.09,+33.8657494,-084.2154512
"13","089","021810",13089021810,Census Tract 218.10,+33.8540204,-084.2415838
"13","089","021812",13089021812,Census Tract 218.12,+33.8873525,-084.2373155
"13","089","021813",13089021813,Census Tract 218.13,+33.9008398,-084.2392557
"13","089","021814",13089021814,Census Tract 218.14,+33.8933025,-084.2393074
"13","089","021906",13089021906,Census Tract 219.06,+33.7979856,-084.1769228
"13","089","021907",13089021907,Census Tract 219.07,+33.8059400,-084.1476178
"13","089","021908",13089021908,Census Tract 219.08,+33.7993220,-084.1882997
"13","089","021909",13089021909,Census Tract 219.09,+33.7937522,-084.2065730
"13","089","021910",13089021910,Census Tract 219.10,+33.8203960,-084.2038307
"13","089","021911",13089021911,Census Tract 219.11,+33.8177366,-084.1907575
"13","089","021912",13089021912,Census Tract 219.12,+33.8355449,-084.1587129
"13","089","021913",13089021913,Census Tract 219.13,+33.8265565,-084.1835182
"13","089","022001",13089022001,Census Tract 220.01,+33.8208007,-084.2501876
"13","089","022004",13089022004,Census Tract 220.04,+33.8067192,-084.2173507
"13","089","022005",13089022005,Census Tract 220.05,+33.7912067,-084.2330420
"13","089","022007",13089022007,Census Tract 220.07,+33.8103626,-084.2466272
"13","089","022008",13089022008,Census Tract 220.08,+33.7993369,-084.2328445
"13","089","022009",13089022009,Census Tract 220.09,+33.8209358,-084.2350392
"13","089","022010",13089022010,Census Tract 220.10,+33.8131969,-084.2297644
"13","089","022100",13089022100,Census Tract 221,+33.7906241,-084.2553347
"13","089","022203",13089022203,Census Tract 222.03,+33.7864692,-084.2743533
"13","089","022204",13089022204,Census Tract 222.04,+33.8041575,-084.2688192
"13","089","022301",13089022301,Census Tract 223.01,+33.7976551,-084.2935166
"13","089","022302",13089022302,Census Tract 223.02,+33.8131972,-084.2811217
"13","089","022401",13089022401,Census Tract 224.01,+33.7884482,-084.3430661
"13","089","022402",13089022402,Census Tract 224.02,+33.7981091,-084.3224275
"13","089","022403",13089022403,Census Tract 224.03,+33.7761539,-084.3212938
"13","089","022500",13089022500,Census Tract 225,+33.7759491,-084.3055206
"13","089","022600",13089022600,Census Tract 226,+33.7806155,-084.2918776
"13","089","022700",13089022700,Census Tract 227,+33.7604576,-084.3039352
"13","089","022800",13089022800,Census Tract 228,+33.7630322,-084.2895841
"13","089","022900",13089022900,Census Tract 229,+33.7592800,-084.2784607
"13","089","023000",13089023000,Census Tract 230,+33.7708628,-084.2684881
"13","089","023101",13089023101,Census Tract 231.01,+33.7439772,-084.2760817
"13","089","023102",13089023102,Census Tract 231.02,+33.7646972,-084.2563634
"13","089","023107",13089023107,Census Tract 231.07,+33.7496649,-084.2513283
"13","089","023108",13089023108,Census Tract 231.08,+33.7452843,-084.2322393
"13","089","023111",13089023111,Census Tract 231.11,+33.7574297,-084.2269034
"13","089","023112",13089023112,Census Tract 231.12,+33.7649495,-084.2385881
"13","089","023113",13089023113,Census Tract 231.13,+33.7788335,-084.2560990
"13","089","023114",13089023114,Census Tract 231.14,+33.7808851,-084.2300879
"13","089","023115",13089023115,Census Tract 231.15,+33.7738177,-084.2414147
"13","089","023204",13089023204,Census Tract 232.04,+33.7748198,-084.2108400
"13","089","023206",13089023206,Census Tract 232.06,+33.7467447,-084.2083098
"13","089","023208",13089023208,Census Tract 232.08,+33.7749675,-084.1855843
"13","089","023209",13089023209,Census Tract 232.09,+33.7743419,-084.1725253
"13","089","023210",13089023210,Census Tract 232.10,+33.7560524,-084.1823630
"13","089","023211",13089023211,Census Tract 232.11,+33.7409095,-084.1891035
"13","089","023212",13089023212,Census Tract 232.12,+33.7402843,-084.1729465
"13","089","023213",13089023213,Census Tract 232.13,+33.7214445,-084.2040175
"13","089","023214",13089023214,Census Tract 232.14,+33.7169277,-084.1781093
"13","089","023303",13089023303,Census Tract 233.03,+33.7165568,-084.0804965
"13","089","023306",13089023306,Census Tract 233.06,+33.7538831,-084.1315944
"13","089","023309",13089023309,Census Tract 233.09,+33.7215175,-084.1385473
"13","089","023310",13089023310,Census Tract 233.10,+33.7095789,-084.1411108
"13","089","023311",13089023311,Census Tract 233.11,+33.7788055,-084.1200363
"13","089","023312",13089023312,Census Tract 233.12,+33.7745201,-084.1456590
"13","089","023313",13089023313,Census Tract 233.13,+33.7350853,-084.1246802
"13","089","023314",13089023314,Census Tract 233.14,+33.7416932,-084.1554622
"13","089","023315",13089023315,Census Tract 233.15,+33.7541928,-084.0660228
"13","089","023316",13089023316,Census Tract 233.16,+33.7769524,-084.0942151
"13","089","023410",13089023410,Census Tract 234.10,+33.7083201,-084.2744740
"13","089","023411",13089023411,Census Tract 234.11,+33.7014158,-084.2899992
"13","089","023412",13089023412,Census Tract 234.12,+33.7068578,-084.2432559
"13","089","023413",13089023413,Census Tract 234.13,+33.6919664,-084.2382775
"13","089","023414",13089023414,Census Tract 234.14,+33.6961644,-084.2166110
"13","089","023416",13089023416,Census Tract 234.16,+33.6840048,-084.1868629
"13","089","023418",13089023418,Census Tract 234.18,+33.6693041,-084.1234814
"13","089","023419",13089023419,Census Tract 234.19,+33.6513314,-084.2293681
"13","089","023421",13089023421,Census Tract 234.21,+33.6850994,-084.2587867
"13","089","023422",13089023422,Census Tract 234.22,+33.6621418,-084.2653477
"13","089","023423",13089023423,Census Tract 234.23,+33.6703662,-084.3150551
"13","089","023424",13089023424,Census Tract 234.24,+33.6707252,-084.2876716
"13","089","023425",13089023425,Census Tract 234.25,+33.6744095,-084.2293056
"13","089","023426",13089023426,Census Tract 234.26,+33.6713108,-084.2035103
"13","089","023427",13089023427,Census Tract 234.27,+33.6801573,-084.1551616
"13","089","023428",13089023428,Census Tract 234.28,+33.6976522,-084.1484865
"13","089","023501",13089023501,Census Tract 235.01,+33.7350551,-084.2691203
"13","089","023504",13089023504,Census Tract 235.04,+33.7240990,-084.2726599
"13","089","023505",13089023505,Census Tract 235.05,+33.7240010,-084.2588569
"13","089","023506",13089023506,Census Tract 235.06,+33.7261788,-084.2416010
"13","089","023507",13089023507,Census Tract 235.07,+33.7200688,-084.2181027
"13","089","023601",13089023601,Census Tract 236.01,+33.7347291,-084.2987230
"13","089","023602",13089023602,Census Tract 236.02,+33.7219435,-084.2996297
"13","089","023603",13089023603,Census Tract 236.03,+33.7196978,-084.2852944
"13","089","023700",13089023700,Census Tract 237,+33.7313084,-084.3183573
"13","089","023801",13089023801,Census Tract 238.01,+33.7174077,-084.3384079
"13","089","023802",13089023802,Census Tract 238.02,+33.6940064,-084.3356621
"13","089","023803",13089023803,Census Tract 238.03,+33.7070165,-084.3119759
"13","097","080102",13097080102,Census Tract 801.02,+33.7450237,-084.6145596
"13","097","080103",13097080103,Census Tract 801.03,+33.7885297,-084.6306160
"13","097","080201",13097080201,Census Tract 802.01,+33.7829833,-084.6962651
"13","097","080202",13097080202,Census Tract 802.02,+33.7569830,-084.6618093
"13","097","080301",13097080301,Census Tract 803.01,+33.7695170,-084.7465369
"13","097","080303",13097080303,Census Tract 803.03,+33.7600104,-084.7176620
"13","097","080304",13097080304,Census Tract 803.04,+33.7396513,-084.7509210
"13","097","080402",13097080402,Census Tract 804.02,+33.6263433,-084.8496928
"13","097","080403",13097080403,Census Tract 804.03,+33.7165767,-084.8463379
"13","097","080404",13097080404,Census Tract 804.04,+33.7581971,-084.8394665
"13","097","080505",13097080505,Census Tract 805.05,+33.7109659,-084.7882080
"13","097","080506",13097080506,Census Tract 805.06,+33.6853699,-084.8143005
"13","097","080507",13097080507,Census Tract 805.07,+33.6361714,-084.7942608
"13","097","080508",13097080508,Census Tract 805.08,+33.7202226,-084.7578082
"13","097","080509",13097080509,Census Tract 805.09,+33.7108177,-084.7279025
"13","097","080510",13097080510,Census Tract 805.10,+33.6924365,-084.7319929
"13","097","080511",13097080511,Census Tract 805.11,+33.6620113,-084.7267293
"13","097","080602",13097080602,Census Tract 806.02,+33.7207328,-084.6327881
"13","097","080603",13097080603,Census Tract 806.03,+33.7273448,-084.7111686
"13","097","080604",13097080604,Census Tract 806.04,+33.7003880,-084.6724307
"13","113","140101",13113140101,Census Tract 1401.01,+33.5235064,-084.4866745
"13","113","140102",13113140102,Census Tract 1401.02,+33.4949150,-084.4653495
"13","113","140203",13113140203,Census Tract 1402.03,+33.4812570,-084.5935766
"13","113","140204",13113140204,Census Tract 1402.04,+33.4806926,-084.5558825
"13","113","140206",13113140206,Census Tract 1402.06,+33.4388450,-084.5666578
"13","113","140207",13113140207,Census Tract 1402.07,+33.4245833,-084.5864750
"13","113","140208",13113140208,Census Tract 1402.08,+33.4222444,-084.6111553
"13","113","140303",13113140303,Census Tract 1403.03,+33.3746564,-084.5766774
"13","113","140304",13113140304,Census Tract 1403.04,+33.4066312,-084.5509325
"13","113","140305",13113140305,Census Tract 1403.05,+33.4214827,-084.5179091
"13","113","140306",13113140306,Census Tract 1403.06,+33.3602091,-084.5474604
"13","113","140307",13113140307,Census Tract 1403.07,+33.3569314,-084.5197642
"13","113","140403",13113140403,Census Tract 1404.03,+33.4729432,-084.4759094
"13","113","140404",13113140404,Census Tract 1404.04,+33.4407383,-084.4790262
"13","113","140405",13113140405,Census Tract 1404.05,+33.4078974,-084.4665531
"13","113","140406",13113140406,Census Tract 1404.06,+33.4602133,-084.4160043
"13","113","140407",13113140407,Census Tract 1404.07,+33.4376751,-084.4199188
"13","113","140408",13113140408,Census Tract 1404.08,+33.3953611,-084.4215502
"13","113","140501",13113140501,Census Tract 1405.01,+33.3525149,-084.4503408
"13","113","140502",13113140502,Census Tract 1405.02,+33.2968029,-084.4667400
"13","117","130101",13117130101,Census Tract 1301.01,+34.2873933,-084.0556228
"13","117","130102",13117130102,Census Tract 1301.02,+34.2789643,-084.0161734
"13","117","130103",13117130103,Census Tract 1301.03,+34.3195206,-083.9788647
"13","117","130104",13117130104,Census Tract 1301.04,+34.2724269,-083.9775645
"13","117","130105",13117130105,Census Tract 1301.05,+34.2608298,-084.0420791
"13","117","130201",13117130201,Census Tract 1302.01,+34.3211986,-084.2011557
"13","117","130202",13117130202,Census Tract 1302.02,+34.2741181,-084.1323503
"13","117","130203",13117130203,Census Tract 1302.03,+34.3068456,-084.1453121
"13","117","130204",13117130204,Census Tract 1302.04,+34.3166214,-084.0919368
"13","117","130205",13117130205,Census Tract 1302.05,+34.2762103,-084.0914484
"13","117","130301",13117130301,Census Tract 1303.01,+34.2646715,-084.2031916
"13","117","130302",13117130302,Census Tract 1303.02,+34.1986127,-084.2423754
"13","117","130303",13117130303,Census Tract 1303.03,+34.2599764,-084.2447452
"13","117","130304",13117130304,Census Tract 1303.04,+34.1615418,-084.2282171
"13","117","130305",13117130305,Census Tract 1303.05,+34.2226084,-084.2459385
"13","117","130306",13117130306,Census Tract 1303.06,+34.1791564,-084.2004308
"13","117","130307",13117130307,Census Tract 1303.07,+34.2228349,-084.2124866
"13","117","130403",13117130403,Census Tract 1304.03,+34.2380030,-084.1538002
"13","117","130404",13117130404,Census Tract 1304.04,+34.1928988,-084.1807440
"13","117","130405",13117130405,Census Tract 1304.05,+34.2235262,-084.1763241
"13","117","130406",13117130406,Census Tract 1304.06,+34.1768153,-084.1672478
"13","117","130408",13117130408,Census Tract 1304.08,+34.2149447,-084.1530257
"13","117","130409",13117130409,Census Tract 1304.09,+34.2253448,-084.1181123
"13","117","130410",13117130410,Census Tract 1304.10,+34.1951758,-084.1454239
"13","117","130503",13117130503,Census Tract 1305.03,+34.2151771,-083.9867899
"13","117","130504",13117130504,Census Tract 1305.04,+34.1963942,-084.0717371
"13","117","130505",13117130505,Census Tract 1305.05,+34.2186313,-084.0449310
"13","117","130506",13117130506,Census Tract 1305.06,+34.2367847,-084.0899128
"13","117","130507",13117130507,Census Tract 1305.07,+34.1839208,-084.0827707
"13","117","130508",13117130508,Census Tract 1305.08,+34.1569958,-084.1024558
"13","117","130509",13117130509,Census Tract 1305.09,+34.1836951,-084.1189816
"13","117","130510",13117130510,Census Tract 1305.10,+34.1614689,-084.1320287
"13","117","130601",13117130601,Census Tract 1306.01,+34.1456754,-084.2285487
"13","117","130602",13117130602,Census Tract 1306.02,+34.1206857,-084.2466405
"13","117","130603",13117130603,Census Tract 1306.03,+34.1145426,-084.2107577
"13","117","130604",13117130604,Census Tract 1306.04,+34.1000615,-084.1896691
"13","117","130605",13117130605,Census Tract 1306.05,+34.1356283,-084.1651159
"13","117","130606",13117130606,Census Tract 1306.06,+34.0787562,-084.1756584
"13","117","130607",13117130607,Census Tract 1306.07,+34.1365493,-084.1398461
"13","117","130608",13117130608,Census Tract 1306.08,+34.0736428,-084.1474588
"13","117","130609",13117130609,Census Tract 1306.09,+34.1230729,-084.1297090
"13","117","130610",13117130610,Census Tract 1306.10,+34.0782962,-084.1208267
"13","117","130611",13117130611,Census Tract 1306.11,+34.1071083,-084.1158515
"13","117","130612",13117130612,Census Tract 1306.12,+34.0994654,-084.1627715
"13","117","130613",13117130613,Census Tract 1306.13,+34.1387345,-084.1829856
"13","121","000100",13121000100,Census Tract 1,+33.7997992,-084.3549254
"13","121","000200",13121000200,Census Tract 2,+33.7916329,-084.3641988
"13","121","000400",13121000400,Census Tract 4,+33.7883241,-084.3785105
"13","121","000500",13121000500,Census Tract 5,+33.7961563,-084.3853669
"13","121","000600",13121000600,Census Tract 6,+33.7853862,-084.4056539
"13","121","000700",13121000700,Census Tract 7,+33.7799603,-084.4233105
"13","121","001001",13121001001,Census Tract 10.01,+33.7828223,-084.3902405
"13","121","001002",13121001002,Census Tract 10.02,+33.7763538,-084.3995123
"13","121","001100",13121001100,Census Tract 11,+33.7841633,-084.3830169
"13","121","001201",13121001201,Census Tract 12.01,+33.7763742,-084.3803049
"13","121","001202",13121001202,Census Tract 12.02,+33.7767840,-084.3851556
"13","121","001300",13121001300,Census Tract 13,+33.7761933,-084.3715699
"13","121","001400",13121001400,Census Tract 14,+33.7770784,-084.3622634
"13","121","001500",13121001500,Census Tract 15,+33.7764812,-084.3539881
"13","121","001600",13121001600,Census Tract 16,+33.7664826,-084.3570224
"13","121","001700",13121001700,Census Tract 17,+33.7659024,-084.3671952
"13","121","001800",13121001800,Census Tract 18,+33.7663445,-084.3780718
"13","121","001900",13121001900,Census Tract 19,+33.7661809,-084.3873376
"13","121","002100",13121002100,Census Tract 21,+33.7655158,-084.3948076
"13","121","002300",13121002300,Census Tract 23,+33.7672497,-084.4186375
"13","121","002400",13121002400,Census Tract 24,+33.7586698,-084.4248089
"13","121","002500",13121002500,Census Tract 25,+33.7590744,-084.4126613
"13","121","002600",13121002600,Census Tract 26,+33.7587937,-084.4026285
"13","121","002800",13121002800,Census Tract 28,+33.7580870,-084.3793990
"13","121","002900",13121002900,Census Tract 29,+33.7580053,-084.3693491
"13","121","003000",13121003000,Census Tract 30,+33.7587580,-084.3572779
"13","121","003100",13121003100,Census Tract 31,+33.7520808,-084.3530446
"13","121","003200",13121003200,Census Tract 32,+33.7498233,-084.3650959
"13","121","003500",13121003500,Census Tract 35,+33.7509444,-084.3916567
"13","121","003600",13121003600,Census Tract 36,+33.7518731,-084.4029233
"13","121","003800",13121003800,Census Tract 38,+33.7508286,-084.4120230
"13","121","003900",13121003900,Census Tract 39,+33.7500701,-084.4221427
"13","121","004000",13121004000,Census Tract 40,+33.7499716,-084.4362262
"13","121","004100",13121004100,Census Tract 41,+33.7408850,-084.4280836
"13","121","004200",13121004200,Census Tract 42,+33.7390423,-084.4181855
"13","121","004300",13121004300,Census Tract 43,+33.7453619,-084.4091076
"13","121","004400",13121004400,Census Tract 44,+33.7407585,-084.4017770
"13","121","004800",13121004800,Census Tract 48,+33.7443311,-084.3839375
"13","121","004900",13121004900,Census Tract 49,+33.7409122,-084.3794478
"13","121","005000",13121005000,Census Tract 50,+33.7420805,-084.3650954
"13","121","005200",13121005200,Census Tract 52,+33.7355106,-084.3544774
"13","121","005300",13121005300,Census Tract 53,+33.7321404,-084.3708875
"13","121","005501",13121005501,Census Tract 55.01,+33.7298670,-084.3837371
"13","121","005502",13121005502,Census Tract 55.02,+33.7162175,-084.3867651
"13","121","005700",13121005700,Census Tract 57,+33.7319561,-084.4032660
"13","121","005800",13121005800,Census Tract 58,+33.7318610,-084.4105985
"13","121","006000",13121006000,Census Tract 60,+33.7379429,-084.4390350
"13","121","006100",13121006100,Census Tract 61,+33.7277552,-084.4370324
"13","121","006200",13121006200,Census Tract 62,+33.7284830,-084.4217305
"13","121","006300",13121006300,Census Tract 63,+33.7237613,-084.3997049
"13","121","006400",13121006400,Census Tract 64,+33.7188154,-084.3735791
"13","121","006500",13121006500,Census Tract 65,+33.7141002,-084.4101260
"13","121","006601",13121006601,Census Tract 66.01,+33.7115423,-084.4224014
"13","121","006602",13121006602,Census Tract 66.02,+33.7186105,-084.4286624
"13","121","006700",13121006700,Census Tract 67,+33.7021727,-084.3954527
"13","121","006801",13121006801,Census Tract 68.01,+33.7102924,-084.3677884
"13","121","006802",13121006802,Census Tract 68.02,+33.7042854,-084.3609663
"13","121","006900",13121006900,Census Tract 69,+33.7183138,-084.3587699
"13","121","007001",13121007001,Census Tract 70.01,+33.6915165,-084.3868055
"13","121","007002",13121007002,Census Tract 70.02,+33.6920865,-084.3682107
"13","121","007100",13121007100,Census Tract 71,+33.6963573,-084.3546554
"13","121","007200",13121007200,Census Tract 72,+33.6563757,-084.3609353
"13","121","007300",13121007300,Census Tract 73,+33.6727170,-084.3812442
"13","121","007400",13121007400,Census Tract 74,+33.6789102,-084.4070935
"13","121","007500",13121007500,Census Tract 75,+33.6934857,-084.4097937
"13","121","007602",13121007602,Census Tract 76.02,+33.7109013,-084.4621548
"13","121","007603",13121007603,Census Tract 76.03,+33.7065095,-084.4403830
"13","121","007604",13121007604,Census Tract 76.04,+33.7010616,-084.4654727
"13","121","007703",13121007703,Census Tract 77.03,+33.7039885,-084.5086077
"13","121","007704",13121007704,Census Tract 77.04,+33.7080796,-084.4873952
"13","121","007705",13121007705,Census Tract 77.05,+33.6831530,-084.4909911
"13","121","007706",13121007706,Census Tract 77.06,+33.6739591,-084.5227366
"13","121","007802",13121007802,Census Tract 78.02,+33.7135595,-084.5286786
"13","121","007805",13121007805,Census Tract 78.05,+33.7538409,-084.5381827
"13","121","007806",13121007806,Census Tract 78.06,+33.7459578,-084.5145823
"13","121","007807",13121007807,Census Tract 78.07,+33.7624507,-084.4968617
"13","121","007808",13121007808,Census Tract 78.08,+33.7516330,-084.4998632
"13","121","007900",13121007900,Census Tract 79,+33.7322732,-084.4910511
"13","121","008000",13121008000,Census Tract 80,+33.7245322,-084.4555814
"13","121","008101",13121008101,Census Tract 81.01,+33.7359326,-084.4538952
"13","121","008102",13121008102,Census Tract 81.02,+33.7418287,-084.4716010
"13","121","008201",13121008201,Census Tract 82.01,+33.7699904,-084.4826839
"13","121","008202",13121008202,Census Tract 82.02,+33.7793244,-084.5210258
"13","121","008301",13121008301,Census Tract 83.01,+33.7642260,-084.4588619
"13","121","008302",13121008302,Census Tract 83.02,+33.7573898,-084.4522860
"13","121","008400",13121008400,Census Tract 84,+33.7618564,-084.4355748
"13","121","008500",13121008500,Census Tract 85,+33.7755602,-084.4440291
"13","121","008601",13121008601,Census Tract 86.01,+33.7814707,-084.4661985
"13","121","008602",13121008602,Census Tract 86.02,+33.7928898,-084.4901297
"13","121","008700",13121008700,Census Tract 87,+33.7939011,-084.4599872
"13","121","008800",13121008800,Census Tract 88,+33.8123521,-084.4590717
"13","121","008902",13121008902,Census Tract 89.02,+33.7984651,-084.4194299
"13","121","008903",13121008903,Census Tract 89.03,+33.8165522,-084.4402752
"13","121","008904",13121008904,Census Tract 89.04,+33.8192698,-084.4330314
"13","121","009000",13121009000,Census Tract 90,+33.8141290,-084.4108285
"13","121","009101",13121009101,Census Tract 91.01,+33.8093237,-084.3950330
"13","121","009102",13121009102,Census Tract 91.02,+33.8067606,-084.3865964
"13","121","009200",13121009200,Census Tract 92,+33.8122786,-084.3618468
"13","121","009300",13121009300,Census Tract 93,+33.8212723,-084.3808773
"13","121","009402",13121009402,Census Tract 94.02,+33.8221523,-084.3642584
"13","121","009403",13121009403,Census Tract 94.03,+33.8315945,-084.3599075
"13","121","009404",13121009404,Census Tract 94.04,+33.8388494,-084.3537715
"13","121","009501",13121009501,Census Tract 95.01,+33.8308250,-084.3962959
"13","121","009502",13121009502,Census Tract 95.02,+33.8419877,-084.3860683
"13","121","009601",13121009601,Census Tract 96.01,+33.8463916,-084.3777069
"13","121","009602",13121009602,Census Tract 96.02,+33.8440942,-084.3614272
"13","121","009603",13121009603,Census Tract 96.03,+33.8343705,-084.3757572
"13","121","009700",13121009700,Census Tract 97,+33.8422302,-084.4439703
"13","121","009801",13121009801,Census Tract 98.01,+33.8391503,-084.4145464
"13","121","009802",13121009802,Census Tract 98.02,+33.8636555,-084.4250506
"13","121","009900",13121009900,Census Tract 99,+33.8613359,-084.3918503
"13","121","010001",13121010001,Census Tract 100.01,+33.8625134,-084.3754032
"13","121","010002",13121010002,Census Tract 100.02,+33.8680492,-084.3577716
"13","121","010106",13121010106,Census Tract 101.06,+33.9883420,-084.3329910
"13","121","010107",13121010107,Census Tract 101.07,+33.9779261,-084.3038995
"13","121","010108",13121010108,Census Tract 101.08,+33.9680215,-084.2801292
"13","121","010110",13121010110,Census Tract 101.10,+33.9205401,-084.3632092
"13","121","010113",13121010113,Census Tract 101.13,+33.9051120,-084.3675067
"13","121","010114",13121010114,Census Tract 101.14,+33.8890375,-084.3727042
"13","121","010115",13121010115,Census Tract 101.15,+33.8967987,-084.3538038
"13","121","010117",13121010117,Census Tract 101.17,+33.9620438,-084.3590974
"13","121","010118",13121010118,Census Tract 101.18,+33.9735217,-084.3498219
"13","121","010119",13121010119,Census Tract 101.19,+33.9913064,-084.3452346
"13","121","010120",13121010120,Census Tract 101.20,+34.0033206,-084.3440436
"13","121","010121",13121010121,Census Tract 101.21,+33.9311537,-084.3706421
"13","121","010122",13121010122,Census Tract 101.22,+33.9487098,-084.3514006
"13","121","010123",13121010123,Census Tract 101.23,+33.9448567,-084.3638523
"13","121","010204",13121010204,Census Tract 102.04,+33.9220502,-084.4209170
"13","121","010205",13121010205,Census Tract 102.05,+33.9194128,-084.4006248
"13","121","010206",13121010206,Census Tract 102.06,+33.8959813,-084.4216668
"13","121","010208",13121010208,Census Tract 102.08,+33.9897059,-084.3662291
"13","121","010209",13121010209,Census Tract 102.09,+33.9713130,-084.3665470
"13","121","010210",13121010210,Census Tract 102.10,+33.9525466,-084.3796136
"13","121","010211",13121010211,Census Tract 102.11,+33.8812683,-084.3956762
"13","121","010212",13121010212,Census Tract 102.12,+33.9021495,-084.3842886
"13","121","010301",13121010301,Census Tract 103.01,+33.6369797,-084.6514351
"13","121","010303",13121010303,Census Tract 103.03,+33.7082359,-084.5754911
"13","121","010304",13121010304,Census Tract 103.04,+33.6585990,-084.5620747
"13","121","010400",13121010400,Census Tract 104,+33.5546062,-084.7260797
"13","121","010507",13121010507,Census Tract 105.07,+33.6089170,-084.4769375
"13","121","010508",13121010508,Census Tract 105.08,+33.5919667,-084.4764025
"13","121","010510",13121010510,Census Tract 105.10,+33.5485986,-084.5443540
"13","121","010511",13121010511,Census Tract 105.11,+33.6142836,-084.5127163
"13","121","010512",13121010512,Census Tract 105.12,+33.5930211,-084.5392090
"13","121","010513",13121010513,Census Tract 105.13,+33.5920259,-084.5606039
"13","121","010514",13121010514,Census Tract 105.14,+33.5719685,-084.6116356
"13","121","010515",13121010515,Census Tract 105.15,+33.5507439,-084.4935426
"13","121","010516",13121010516,Census Tract 105.16,+33.5747658,-084.4766503
"13","121","010601",13121010601,Census Tract 106.01,+33.6610333,-084.4572758
"13","121","010603",13121010603,Census Tract 106.03,+33.6454932,-084.4694417
"13","121","010604",13121010604,Census Tract 106.04,+33.6280717,-084.4732073
"13","121","010800",13121010800,Census Tract 108,+33.6621228,-084.4093330
"13","121","011000",13121011000,Census Tract 110,+33.6742763,-084.4270054
"13","121","011100",13121011100,Census Tract 111,+33.6880886,-084.4272234
"13","121","011201",13121011201,Census Tract 112.01,+33.6923449,-084.4436883
"13","121","011202",13121011202,Census Tract 112.02,+33.6771978,-084.4503095
"13","121","011301",13121011301,Census Tract 113.01,+33.6891521,-084.4681656
"13","121","011303",13121011303,Census Tract 113.03,+33.6689408,-084.4807378
"13","121","011305",13121011305,Census Tract 113.05,+33.6476996,-084.4912744
"13","121","011306",13121011306,Census Tract 113.06,+33.6389921,-084.5033900
"13","121","011405",13121011405,Census Tract 114.05,+34.0201892,-084.3498247
"13","121","011410",13121011410,Census Tract 114.10,+33.9934653,-084.2860346
"13","121","011411",13121011411,Census Tract 114.11,+34.0058303,-084.3203283
"13","121","011412",13121011412,Census Tract 114.12,+34.0239783,-084.2943878
"13","121","011414",13121011414,Census Tract 114.14,+34.0060986,-084.2714277
"13","121","011416",13121011416,Census Tract 114.16,+34.0649975,-084.3455864
"13","121","011417",13121011417,Census Tract 114.17,+34.0564726,-084.3693574
"13","121","011418",13121011418,Census Tract 114.18,+34.0392348,-084.3897969
"13","121","011419",13121011419,Census Tract 114.19,+34.0455390,-084.3729370
"13","121","011420",13121011420,Census Tract 114.20,+34.0332055,-084.3232629
"13","121","011421",13121011421,Census Tract 114.21,+34.0405266,-084.3328370
"13","121","011422",13121011422,Census Tract 114.22,+34.0061025,-084.3682633
"13","121","011423",13121011423,Census Tract 114.23,+34.0212455,-084.3910090
"13","121","011424",13121011424,Census Tract 114.24,+34.0153344,-084.2589143
"13","121","011425",13121011425,Census Tract 114.25,+34.0137232,-084.2406185
"13","121","011426",13121011426,Census Tract 114.26,+34.0371527,-084.2460359
"13","121","011427",13121011427,Census Tract 114.27,+34.0301170,-084.2715524
"13","121","011503",13121011503,Census Tract 115.03,+34.1059738,-084.3659221
"13","121","011504",13121011504,Census Tract 115.04,+34.1581712,-084.3134107
"13","121","011505",13121011505,Census Tract 115.05,+34.0808748,-084.3731024
"13","121","011506",13121011506,Census Tract 115.06,+34.0799312,-084.4033555
"13","121","011610",13121011610,Census Tract 116.10,+34.0860327,-084.3156872
"13","121","011611",13121011611,Census Tract 116.11,+34.0571527,-084.3084635
"13","121","011612",13121011612,Census Tract 116.12,+34.0064462,-084.2018951
"13","121","011613",13121011613,Census Tract 116.13,+34.0320332,-084.2167367
"13","121","011614",13121011614,Census Tract 116.14,+34.1014910,-084.2679865
"13","121","011615",13121011615,Census Tract 116.15,+34.1119279,-084.2897026
"13","121","011616",13121011616,Census Tract 116.16,+34.0721558,-084.2879233
"13","121","011617",13121011617,Census Tract 116.17,+34.0414617,-084.2683894
"13","121","011618",13121011618,Census Tract 116.18,+34.0565050,-084.2649627
"13","121","011619",13121011619,Census Tract 116.19,+34.0667902,-084.2448337
"13","121","011620",13121011620,Census Tract 116.20,+34.0706163,-084.2193336
"13","121","011621",13121011621,Census Tract 116.21,+34.0869934,-084.2332337
"13","121","011622",13121011622,Census Tract 116.22,+34.0444026,-084.1466692
"13","121","011623",13121011623,Census Tract 116.23,+34.0224210,-084.1803637
"13","121","011624",13121011624,Census Tract 116.24,+34.0787883,-084.1916330
"13","121","011625",13121011625,Census Tract 116.25,+34.0286753,-084.1956636
"13","121","011626",13121011626,Census Tract 116.26,+34.0618554,-084.1874179
"13","121","011800",13121011800,Census Tract 118,+33.7708994,-084.4087872
"13","121","011900",13121011900,Census Tract 119,+33.7538839,-084.3825135
"13","121","012000",13121012000,Census Tract 120,+33.7361403,-084.3928230
"13","121","012300",13121012300,Census Tract 123,+33.6613178,-084.4395348
"13","135","050103",13135050103,Census Tract 501.03,+34.1343106,-084.0258607
"13","135","050105",13135050105,Census Tract 501.05,+34.1185623,-083.9886102
"13","135","050106",13135050106,Census Tract 501.06,+34.0820605,-084.0091508
"13","135","050107",13135050107,Census Tract 501.07,+34.1395971,-084.0655801
"13","135","050108",13135050108,Census Tract 501.08,+34.0994645,-084.0967614
"13","135","050109",13135050109,Census Tract 501.09,+34.0948498,-084.0549488
"13","135","050205",13135050205,Census Tract 502.05,+34.0128782,-084.1635733
"13","135","050208",13135050208,Census Tract 502.08,+34.0454490,-084.0163276
"13","135","050209",13135050209,Census Tract 502.09,+33.9743018,-084.1453842
"13","135","050210",13135050210,Census Tract 502.10,+34.0401917,-084.0647787
"13","135","050211",13135050211,Census Tract 502.11,+33.9546932,-084.1457623
"13","135","050212",13135050212,Census Tract 502.12,+34.0673101,-084.0908214
"13","135","050213",13135050213,Census Tract 502.13,+34.0636682,-084.0444275
"13","135","050214",13135050214,Census Tract 502.14,+34.0198655,-084.1346938
"13","135","050215",13135050215,Census Tract 502.15,+33.9656651,-084.1142632
"13","135","050216",13135050216,Census Tract 502.16,+34.0143644,-084.0885350
"13","135","050217",13135050217,Census Tract 502.17,+33.9949236,-084.1125779
"13","135","050218",13135050218,Census Tract 502.18,+33.9884950,-084.1405209
"13","135","050219",13135050219,Census Tract 502.19,+33.9965501,-084.1558745
"13","135","050220",13135050220,Census Tract 502.20,+33.9939384,-084.1749821
"13","135","050304",13135050304,Census Tract 503.04,+33.9298021,-084.2525760
"13","135","050306",13135050306,Census Tract 503.06,+33.9270845,-084.2303735
"13","135","050308",13135050308,Census Tract 503.08,+33.9879491,-084.2159329
"13","135","050309",13135050309,Census Tract 503.09,+33.9753614,-084.1920161
"13","135","050310",13135050310,Census Tract 503.10,+33.9642062,-084.2315195
"13","135","050311",13135050311,Census Tract 503.11,+33.9485370,-084.2126207
"13","135","050313",13135050313,Census Tract 503.13,+33.9468750,-084.1787082
"13","135","050314",13135050314,Census Tract 503.14,+33.9590072,-084.1666354
"13","135","050315",13135050315,Census Tract 503.15,+33.9540579,-084.2637620
"13","135","050317",13135050317,Census Tract 503.17,+33.9463722,-084.2420397
"13","135","050318",13135050318,Census Tract 503.18,+33.9545412,-084.2473767
"13","135","050319",13135050319,Census Tract 503.19,+33.9341686,-084.1925730
"13","135","050320",13135050320,Census Tract 503.20,+33.9265031,-084.2039184
"13","135","050321",13135050321,Census Tract 503.21,+33.9730618,-084.2428219
"13","135","050322",13135050322,Census Tract 503.22,+33.9897433,-084.2369884
"13","135","050410",13135050410,Census Tract 504.10,+33.8932294,-084.1496706
"13","135","050415",13135050415,Census Tract 504.15,+33.8150005,-084.0972463
"13","135","050416",13135050416,Census Tract 504.16,+33.7916718,-084.0805841
"13","135","050417",13135050417,Census Tract 504.17,+33.9043958,-084.2137196
"13","135","050418",13135050418,Census Tract 504.18,+33.8979713,-084.2233308
"13","135","050419",13135050419,Census Tract 504.19,+33.8996658,-084.1900060
"13","135","050421",13135050421,Census Tract 504.21,+33.9176466,-084.1830515
"13","135","050422",13135050422,Census Tract 504.22,+33.9059136,-084.1676204
"13","135","050423",13135050423,Census Tract 504.23,+33.9244140,-084.1337263
"13","135","050424",13135050424,Census Tract 504.24,+33.9280387,-084.1569077
"13","135","050425",13135050425,Census Tract 504.25,+33.8648078,-084.1325054
"13","135","050426",13135050426,Census Tract 504.26,+33.8569623,-084.1461727
"13","135","050427",13135050427,Census Tract 504.27,+33.8811945,-084.0944156
"13","135","050428",13135050428,Census Tract 504.28,+33.8701482,-084.1123262
"13","135","050429",13135050429,Census Tract 504.29,+33.8546768,-084.0949602
"13","135","050430",13135050430,Census Tract 504.30,+33.8325629,-084.1150149
"13","135","050431",13135050431,Census Tract 504.31,+33.8615278,-084.1657113
"13","135","050432",13135050432,Census Tract 504.32,+33.8776441,-084.1775168
"13","135","050433",13135050433,Census Tract 504.33,+33.8829632,-084.2069183
"13","135","050434",13135050434,Census Tract 504.34,+33.8945700,-084.2032035
"13","135","050435",13135050435,Census Tract 504.35,+33.9044351,-084.1352520
"13","135","050436",13135050436,Census Tract 504.36,+33.9067283,-084.1087112
"13","135","050511",13135050511,Census Tract 505.11,+33.9722386,-084.0663115
"13","135","050520",13135050520,Census Tract 505.20,+33.9515910,-084.0055630
"13","135","050521",13135050521,Census Tract 505.21,+33.9427489,-084.0019305
"13","135","050522",13135050522,Census Tract 505.22,+33.9360173,-083.9729275
"13","135","050523",13135050523,Census Tract 505.23,+33.9793794,-084.0044398
"13","135","050524",13135050524,Census Tract 505.24,+33.9358227,-084.1146941
"13","135","050525",13135050525,Census Tract 505.25,+34.0152145,-084.0266900
"13","135","050526",13135050526,Census Tract 505.26,+33.9365938,-084.1239429
"13","135","050527",13135050527,Census Tract 505.27,+34.0086535,-083.9997169
"13","135","050528",13135050528,Census Tract 505.28,+34.0230891,-084.0060567
"13","135","050529",13135050529,Census Tract 505.29,+34.0122688,-084.0533742
"13","135","050530",13135050530,Census Tract 505.30,+33.9978091,-084.0579916
"13","135","050531",13135050531,Census Tract 505.31,+33.9099420,-084.0797877
"13","135","050532",13135050532,Census Tract 505.32,+33.9245014,-084.0483998
"13","135","050533",13135050533,Census Tract 505.33,+33.9239280,-084.0888083
"13","135","050534",13135050534,Census Tract 505.34,+33.9424502,-084.0688637
"13","135","050535",13135050535,Census Tract 505.35,+33.9446554,-084.0541164
"13","135","050536",13135050536,Census Tract 505.36,+33.9556385,-084.0346568
"13","135","050537",13135050537,Census Tract 505.37,+33.9575913,-084.0974519
"13","135","050538",13135050538,Census Tract 505.38,+33.9818083,-084.0398225
"13","135","050539",13135050539,Census Tract 505.39,+33.9440835,-084.0930633
"13","135","050540",13135050540,Census Tract 505.40,+33.9748309,-084.0284800
"13","135","050541",13135050541,Census Tract 505.41,+33.9477158,-084.1068074
"13","135","050542",13135050542,Census Tract 505.42,+33.9495818,-084.1250112
"13","135","050543",13135050543,Census Tract 505.43,+33.9140864,-083.9929366
"13","135","050544",13135050544,Census Tract 505.44,+33.9214008,-084.0177848
"13","135","050545",13135050545,Census Tract 505.45,+33.9628430,-083.9535016
"13","135","050546",13135050546,Census Tract 505.46,+33.9348210,-083.9310572
"13","135","050547",13135050547,Census Tract 505.47,+34.0149545,-083.9825105
"13","135","050548",13135050548,Census Tract 505.48,+34.0020948,-083.9599354
"13","135","050549",13135050549,Census Tract 505.49,+33.9998778,-084.0318380
"13","135","050605",13135050605,Census Tract 506.05,+34.0454760,-083.9507936
"13","135","050606",13135050606,Census Tract 506.06,+34.0904184,-083.9509762
"13","135","050607",13135050607,Census Tract 506.07,+34.0124649,-083.9096904
"13","135","050608",13135050608,Census Tract 506.08,+33.9488348,-083.8698801
"13","135","050609",13135050609,Census Tract 506.09,+34.0932992,-083.8739185
"13","135","050610",13135050610,Census Tract 506.10,+34.0426001,-083.8853300
"13","135","050709",13135050709,Census Tract 507.09,+33.7842407,-084.0403836
"13","135","050712",13135050712,Census Tract 507.12,+33.8954063,-084.0631293
"13","135","050713",13135050713,Census Tract 507.13,+33.8953523,-084.0407000
"13","135","050714",13135050714,Census Tract 507.14,+33.8561709,-084.0720875
"13","135","050715",13135050715,Census Tract 507.15,+33.8686580,-084.0524515
"13","135","050718",13135050718,Census Tract 507.18,+33.8730451,-084.0283413
"13","135","050719",13135050719,Census Tract 507.19,+33.8432275,-084.0247430
"13","135","050720",13135050720,Census Tract 507.20,+33.8790616,-084.0025298
"13","135","050721",13135050721,Census Tract 507.21,+33.8512120,-083.9958167
"13","135","050722",13135050722,Census Tract 507.22,+33.8173707,-084.0312365
"13","135","050723",13135050723,Census Tract 507.23,+33.8167527,-084.0564731
"13","135","050724",13135050724,Census Tract 507.24,+33.8763664,-083.9532139
"13","135","050725",13135050725,Census Tract 507.25,+33.8369398,-084.0456687
"13","135","050726",13135050726,Census Tract 507.26,+33.8864735,-083.8976037
"13","135","050727",13135050727,Census Tract 507.27,+33.9103313,-083.9496452
"13","135","050728",13135050728,Census Tract 507.28,+33.8058681,-083.9916376
"13","135","050729",13135050729,Census Tract 507.29,+33.8321801,-084.0658843
"13","135","050730",13135050730,Census Tract 507.30,+33.8416367,-083.9639530
"13","135","050731",13135050731,Census Tract 507.31,+33.8345572,-083.9410421
"13","139","000101",13139000101,Census Tract 1.01,+34.4132268,-083.6765749
"13","139","000102",13139000102,Census Tract 1.02,+34.3155904,-083.6980085
"13","139","000201",13139000201,Census Tract 2.01,+34.4340971,-083.7400205
"13","139","000203",13139000203,Census Tract 2.03,+34.4786575,-083.8147118
"13","139","000204",13139000204,Census Tract 2.04,+34.4090357,-083.8363425
"13","139","000302",13139000302,Census Tract 3.02,+34.3217157,-083.9170650
"13","139","000303",13139000303,Census Tract 3.03,+34.4377292,-083.8927751
"13","139","000304",13139000304,Census Tract 3.04,+34.3857263,-083.9609193
"13","139","000305",13139000305,Census Tract 3.05,+34.4014596,-083.9202899
"13","139","000400",13139000400,Census Tract 4,+34.3416194,-083.8787322
"13","139","000500",13139000500,Census Tract 5,+34.3528998,-083.8320581
"13","139","000600",13139000600,Census Tract 6,+34.3259493,-083.7827161
"13","139","000701",13139000701,Census Tract 7.01,+34.2868903,-083.7520280
"13","139","000702",13139000702,Census Tract 7.02,+34.2661661,-083.7079617
"13","139","000800",13139000800,Census Tract 8,+34.2987837,-083.8079663
"13","139","000900",13139000900,Census Tract 9,+34.3105542,-083.8335506
"13","139","001002",13139001002,Census Tract 10.02,+34.2714132,-083.9111431
"13","139","001003",13139001003,Census Tract 10.03,+34.2885249,-083.8537311
"13","139","001004",13139001004,Census Tract 10.04,+34.3021113,-083.8766523
"13","139","001101",13139001101,Census Tract 11.01,+34.2842334,-083.8350468
"13","139","001102",13139001102,Census Tract 11.02,+34.2649589,-083.8566534
"13","139","001201",13139001201,Census Tract 12.01,+34.2281553,-083.7972368
"13","139","001202",13139001202,Census Tract 12.02,+34.2250528,-083.7512201
"13","139","001301",13139001301,Census Tract 13.01,+34.2294701,-083.8405461
"13","139","001302",13139001302,Census Tract 13.02,+34.1786618,-083.8132195
"13","139","001402",13139001402,Census Tract 14.02,+34.2401354,-083.9152520
"13","139","001403",13139001403,Census Tract 14.03,+34.2421794,-083.8749408
"13","139","001404",13139001404,Census Tract 14.04,+34.2100296,-083.8855597
"13","139","001501",13139001501,Census Tract 15.01,+34.2069855,-083.9405434
"13","139","001502",13139001502,Census Tract 15.02,+34.1565216,-084.0069645
"13","139","001603",13139001603,Census Tract 16.03,+34.1653130,-083.8473567
"13","139","001604",13139001604,Census Tract 16.04,+34.1572651,-083.9013077
"13","139","001605",13139001605,Census Tract 16.05,+34.1239102,-083.9041433
"13","139","001606",13139001606,Census Tract 16.06,+34.1772036,-083.9210340
"13","139","001607",13139001607,Census Tract 16.07,+34.1482897,-083.9550686
"13","139","001608",13139001608,Census Tract 16.08,+34.1270410,-083.8636662
"13","151","070104",13151070104,Census Tract 701.04,+33.5119600,-084.2656435
"13","151","070106",13151070106,Census Tract 701.06,+33.5614147,-084.2264413
"13","151","070107",13151070107,Census Tract 701.07,+33.6248436,-084.2011933
"13","151","070108",13151070108,Census Tract 701.08,+33.6258274,-084.2524231
"13","151","070109",13151070109,Census Tract 701.09,+33.5874870,-084.2347698
"13","151","070110",13151070110,Census Tract 701.10,+33.5845378,-084.1874823
"13","151","070111",13151070111,Census Tract 701.11,+33.5352482,-084.2456875
"13","151","070113",13151070113,Census Tract 701.13,+33.5476600,-084.2260175
"13","151","070114",13151070114,Census Tract 701.14,+33.5176644,-084.2114684
"13","151","070202",13151070202,Census Tract 702.02,+33.5196188,-084.0968093
"13","151","070203",13151070203,Census Tract 702.03,+33.4725208,-084.0466038
"13","151","070204",13151070204,Census Tract 702.04,+33.5524115,-084.1545534
"13","151","070205",13151070205,Census Tract 702.05,+33.5108812,-084.1630005
"13","151","070304",13151070304,Census Tract 703.04,+33.4293024,-084.1278719
"13","151","070305",13151070305,Census Tract 703.05,+33.4705967,-084.2492729
"13","151","070306",13151070306,Census Tract 703.06,+33.4169647,-084.2042316
"13","151","070307",13151070307,Census Tract 703.07,+33.4614562,-084.1356682
"13","151","070309",13151070309,Census Tract 703.09,+33.4990726,-084.1993992
"13","151","070310",13151070310,Census Tract 703.10,+33.4655887,-084.1876766
"13","151","070311",13151070311,Census Tract 703.11,+33.4484364,-084.1792070
"13","151","070402",13151070402,Census Tract 704.02,+33.4103021,-083.9955836
"13","151","070403",13151070403,Census Tract 704.03,+33.3716809,-084.0830223
"13","151","070404",13151070404,Census Tract 704.04,+33.3444770,-084.1302181
"13","151","070501",13151070501,Census Tract 705.01,+33.3904136,-084.3223878
"13","151","070502",13151070502,Census Tract 705.02,+33.3912200,-084.2368664
"13","217","100100",13217100100,Census Tract 1001,+33.6660206,-083.8756944
"13","217","100201",13217100201,Census Tract 1002.01,+33.5122915,-083.7720387
"13","217","100202",13217100202,Census Tract 1002.02,+33.5909078,-083.7360002
"13","217","100300",13217100300,Census Tract 1003,+33.5794198,-083.8289368
"13","217","100400",13217100400,Census Tract 1004,+33.6143350,-083.8725984
"13","217","100501",13217100501,Census Tract 1005.01,+33.5973475,-083.9504958
"13","217","100502",13217100502,Census Tract 1005.02,+33.5958075,-083.9200147
"13","217","100600",13217100600,Census Tract 1006,+33.5514224,-083.8899947
"13","217","100700",13217100700,Census Tract 1007,+33.5619410,-083.8645761
"13","217","100800",13217100800,Census Tract 1008,+33.4607699,-083.8782739
"13","217","100901",13217100901,Census Tract 1009.01,+33.5203743,-083.9742143
"13","217","100902",13217100902,Census Tract 1009.02,+33.5552376,-083.9594348
"13","217","100903",13217100903,Census Tract 1009.03,+33.5655329,-083.9993800
"13","223","120101",13223120101,Census Tract 1201.01,+34.0488999,-084.7690946
"13","223","120102",13223120102,Census Tract 1201.02,+33.9833397,-084.7818342
"13","223","120103",13223120103,Census Tract 1201.03,+34.0154450,-084.8219359
"13","223","120104",13223120104,Census Tract 1201.04,+34.0484656,-084.9129693
"13","223","120202",13223120202,Census Tract 1202.02,+33.9041833,-084.7433669
"13","223","120203",13223120203,Census Tract 1202.03,+33.9521890,-084.7571536
"13","223","120204",13223120204,Census Tract 1202.04,+33.9272519,-084.7630872
"13","223","120301",13223120301,Census Tract 1203.01,+33.9291707,-084.8142483
"13","223","120302",13223120302,Census Tract 1203.02,+33.9238295,-084.8570129
"13","223","120303",13223120303,Census Tract 1203.03,+33.8847459,-084.8719494
"13","223","120400",13223120400,Census Tract 1204,+33.8722981,-084.9517371
"13","223","120501",13223120501,Census Tract 1205.01,+33.8809849,-084.7870883
"13","223","120502",13223120502,Census Tract 1205.02,+33.8463255,-084.8391427
"13","223","120503",13223120503,Census Tract 1205.03,+33.8443019,-084.7901750
"13","223","120601",13223120601,Census Tract 1206.01,+33.8086218,-084.7333907
"13","223","120602",13223120602,Census Tract 1206.02,+33.7932471,-084.8140572
"13","223","120603",13223120603,Census Tract 1206.03,+33.8519179,-084.7354899
"13","223","120604",13223120604,Census Tract 1206.04,+33.8062154,-084.7707280
"13","223","120605",13223120605,Census Tract 1206.05,+33.8058714,-084.8643706
"13","247","060101",13247060101,Census Tract 601.01,+33.7325348,-084.0111110
"13","247","060102",13247060102,Census Tract 601.02,+33.7259894,-083.9555275
"13","247","060201",13247060201,Census Tract 602.01,+33.7032625,-084.0517635
"13","247","060202",13247060202,Census Tract 602.02,+33.6500086,-084.0621864
"13","247","060304",13247060304,Census Tract 603.04,+33.6579651,-084.0325251
"13","247","060305",13247060305,Census Tract 603.05,+33.6579388,-083.9777256
"13","247","060306",13247060306,Census Tract 603.06,+33.6400053,-083.9572557
"13","247","060307",13247060307,Census Tract 603.07,+33.6144706,-083.9966108
"13","247","060308",13247060308,Census Tract 603.08,+33.6747183,-083.9945051
"13","247","060309",13247060309,Census Tract 603.09,+33.6876272,-084.0194306
"13","247","060403",13247060403,Census Tract 604.03,+33.6183551,-084.1219363
"13","247","060404",13247060404,Census Tract 604.04,+33.6088016,-084.0333236
"13","247","060405",13247060405,Census Tract 604.05,+33.5772136,-084.0785178
"13","247","060406",13247060406,Census Tract 604.06,+33.5830604,-084.0263031
"13","247","060407",13247060407,Census Tract 604.07,+33.5656211,-084.0202011
"13","255","160100",13255160100,Census Tract 1601,+33.3305333,-084.3272835
"13","255","160200",13255160200,Census Tract 1602,+33.2995252,-084.1814931
"13","255","160300",13255160300,Census Tract 1603,+33.2924402,-084.2581257
"13","255","160400",13255160400,Census Tract 1604,+33.2747828,-084.2771820
"13","255","160500",13255160500,Census Tract 1605,+33.2694367,-084.3257575
"13","255","160600",13255160600,Census Tract 1606,+33.2454783,-084.4171532
"13","255","160700",13255160700,Census Tract 1607,+33.2232107,-084.3388629
"13","255","160800",13255160800,Census Tract 1608,+33.2529591,-084.2705629
"13","255","160900",13255160900,Census Tract 1609,+33.2488001,-084.2292968
"13","255","161000",13255161000,Census Tract 1610,+33.2199733,-084.1709959
"13","255","161100",13255161100,Census Tract 1611,+33.2180354,-084.2438879
"13","255","161200",13255161200,Census Tract 1612,+33.2110961,-084.2868121
"13","297","110100",13297110100,Census Tract 1101,+33.8877829,-083.7268477
"13","297","110200",13297110200,Census Tract 1102,+33.7968458,-083.6014089
"13","297","110300",13297110300,Census Tract 1103,+33.7999073,-083.6749288
"13","297","110400",13297110400,Census Tract 1104,+33.8216969,-083.7373362
"13","297","110503",13297110503,Census Tract 1105.03,+33.8271851,-083.8040155
"13","297","110504",13297110504,Census Tract 1105.04,+33.8447857,-083.8801225
"13","297","110505",13297110505,Census Tract 1105.05,+33.8678328,-083.8441880
"13","297","110506",13297110506,Census Tract 1105.06,+33.7902760,-083.9374310
"13","297","110507",13297110507,Census Tract 1105.07,+33.7967713,-083.8951283
"13","297","110508",13297110508,Census Tract 1105.08,+33.8113353,-083.8447379
"13","297","110601",13297110601,Census Tract 1106.01,+33.7788690,-083.8087548
"13","297","110602",13297110602,Census Tract 1106.02,+33.7181055,-083.7955606
"13","297","110603",13297110603,Census Tract 1106.03,+33.7440845,-083.8813045
"13","297","110700",13297110700,Census Tract 1107,+33.7551802,-083.7081614
"13","297","110800",13297110800,Census Tract 1108,+33.6762081,-083.6901009
"13","063","980000",13063980000,Census Tract 9800,+33.6350065,-084.4325793
"13","089","980000",13089980000,Census Tract 9800,+33.7426368,-084.3022466
"13","121","003700",13121003700,Census Tract 37,+33.7489883,-084.4101331
"13","121","980000",13121980000,Census Tract 9800,+33.6518535,-084.4257125
