"GEOID","Subsidized units available","% Occupied","% Reported","Household income per year","% very low income","% extremely low income","% female head","% with disability among Head Spouse Co-head aged 61 years or less","% with disability among Head Spouse Co-head aged 62 years or older","% in poverty (Census tract)","% minority (Census tract)"
13013180103,6,-4,-4,-4,-4,-4,-4,-4,-4,-4,-4
13013180104,5,-4,-4,-4,-4,-4,-4,-4,-4,-4,-4
13013180105,1,-4,-4,-4,-4,-4,-4,-4,-4,-4,-4
13013180106,-1,-1,-1,-1,-1,-1,-1,-1,-1,-1,-1
13013180107,4,-4,-4,-4,-4,-4,-4,-4,-4,-4,-4
13013180108,3,-4,-4,-4,-4,-4,-4,-4,-4,-4,-4
13013180203,136,90,100,12158,98,80,87,29,52,26,49
13013180204,90,92,100,12071,99,77,81,44,53,20,42
13013180205,123,91,100,12565,99,78,86,32,22,23,30
13013180206,11,-4,-4,-4,-4,-4,-4,-4,-4,-4,-4
13013180301,5,-4,-4,-4,-4,-4,-4,-4,-4,-4,-4
13013180302,18,77,100,13153,100,79,79,25,80,16,22
13013180303,8,-4,-4,-4,-4,-4,-4,-4,-4,-4,-4
13013180401,5,-4,-4,-4,-4,-4,-4,-4,-4,-4,-4
13013180402,47,87,100,11745,98,83,86,26,75,10,33
13013180501,15,77,100,16147,92,75,83,57,80,11,30
13013180502,6,-4,-4,-4,-4,-4,-4,-4,-4,-4,-4
13013180503,8,-4,-4,-4,-4,-4,-4,-4,-4,-4,-4
13015960101,-1,-1,-1,-1,-1,-1,-1,-1,-1,-1,-1
13015960102,1,-4,-4,-4,-4,-4,-4,-4,-4,-4,-4
13015960200,22,97,100,19911,81,43,81,30,18,12,13
13015960300,-1,-1,-1,-1,-1,-1,-1,-1,-1,-1,-1
13015960401,20,77,100,16205,81,81,94,42,75,9,34
13015960402,89,91,100,14280,94,73,74,57,14,8,22
13015960500,10,-4,-4,-4,-4,-4,-4,-4,-4,-4,-4
13015960600,245,95,98,15736,90,75,75,40,57,20,31
13015960700,177,96,100,19147,83,57,84,20,41,23,38
13015960801,1,-4,-4,-4,-4,-4,-4,-4,-4,-4,-4
13015960802,-1,-1,-1,-1,-1,-1,-1,-1,-1,-1,-1
13015960803,3,-4,-4,-4,-4,-4,-4,-4,-4,-4,-4
13015960901,1,-4,-4,-4,-4,-4,-4,-4,-4,-4,-4
13015960902,1,-4,-4,-4,-4,-4,-4,-4,-4,-4,-4
13015961000,1,-4,-4,-4,-4,-4,-4,-4,-4,-4,-4
13045910101,180,78,100,12794,96,82,79,57,29,24,42
13045910103,8,-4,-4,-4,-4,-4,-4,-4,-4,-4,-4
13045910104,35,100,100,13276,97,78,94,18,50,20,23
13045910200,22,105,100,13950,96,79,92,17,-1,20,18
13045910300,7,-4,-4,-4,-4,-4,-4,-4,-4,-4,-4
13045910400,24,96,100,14628,91,70,65,53,25,16,12
13045910501,25,105,100,18542,85,48,89,16,50,36,49
13045910502,71,172,100,11305,98,85,80,31,50,45,77
13045910600,161,94,100,9921,98,83,90,14,73,23,35
13045910701,93,107,100,12407,95,78,93,26,75,13,32
13045910702,13,96,100,16297,92,62,85,25,100,11,17
13045910703,114,102,100,12571,92,76,82,44,26,18,35
13045910800,0,-4,-4,-4,-4,-4,-4,-4,-4,-4,-4
13045910900,1,-4,-4,-4,-4,-4,-4,-4,-4,-4,-4
13045911000,59,156,100,10642,95,85,85,23,39,14,34
13045911100,55,150,100,11493,99,85,65,53,29,13,19
13045911200,48,103,100,18893,90,66,76,45,29,16,19
13057090100,1,-4,-4,-4,-4,-4,-4,-4,-4,-4,-4
13057090200,1,-4,-4,-4,-4,-4,-4,-4,-4,-4,-4
13057090300,3,-4,-4,-4,-4,-4,-4,-4,-4,-4,-4
13057090400,56,77,100,11094,100,84,84,52,75,20,34
13057090501,1,-4,-4,-4,-4,-4,-4,-4,-4,-4,-4
13057090502,1,-4,-4,-4,-4,-4,-4,-4,-4,-4,-4
13057090601,18,92,71,10449,100,83,67,33,100,31,30
13057090602,141,84,100,13750,92,76,95,14,100,16,27
13057090701,65,77,100,15558,94,65,88,33,75,8,20
13057090702,4,-4,-4,-4,-4,-4,-4,-4,-4,-4,-4
13057090802,-1,-1,-1,-1,-1,-1,-1,-1,-1,-1,-1
13057090803,-1,-1,-1,-1,-1,-1,-1,-1,-1,-1,-1
13057090804,-1,-1,-1,-1,-1,-1,-1,-1,-1,-1,-1
13057090901,1,-4,-4,-4,-4,-4,-4,-4,-4,-4,-4
13057090902,1,-4,-4,-4,-4,-4,-4,-4,-4,-4,-4
13057090904,20,77,100,16758,94,56,94,-1,33,8,28
13057090905,-1,-1,-1,-1,-1,-1,-1,-1,-1,-1,-1
13057091001,114,90,100,14147,97,69,91,24,6,20,27
13057091003,48,77,100,13150,97,76,95,31,83,21,34
13057091005,1,-4,-4,-4,-4,-4,-4,-4,-4,-4,-4
13057091006,-1,-1,-1,-1,-1,-1,-1,-1,-1,-1,-1
13057091007,-1,-1,-1,-1,-1,-1,-1,-1,-1,-1,-1
13057091008,1,-4,-4,-4,-4,-4,-4,-4,-4,-4,-4
13057091101,3,-4,-4,-4,-4,-4,-4,-4,-4,-4,-4
13057091102,-1,-1,-1,-1,-1,-1,-1,-1,-1,-1,-1
13057091103,-1,-1,-1,-1,-1,-1,-1,-1,-1,-1,-1
13063040202,80,93,100,11381,96,77,91,24,88,21,97
13063040203,52,93,100,11700,93,81,91,24,75,25,98
13063040204,35,93,100,13500,92,74,84,31,60,21,98
13063040302,44,91,100,10564,98,81,88,26,88,34,82
13063040303,32,91,100,13696,100,70,90,36,63,26,85
13063040306,6,-4,-4,-4,-4,-4,-4,-4,-4,-4,-4
13063040307,19,91,100,17844,83,67,83,38,50,21,79
13063040308,133,93,100,12080,99,85,83,46,37,32,80
13063040407,22,91,100,11602,95,86,95,21,100,14,78
13063040408,210,96,97,9627,99,86,90,13,42,24,81
13063040409,21,91,100,15286,90,80,100,15,-1,11,84
13063040410,29,91,100,13064,93,82,96,12,100,20,86
13063040411,41,90,100,17803,92,62,97,14,67,4,88
13063040412,55,91,100,14223,96,77,96,23,100,20,85
13063040413,40,91,100,16228,95,68,95,14,100,20,85
13063040414,26,91,100,13510,96,76,92,47,50,17,77
13063040415,55,91,100,9061,100,87,96,24,50,46,91
13063040416,14,91,100,11626,92,92,100,-1,-1,16,79
13063040417,67,91,100,13083,95,80,92,25,63,38,90
13063040509,38,90,100,16231,91,66,87,14,75,14,94
13063040510,19,91,100,11574,95,86,95,19,-1,26,93
13063040512,16,90,100,15135,100,81,94,38,-1,21,94
13063040513,22,91,100,16772,95,64,95,5,100,13,89
13063040514,47,91,100,13888,100,74,100,16,67,22,96
13063040515,59,91,100,16797,88,68,96,25,83,25,93
13063040516,76,91,100,12539,97,86,97,25,90,34,88
13063040518,115,91,100,12829,97,83,96,16,80,28,89
13063040519,48,89,100,11367,96,77,85,37,67,27,98
13063040520,47,93,100,13944,93,75,73,35,90,27,99
13063040521,30,91,100,13652,93,77,100,17,100,28,85
13063040522,40,90,100,10448,98,88,93,24,83,25,91
13063040523,38,91,100,11941,94,86,97,35,74,21,92
13063040524,70,91,100,14513,94,78,99,20,100,13,91
13063040525,38,91,100,11414,97,81,100,24,100,23,93
13063040526,57,91,100,13353,96,80,96,6,80,25,91
13063040606,31,91,100,14210,97,66,93,15,100,18,64
13063040608,49,91,100,13914,94,72,98,22,100,13,83
13063040609,23,91,100,18335,86,64,95,5,100,8,76
13063040611,102,91,100,12388,97,81,93,37,40,35,84
13063040612,580,93,56,11615,97,82,92,15,42,42,79
13063040613,216,93,100,11509,98,83,93,11,55,24,72
13063040614,7,-4,-4,-4,-4,-4,-4,-4,-4,-4,-4
13063040615,5,-4,-4,-4,-4,-4,-4,-4,-4,-4,-4
13063040616,88,91,100,15040,95,71,92,32,88,22,87
13063040617,-1,-1,-1,-1,-1,-1,-1,-1,-1,-1,-1
13063040619,12,91,100,12348,100,73,100,22,100,8,93
13063040620,13,91,100,14686,100,75,92,30,100,9,84
13063040621,56,91,100,17057,94,70,98,17,-1,14,87
13063040622,56,91,100,15168,94,74,98,22,100,25,86
13067030101,3,-4,-4,-4,-4,-4,-4,-4,-4,-4,-4
13067030103,3,-4,-4,-4,-4,-4,-4,-4,-4,-4,-4
13067030104,163,98,100,14903,98,64,91,35,18,17,39
13067030106,61,99,100,15415,95,60,83,24,2,9,52
13067030107,2,-4,-4,-4,-4,-4,-4,-4,-4,-4,-4
13067030209,2,-4,-4,-4,-4,-4,-4,-4,-4,-4,-4
13067030214,2,-4,-4,-4,-4,-4,-4,-4,-4,-4,-4
13067030215,4,-4,-4,-4,-4,-4,-4,-4,-4,-4,-4
13067030218,-1,-1,-1,-1,-1,-1,-1,-1,-1,-1,-1
13067030219,-1,-1,-1,-1,-1,-1,-1,-1,-1,-1,-1
13067030220,2,-4,-4,-4,-4,-4,-4,-4,-4,-4,-4
13067030222,3,-4,-4,-4,-4,-4,-4,-4,-4,-4,-4
13067030223,6,-4,-4,-4,-4,-4,-4,-4,-4,-4,-4
13067030224,33,98,100,16982,84,65,97,31,80,5,41
13067030226,4,-4,-4,-4,-4,-4,-4,-4,-4,-4,-4
13067030227,7,-4,-4,-4,-4,-4,-4,-4,-4,-4,-4
13067030228,22,99,100,17677,96,35,78,33,35,26,40
13067030229,4,-4,-4,-4,-4,-4,-4,-4,-4,-4,-4
13067030230,175,98,100,16885,86,62,95,29,56,11,44
13067030231,1,-4,-4,-4,-4,-4,-4,-4,-4,-4,-4
13067030232,1,-4,-4,-4,-4,-4,-4,-4,-4,-4,-4
13067030233,1,-4,-4,-4,-4,-4,-4,-4,-4,-4,-4
13067030234,1,-4,-4,-4,-4,-4,-4,-4,-4,-4,-4
13067030235,-1,-1,-1,-1,-1,-1,-1,-1,-1,-1,-1
13067030236,-1,-1,-1,-1,-1,-1,-1,-1,-1,-1,-1
13067030238,1,-4,-4,-4,-4,-4,-4,-4,-4,-4,-4
13067030239,-1,-1,-1,-1,-1,-1,-1,-1,-1,-1,-1
13067030310,13,98,100,11218,93,93,93,30,75,9,30
13067030311,4,-4,-4,-4,-4,-4,-4,-4,-4,-4,-4
13067030312,18,94,100,12003,100,83,39,87,100,3,27
13067030313,3,-4,-4,-4,-4,-4,-4,-4,-4,-4,-4
13067030314,2,-4,-4,-4,-4,-4,-4,-4,-4,-4,-4
13067030318,-1,-1,-1,-1,-1,-1,-1,-1,-1,-1,-1
13067030319,-1,-1,-1,-1,-1,-1,-1,-1,-1,-1,-1
13067030320,-1,-1,-1,-1,-1,-1,-1,-1,-1,-1,-1
13067030322,1,-4,-4,-4,-4,-4,-4,-4,-4,-4,-4
13067030324,1,-4,-4,-4,-4,-4,-4,-4,-4,-4,-4
13067030326,-1,-1,-1,-1,-1,-1,-1,-1,-1,-1,-1
13067030327,1,-4,-4,-4,-4,-4,-4,-4,-4,-4,-4
13067030328,-1,-1,-1,-1,-1,-1,-1,-1,-1,-1,-1
13067030329,1,-4,-4,-4,-4,-4,-4,-4,-4,-4,-4
13067030330,-1,-1,-1,-1,-1,-1,-1,-1,-1,-1,-1
13067030331,-1,-1,-1,-1,-1,-1,-1,-1,-1,-1,-1
13067030332,-1,-1,-1,-1,-1,-1,-1,-1,-1,-1,-1
13067030333,-1,-1,-1,-1,-1,-1,-1,-1,-1,-1,-1
13067030334,-1,-1,-1,-1,-1,-1,-1,-1,-1,-1,-1
13067030335,-1,-1,-1,-1,-1,-1,-1,-1,-1,-1,-1
13067030336,-1,-1,-1,-1,-1,-1,-1,-1,-1,-1,-1
13067030337,-1,-1,-1,-1,-1,-1,-1,-1,-1,-1,-1
13067030339,-1,-1,-1,-1,-1,-1,-1,-1,-1,-1,-1
13067030340,-1,-1,-1,-1,-1,-1,-1,-1,-1,-1,-1
13067030341,-1,-1,-1,-1,-1,-1,-1,-1,-1,-1,-1
13067030342,-1,-1,-1,-1,-1,-1,-1,-1,-1,-1,-1
13067030343,-1,-1,-1,-1,-1,-1,-1,-1,-1,-1,-1
13067030344,3,-4,-4,-4,-4,-4,-4,-4,-4,-4,-4
13067030345,-1,-1,-1,-1,-1,-1,-1,-1,-1,-1,-1
13067030405,4,-4,-4,-4,-4,-4,-4,-4,-4,-4,-4
13067030407,2,-4,-4,-4,-4,-4,-4,-4,-4,-4,-4
13067030408,-1,-1,-1,-1,-1,-1,-1,-1,-1,-1,-1
13067030409,-1,-1,-1,-1,-1,-1,-1,-1,-1,-1,-1
13067030410,6,-4,-4,-4,-4,-4,-4,-4,-4,-4,-4
13067030411,8,-4,-4,-4,-4,-4,-4,-4,-4,-4,-4
13067030412,13,98,100,13229,100,73,93,58,100,31,76
13067030413,6,-4,-4,-4,-4,-4,-4,-4,-4,-4,-4
13067030414,10,98,100,17112,91,64,91,27,-1,22,89
13067030502,4,-4,-4,-4,-4,-4,-4,-4,-4,-4,-4
13067030504,8,-4,-4,-4,-4,-4,-4,-4,-4,-4,-4
13067030505,3,-4,-4,-4,-4,-4,-4,-4,-4,-4,-4
13067030506,5,-4,-4,-4,-4,-4,-4,-4,-4,-4,-4
13067030507,1,-4,-4,-4,-4,-4,-4,-4,-4,-4,-4
13067030601,22,98,100,10679,100,88,92,14,50,9,55
13067030602,3,-4,-4,-4,-4,-4,-4,-4,-4,-4,-4
13067030700,170,98,100,12451,96,78,72,27,30,21,69
13067030800,92,97,100,12383,99,77,62,93,28,27,60
13067030901,26,97,100,17387,93,55,86,43,50,13,38
13067030902,188,98,100,14079,98,70,77,62,6,16,63
13067030904,128,98,100,13079,96,78,91,21,67,31,79
13067030905,10,98,100,14667,91,73,91,10,-1,16,68
13067031001,41,98,100,13118,98,72,91,28,71,39,74
13067031002,249,98,100,14552,94,70,89,34,68,32,80
13067031004,203,98,100,12705,96,75,92,27,50,24,76
13067031005,18,98,100,16874,85,60,100,12,100,20,70
13067031101,32,98,100,10127,100,92,72,48,64,26,69
13067031106,8,-4,-4,-4,-4,-4,-4,-4,-4,-4,-4
13067031108,21,98,100,15063,83,70,91,17,60,10,64
13067031110,2,-4,-4,-4,-4,-4,-4,-4,-4,-4,-4
13067031111,-1,-1,-1,-1,-1,-1,-1,-1,-1,-1,-1
13067031112,6,-4,-4,-4,-4,-4,-4,-4,-4,-4,-4
13067031113,-1,-1,-1,-1,-1,-1,-1,-1,-1,-1,-1
13067031114,74,98,100,14600,93,66,85,27,89,20,72
13067031115,12,97,100,15906,85,69,100,38,-1,18,61
13067031116,31,98,100,9248,100,91,86,43,71,23,78
13067031117,-1,-1,-1,-1,-1,-1,-1,-1,-1,-1,-1
13067031118,144,99,100,14645,98,60,83,75,4,10,38
13067031205,73,98,100,16466,83,59,94,21,50,6,49
13067031206,11,98,100,14906,92,67,92,20,50,8,52
13067031207,-1,-1,-1,-1,-1,-1,-1,-1,-1,-1,-1
13067031208,-1,-1,-1,-1,-1,-1,-1,-1,-1,-1,-1
13067031209,-1,-1,-1,-1,-1,-1,-1,-1,-1,-1,-1
13067031211,-1,-1,-1,-1,-1,-1,-1,-1,-1,-1,-1
13067031212,-1,-1,-1,-1,-1,-1,-1,-1,-1,-1,-1
13067031306,38,96,100,16877,90,68,78,46,83,15,55
13067031307,10,98,100,20866,82,55,100,18,-1,13,37
13067031308,35,98,100,16535,92,72,90,23,75,16,70
13067031309,69,97,100,15852,95,68,78,32,100,15,76
13067031310,259,98,100,13751,92,74,93,29,89,28,96
13067031311,97,98,100,14556,91,71,93,21,50,26,92
13067031312,44,98,100,13219,96,75,79,30,75,6,71
13067031313,12,98,100,21719,69,54,85,-1,100,4,49
13067031404,13,98,100,17265,86,57,93,27,100,11,53
13067031405,34,98,100,18146,94,67,81,35,50,23,67
13067031406,245,98,100,13422,94,77,91,27,81,24,76
13067031408,64,97,100,12095,94,80,86,25,90,6,67
13067031409,43,98,100,14326,94,73,98,34,50,20,64
13067031503,63,97,100,15985,87,72,87,26,88,17,71
13067031505,29,98,100,18683,91,66,97,10,100,9,57
13067031506,26,98,100,18895,93,59,97,7,100,19,51
13067031507,44,98,100,18392,86,57,94,11,50,28,76
13067031508,22,98,100,16822,88,63,100,14,67,6,51
13067031509,22,98,100,16724,88,64,92,12,-1,5,57
13077170100,2,-4,-4,-4,-4,-4,-4,-4,-4,-4,-4
13077170200,115,96,100,11200,96,81,93,10,75,10,23
13077170303,1,-4,-4,-4,-4,-4,-4,-4,-4,-4,-4
13077170304,9,-4,-4,-4,-4,-4,-4,-4,-4,-4,-4
13077170305,142,82,100,15084,93,71,97,32,53,30,54
13077170306,200,93,100,12395,98,76,93,20,14,13,36
13077170402,2,-4,-4,-4,-4,-4,-4,-4,-4,-4,-4
13077170403,1,-4,-4,-4,-4,-4,-4,-4,-4,-4,-4
13077170404,11,84,100,11673,100,92,100,33,71,4,17
13077170405,3,-4,-4,-4,-4,-4,-4,-4,-4,-4,-4
13077170406,-1,-1,-1,-1,-1,-1,-1,-1,-1,-1,-1
13077170501,3,-4,-4,-4,-4,-4,-4,-4,-4,-4,-4
13077170502,5,-4,-4,-4,-4,-4,-4,-4,-4,-4,-4
13077170503,30,100,100,16494,97,67,77,22,33,8,19
13077170601,496,94,100,11815,97,82,84,28,19,29,65
13077170602,11,81,100,17699,82,82,100,13,100,7,23
13077170603,8,-4,-4,-4,-4,-4,-4,-4,-4,-4,-4
13077170700,197,90,100,14310,93,70,85,30,51,17,57
13077170801,28,79,100,15638,100,68,82,33,75,12,20
13077170802,1,-4,-4,-4,-4,-4,-4,-4,-4,-4,-4
13089020100,-1,-1,-1,-1,-1,-1,-1,-1,-1,-1,-1
13089020200,-1,-1,-1,-1,-1,-1,-1,-1,-1,-1,-1
13089020300,-1,-1,-1,-1,-1,-1,-1,-1,-1,-1,-1
13089020400,4,-4,-4,-4,-4,-4,-4,-4,-4,-4,-4
13089020500,228,78,93,14503,96,72,71,33,52,21,65
13089020600,257,88,90,11359,98,84,85,12,46,32,67
13089020700,45,85,97,11627,95,86,57,81,69,17,60
13089020801,10,-4,-4,-4,-4,-4,-4,-4,-4,-4,-4
13089020802,366,95,100,16067,92,71,54,42,70,21,69
13089020900,253,89,99,11252,97,83,54,74,9,8,59
13089021101,-1,-1,-1,-1,-1,-1,-1,-1,-1,-1,-1
13089021102,203,98,100,10972,99,90,51,100,15,6,22
13089021202,4,-4,-4,-4,-4,-4,-4,-4,-4,-4,-4
13089021204,1,-4,-4,-4,-4,-4,-4,-4,-4,-4,-4
13089021208,26,96,100,11696,100,91,55,-1,33,17,41
13089021209,213,96,100,11119,99,93,66,100,33,13,38
13089021210,-1,-1,-1,-1,-1,-1,-1,-1,-1,-1,-1
13089021211,-1,-1,-1,-1,-1,-1,-1,-1,-1,-1,-1
13089021213,-1,-1,-1,-1,-1,-1,-1,-1,-1,-1,-1
13089021214,-1,-1,-1,-1,-1,-1,-1,-1,-1,-1,-1
13089021215,-1,-1,-1,-1,-1,-1,-1,-1,-1,-1,-1
13089021216,-1,-1,-1,-1,-1,-1,-1,-1,-1,-1,-1
13089021217,-1,-1,-1,-1,-1,-1,-1,-1,-1,-1,-1
13089021218,1,-4,-4,-4,-4,-4,-4,-4,-4,-4,-4
13089021301,21,94,100,13688,96,85,78,26,100,27,81
13089021303,2,-4,-4,-4,-4,-4,-4,-4,-4,-4,-4
13089021305,-1,-1,-1,-1,-1,-1,-1,-1,-1,-1,-1
13089021306,9,95,100,12165,100,73,27,63,33,12,79
13089021307,-1,-1,-1,-1,-1,-1,-1,-1,-1,-1,-1
13089021308,14,96,100,9434,100,94,33,67,100,18,76
13089021405,-1,-1,-1,-1,-1,-1,-1,-1,-1,-1,-1
13089021409,1,-4,-4,-4,-4,-4,-4,-4,-4,-4,-4
13089021410,1,-4,-4,-4,-4,-4,-4,-4,-4,-4,-4
13089021411,-1,-1,-1,-1,-1,-1,-1,-1,-1,-1,-1
13089021412,-1,-1,-1,-1,-1,-1,-1,-1,-1,-1,-1
13089021413,10,96,100,12966,100,85,31,56,75,24,86
13089021414,1,-4,-4,-4,-4,-4,-4,-4,-4,-4,-4
13089021415,-1,-1,-1,-1,-1,-1,-1,-1,-1,-1,-1
13089021416,-1,-1,-1,-1,-1,-1,-1,-1,-1,-1,-1
13089021417,1,-4,-4,-4,-4,-4,-4,-4,-4,-4,-4
13089021502,-1,-1,-1,-1,-1,-1,-1,-1,-1,-1,-1
13089021503,-1,-1,-1,-1,-1,-1,-1,-1,-1,-1,-1
13089021504,-1,-1,-1,-1,-1,-1,-1,-1,-1,-1,-1
13089021602,-1,-1,-1,-1,-1,-1,-1,-1,-1,-1,-1
13089021603,121,98,98,12693,94,78,73,-1,-1,10,38
13089021604,-1,-1,-1,-1,-1,-1,-1,-1,-1,-1,-1
13089021605,4,-4,-4,-4,-4,-4,-4,-4,-4,-4,-4
13089021703,65,97,100,9218,100,100,68,-1,2,4,16
13089021704,2,-4,-4,-4,-4,-4,-4,-4,-4,-4,-4
13089021705,2,-4,-4,-4,-4,-4,-4,-4,-4,-4,-4
13089021706,8,-4,-4,-4,-4,-4,-4,-4,-4,-4,-4
13089021805,26,94,100,14265,94,76,85,37,67,8,48
13089021806,8,-4,-4,-4,-4,-4,-4,-4,-4,-4,-4
13089021808,1,-4,-4,-4,-4,-4,-4,-4,-4,-4,-4
13089021809,3,-4,-4,-4,-4,-4,-4,-4,-4,-4,-4
13089021810,-1,-1,-1,-1,-1,-1,-1,-1,-1,-1,-1
13089021812,4,-4,-4,-4,-4,-4,-4,-4,-4,-4,-4
13089021813,14,96,100,11673,100,72,61,36,100,31,93
13089021814,62,97,100,14785,91,72,67,22,56,23,80
13089021906,70,94,100,13406,97,79,87,21,75,14,87
13089021907,82,96,100,13150,98,76,82,28,25,10,80
13089021908,267,95,100,12702,97,79,71,34,23,39,93
13089021909,83,94,100,12532,94,78,77,30,71,38,86
13089021910,40,94,100,11991,98,73,77,37,-1,18,84
13089021911,12,94,100,14043,94,56,88,46,100,65,99
13089021912,-1,-1,-1,-1,-1,-1,-1,-1,-1,-1,-1
13089021913,77,93,100,8708,98,83,32,20,53,37,94
13089022001,-1,-1,-1,-1,-1,-1,-1,-1,-1,-1,-1
13089022004,11,95,100,16193,93,79,79,9,100,17,88
13089022005,104,95,100,12752,98,75,65,34,42,30,87
13089022007,27,95,100,15988,89,71,80,17,50,43,87
13089022008,136,93,100,9847,100,87,70,40,63,41,88
13089022009,111,94,100,11666,96,79,74,26,64,32,96
13089022010,-1,-1,-1,-1,-1,-1,-1,-1,-1,-1,-1
13089022100,299,95,100,11595,98,83,83,16,29,24,78
13089022203,-1,-1,-1,-1,-1,-1,-1,-1,-1,-1,-1
13089022204,2,-4,-4,-4,-4,-4,-4,-4,-4,-4,-4
13089022301,53,99,100,13857,100,60,66,-1,16,15,24
13089022302,2,-4,-4,-4,-4,-4,-4,-4,-4,-4,-4
13089022401,-1,-1,-1,-1,-1,-1,-1,-1,-1,-1,-1
13089022402,-1,-1,-1,-1,-1,-1,-1,-1,-1,-1,-1
13089022403,-1,-1,-1,-1,-1,-1,-1,-1,-1,-1,-1
13089022500,568,98,100,14154,94,76,71,40,33,31,30
13089022600,258,99,100,14668,99,59,82,-1,1,7,20
13089022700,17,98,100,10080,100,94,33,81,100,12,39
13089022800,-1,-1,-1,-1,-1,-1,-1,-1,-1,-1,-1
13089022900,46,96,100,12691,97,78,86,-1,31,10,40
13089023000,2,-4,-4,-4,-4,-4,-4,-4,-4,-4,-4
13089023101,70,96,100,11153,98,81,75,41,74,22,85
13089023102,65,94,100,11532,96,81,54,45,57,17,64
13089023107,77,93,100,14712,94,76,86,13,80,24,84
13089023108,100,94,100,13406,97,76,81,39,71,36,95
13089023111,9,94,100,16309,92,58,83,64,-1,18,91
13089023112,230,94,100,9733,99,84,57,35,66,36,96
13089023113,8,-4,-4,-4,-4,-4,-4,-4,-4,-4,-4
13089023114,23,94,100,16285,97,59,66,21,70,29,84
13089023115,-1,-1,-1,-1,-1,-1,-1,-1,-1,-1,-1
13089023204,51,95,100,13682,94,78,92,13,100,21,89
13089023206,181,95,100,14475,96,73,92,25,35,25,93
13089023208,122,95,100,12926,96,76,82,24,86,19,94
13089023209,40,95,100,11871,94,80,96,11,25,20,94
13089023210,108,95,100,13102,93,77,75,25,63,23,97
13089023211,13,95,100,15785,100,75,100,19,-1,5,97
13089023212,44,94,100,13866,100,70,86,28,67,12,97
13089023213,163,93,100,13221,95,79,81,40,66,16,97
13089023214,104,94,100,13388,97,73,84,13,75,25,99
13089023303,248,95,100,13766,94,73,91,19,57,22,91
13089023306,40,94,100,13096,98,78,94,12,100,13,97
13089023309,207,95,100,15317,92,70,94,17,71,15,99
13089023310,336,95,100,12580,97,76,84,27,20,27,98
13089023311,23,95,100,13131,93,83,83,28,-1,12,94
13089023312,64,95,100,13802,96,80,94,21,50,10,96
13089023313,92,94,100,13771,97,80,98,16,63,19,98
13089023314,65,94,100,13409,96,80,96,28,50,15,96
13089023315,21,94,100,16179,96,65,96,8,100,7,93
13089023316,74,93,100,15430,93,74,91,19,80,9,97
13089023410,166,96,100,13024,95,73,76,27,32,24,99
13089023411,28,94,100,12944,94,78,83,22,67,22,98
13089023412,60,95,100,12389,97,84,91,36,73,13,97
13089023413,27,95,100,15832,91,76,100,9,50,10,94
13089023414,99,93,100,13447,91,76,86,32,82,12,97
13089023416,36,94,100,15492,98,70,93,32,80,13,98
13089023418,160,95,100,15195,94,70,97,15,40,15,96
13089023419,124,98,100,14806,96,68,87,11,6,12,98
13089023421,194,94,100,13996,94,76,95,15,72,29,99
13089023422,65,96,100,16664,88,70,92,19,100,14,99
13089023423,61,94,100,15016,96,76,90,26,65,3,97
13089023424,31,95,100,14553,98,75,93,18,-1,15,97
13089023425,39,94,100,13952,94,78,94,19,-1,11,98
13089023426,21,96,100,18429,93,56,100,30,75,10,99
13089023427,24,93,100,12446,94,77,100,23,60,8,98
13089023428,307,94,100,12687,95,76,90,23,76,22,98
13089023501,77,94,100,11944,97,82,86,42,86,25,96
13089023504,61,94,100,14145,94,70,71,33,80,41,97
13089023505,26,93,100,13472,100,73,88,24,100,21,96
13089023506,59,95,100,11864,99,83,87,27,73,22,96
13089023507,61,93,100,14887,97,76,92,24,75,17,95
13089023601,18,94,100,11882,96,91,70,42,91,16,78
13089023602,27,95,100,9696,97,79,88,26,100,28,94
13089023603,99,96,100,13267,95,79,87,15,61,28,96
13089023700,471,96,100,13003,93,74,87,21,55,22,89
13089023801,7,-4,-4,-4,-4,-4,-4,-4,-4,-4,-4
13089023802,188,89,100,9757,98,88,90,7,14,35,77
13089023803,41,93,100,14898,94,76,92,27,89,20,91
13097080102,12,-4,-4,-4,-4,-4,-4,-4,-4,-4,-4
13097080103,19,77,100,11872,100,67,93,17,67,21,72
13097080201,21,77,100,13826,100,76,94,13,100,26,47
13097080202,49,78,100,14155,97,74,97,16,100,21,57
13097080301,450,85,100,13195,97,76,91,23,55,19,79
13097080303,79,77,100,13790,97,71,94,24,75,21,52
13097080304,146,91,100,12853,97,77,85,68,11,24,50
13097080402,3,-4,-4,-4,-4,-4,-4,-4,-4,-4,-4
13097080403,18,77,100,17009,93,57,93,8,100,12,37
13097080404,54,77,100,14108,93,79,100,11,33,13,43
13097080505,20,77,100,15957,94,75,94,42,75,20,36
13097080506,20,77,100,13614,100,63,100,14,100,16,30
13097080507,20,78,100,12780,100,81,94,15,100,5,32
13097080508,44,83,100,16682,92,58,86,16,55,12,47
13097080509,18,77,100,17427,86,64,93,27,67,6,37
13097080510,33,77,100,17960,88,69,100,13,100,14,46
13097080511,40,77,100,16931,94,69,100,21,100,4,55
13097080602,13,-4,-4,-4,-4,-4,-4,-4,-4,-4,-4
13097080603,23,78,100,11873,100,89,79,39,100,6,50
13097080604,75,77,100,14089,88,85,98,10,-1,14,64
13113140101,3,-4,-4,-4,-4,-4,-4,-4,-4,-4,-4
13113140102,1,-4,-4,-4,-4,-4,-4,-4,-4,-4,-4
13113140203,1,-4,-4,-4,-4,-4,-4,-4,-4,-4,-4
13113140204,-1,-1,-1,-1,-1,-1,-1,-1,-1,-1,-1
13113140206,1,-4,-4,-4,-4,-4,-4,-4,-4,-4,-4
13113140207,5,-4,-4,-4,-4,-4,-4,-4,-4,-4,-4
13113140208,38,83,100,14372,97,79,94,13,22,6,33
13113140303,60,100,100,14066,97,70,87,100,11,5,19
13113140304,3,-4,-4,-4,-4,-4,-4,-4,-4,-4,-4
13113140305,-1,-1,-1,-1,-1,-1,-1,-1,-1,-1,-1
13113140306,-1,-1,-1,-1,-1,-1,-1,-1,-1,-1,-1
13113140307,-1,-1,-1,-1,-1,-1,-1,-1,-1,-1,-1
13113140403,4,-4,-4,-4,-4,-4,-4,-4,-4,-4,-4
13113140404,6,-4,-4,-4,-4,-4,-4,-4,-4,-4,-4
13113140405,1,-4,-4,-4,-4,-4,-4,-4,-4,-4,-4
13113140406,6,-4,-4,-4,-4,-4,-4,-4,-4,-4,-4
13113140407,10,-4,-4,-4,-4,-4,-4,-4,-4,-4,-4
13113140408,2,-4,-4,-4,-4,-4,-4,-4,-4,-4,-4
13113140501,-1,-1,-1,-1,-1,-1,-1,-1,-1,-1,-1
13113140502,-1,-1,-1,-1,-1,-1,-1,-1,-1,-1,-1
13117130101,-1,-1,-1,-1,-1,-1,-1,-1,-1,-1,-1
13117130102,-1,-1,-1,-1,-1,-1,-1,-1,-1,-1,-1
13117130103,5,-4,-4,-4,-4,-4,-4,-4,-4,-4,-4
13117130104,-1,-1,-1,-1,-1,-1,-1,-1,-1,-1,-1
13117130105,1,-4,-4,-4,-4,-4,-4,-4,-4,-4,-4
13117130201,3,-4,-4,-4,-4,-4,-4,-4,-4,-4,-4
13117130202,1,-4,-4,-4,-4,-4,-4,-4,-4,-4,-4
13117130203,3,-4,-4,-4,-4,-4,-4,-4,-4,-4,-4
13117130204,5,-4,-4,-4,-4,-4,-4,-4,-4,-4,-4
13117130205,3,-4,-4,-4,-4,-4,-4,-4,-4,-4,-4
13117130301,-1,-1,-1,-1,-1,-1,-1,-1,-1,-1,-1
13117130302,-1,-1,-1,-1,-1,-1,-1,-1,-1,-1,-1
13117130303,-1,-1,-1,-1,-1,-1,-1,-1,-1,-1,-1
13117130304,-1,-1,-1,-1,-1,-1,-1,-1,-1,-1,-1
13117130305,-1,-1,-1,-1,-1,-1,-1,-1,-1,-1,-1
13117130306,-1,-1,-1,-1,-1,-1,-1,-1,-1,-1,-1
13117130307,1,-4,-4,-4,-4,-4,-4,-4,-4,-4,-4
13117130403,4,-4,-4,-4,-4,-4,-4,-4,-4,-4,-4
13117130404,-1,-1,-1,-1,-1,-1,-1,-1,-1,-1,-1
13117130405,-1,-1,-1,-1,-1,-1,-1,-1,-1,-1,-1
13117130406,1,-4,-4,-4,-4,-4,-4,-4,-4,-4,-4
13117130408,79,92,100,17143,92,60,84,20,35,8,31
13117130409,8,-4,-4,-4,-4,-4,-4,-4,-4,-4,-4
13117130410,19,77,100,14885,87,67,93,-1,50,17,34
13117130503,3,-4,-4,-4,-4,-4,-4,-4,-4,-4,-4
13117130504,3,-4,-4,-4,-4,-4,-4,-4,-4,-4,-4
13117130505,-1,-1,-1,-1,-1,-1,-1,-1,-1,-1,-1
13117130506,-1,-1,-1,-1,-1,-1,-1,-1,-1,-1,-1
13117130507,-1,-1,-1,-1,-1,-1,-1,-1,-1,-1,-1
13117130508,1,-4,-4,-4,-4,-4,-4,-4,-4,-4,-4
13117130509,1,-4,-4,-4,-4,-4,-4,-4,-4,-4,-4
13117130510,-1,-1,-1,-1,-1,-1,-1,-1,-1,-1,-1
13117130601,1,-4,-4,-4,-4,-4,-4,-4,-4,-4,-4
13117130602,1,-4,-4,-4,-4,-4,-4,-4,-4,-4,-4
13117130603,-1,-1,-1,-1,-1,-1,-1,-1,-1,-1,-1
13117130604,1,-4,-4,-4,-4,-4,-4,-4,-4,-4,-4
13117130605,-1,-1,-1,-1,-1,-1,-1,-1,-1,-1,-1
13117130606,-1,-1,-1,-1,-1,-1,-1,-1,-1,-1,-1
13117130607,1,-4,-4,-4,-4,-4,-4,-4,-4,-4,-4
13117130608,-1,-1,-1,-1,-1,-1,-1,-1,-1,-1,-1
13117130609,1,-4,-4,-4,-4,-4,-4,-4,-4,-4,-4
13117130610,-1,-1,-1,-1,-1,-1,-1,-1,-1,-1,-1
13117130611,1,-4,-4,-4,-4,-4,-4,-4,-4,-4,-4
13117130612,-1,-1,-1,-1,-1,-1,-1,-1,-1,-1,-1
13117130613,-1,-1,-1,-1,-1,-1,-1,-1,-1,-1,-1
13121000100,-1,-1,-1,-1,-1,-1,-1,-1,-1,-1,-1
13121000200,-1,-1,-1,-1,-1,-1,-1,-1,-1,-1,-1
13121000400,1,-4,-4,-4,-4,-4,-4,-4,-4,-4,-4
13121000500,42,93,99,12964,100,79,76,48,71,9,35
13121000600,14,-4,-4,-4,-4,-4,-4,-4,-4,-4,-4
13121000700,8,-4,-4,-4,-4,-4,-4,-4,-4,-4,-4
13121001001,4,-4,-4,-4,-4,-4,-4,-4,-4,-4,-4
13121001002,2,-4,-4,-4,-4,-4,-4,-4,-4,-4,-4
13121001100,195,78,93,12162,99,81,50,90,84,6,29
13121001201,197,98,100,13088,99,74,64,100,2,12,31
13121001202,14,-4,-4,-4,-4,-4,-4,-4,-4,-4,-4
13121001300,121,92,96,7945,99,91,73,21,100,17,33
13121001400,-1,-1,-1,-1,-1,-1,-1,-1,-1,-1,-1
13121001500,313,96,100,11351,98,86,41,91,38,13,22
13121001600,21,88,94,9258,100,82,88,-1,-1,8,22
13121001700,554,90,100,9806,98,85,85,6,8,14,75
13121001800,482,92,97,11727,98,86,46,76,43,33,63
13121001900,247,78,93,13179,93,72,30,61,73,31,58
13121002100,241,78,93,18805,91,49,64,21,58,47,79
13121002300,16,78,93,18433,100,67,83,27,-1,35,98
13121002400,204,78,93,17601,94,68,91,29,69,33,97
13121002500,252,86,98,14757,95,71,57,31,71,33,98
13121002600,197,79,94,18123,92,56,79,24,67,48,98
13121002800,396,64,100,11373,97,82,45,17,8,33,70
13121002900,7,-4,-4,-4,-4,-4,-4,-4,-4,-4,-4
13121003000,-1,-1,-1,-1,-1,-1,-1,-1,-1,-1,-1
13121003100,46,78,93,18096,94,44,76,33,77,15,55
13121003200,51,94,98,13275,100,72,79,-1,11,5,29
13121003500,-1,-1,-1,-1,-1,-1,-1,-1,-1,-1,-1
13121003600,172,90,96,12093,99,82,42,43,16,24,93
13121003800,4,-4,-4,-4,-4,-4,-4,-4,-4,-4,-4
13121003900,186,85,96,17418,90,67,89,26,85,41,98
13121004000,234,82,97,17746,91,63,90,31,19,35,98
13121004100,135,79,93,18084,91,62,88,23,53,27,96
13121004200,731,87,97,13446,96,78,51,44,36,43,96
13121004300,145,87,97,17852,92,59,53,24,43,40,95
13121004400,900,83,96,17432,89,62,57,22,31,47,99
13121004800,440,83,96,14906,94,70,66,51,37,52,95
13121004900,180,94,99,17688,92,70,67,34,89,19,52
13121005000,8,-4,-4,-4,-4,-4,-4,-4,-4,-4,-4
13121005200,116,97,100,10088,98,85,97,3,-1,12,38
13121005300,95,95,100,8962,97,86,91,3,13,10,44
13121005501,228,82,94,15568,94,67,90,17,46,41,87
13121005502,486,91,98,17857,93,60,73,15,30,41,97
13121005700,336,78,93,14782,95,73,58,12,16,36,98
13121005800,36,78,93,19636,81,54,96,22,67,35,92
13121006000,245,78,93,16800,89,63,82,32,60,32,97
13121006100,247,79,93,19577,89,56,94,30,69,27,98
13121006200,81,85,97,14209,91,69,88,19,60,34,98
13121006300,116,78,93,17267,95,64,69,25,63,33,97
13121006400,16,80,94,19827,83,67,83,18,-1,21,95
13121006500,201,79,93,18920,92,58,93,33,72,29,88
13121006601,377,78,93,13639,95,71,68,65,40,34,85
13121006602,93,89,99,12077,95,77,98,12,75,53,99
13121006700,742,79,94,15349,95,70,74,32,21,36,95
13121006801,-1,-1,-1,-1,-1,-1,-1,-1,-1,-1,-1
13121006802,421,93,93,7482,99,89,97,3,41,81,99
13121006900,49,79,94,19898,86,64,97,13,75,19,67
13121007001,297,78,93,18718,92,60,94,29,76,32,96
13121007002,286,78,93,18948,91,61,90,24,79,37,95
13121007100,205,78,93,19362,91,53,83,18,62,21,99
13121007200,181,79,94,19549,93,58,91,21,64,38,99
13121007300,1267,81,84,15241,93,69,81,25,62,45,99
13121007400,485,88,99,12859,98,81,64,39,9,52,94
13121007500,943,80,94,15880,94,66,74,31,28,31,93
13121007602,156,84,96,16477,94,71,84,30,23,38,99
13121007603,1112,85,97,13557,96,74,66,46,24,57,92
13121007604,520,78,93,14266,97,69,82,44,63,50,99
13121007703,119,79,100,21771,86,53,96,24,78,20,99
13121007704,257,78,93,17326,90,61,80,37,65,32,99
13121007705,776,84,96,14209,96,72,79,36,23,43,99
13121007706,509,84,95,16272,93,67,81,38,70,22,98
13121007802,402,87,100,16853,94,65,85,20,21,26,99
13121007805,323,79,100,16733,91,60,81,34,63,33,98
13121007806,405,78,96,19051,89,61,92,29,76,18,100
13121007807,325,80,94,14651,94,71,70,33,55,58,99
13121007808,804,86,92,10037,99,86,91,11,42,71,99
13121007900,134,78,93,20408,88,53,98,19,75,9,99
13121008000,357,78,93,20485,89,54,93,27,66,23,98
13121008101,55,78,93,20102,88,48,95,25,50,23,99
13121008102,1095,82,95,14950,96,73,76,39,75,27,99
13121008201,796,78,93,16239,94,67,76,35,41,13,99
13121008202,210,78,94,15970,92,68,91,26,62,33,99
13121008301,114,78,94,18739,94,57,90,33,58,18,98
13121008302,86,78,93,18420,94,60,89,27,100,29,99
13121008400,276,85,97,14009,96,77,66,32,19,38,99
13121008500,135,78,93,20066,94,59,96,22,100,16,98
13121008601,968,86,90,11328,97,81,81,8,17,48,99
13121008602,225,78,93,18675,87,53,93,28,73,23,95
13121008700,954,87,97,15142,93,69,84,17,30,28,96
13121008800,165,85,99,12871,96,83,66,70,89,9,41
13121008902,19,79,94,21255,79,50,79,18,67,17,43
13121008903,83,78,93,15392,90,67,84,35,62,11,82
13121008904,44,78,93,14665,97,72,91,37,80,10,31
13121009000,1,-4,-4,-4,-4,-4,-4,-4,-4,-4,-4
13121009101,197,85,100,12072,98,83,58,98,98,9,29
13121009102,5,-4,-4,-4,-4,-4,-4,-4,-4,-4,-4
13121009200,199,96,99,12747,96,79,43,85,46,20,51
13121009300,4,-4,-4,-4,-4,-4,-4,-4,-4,-4,-4
13121009402,3,-4,-4,-4,-4,-4,-4,-4,-4,-4,-4
13121009403,254,98,100,10798,100,91,57,91,50,14,51
13121009404,16,78,93,16158,83,67,75,50,25,7,28
13121009501,-1,-1,-1,-1,-1,-1,-1,-1,-1,-1,-1
13121009502,596,86,97,14640,96,64,67,38,6,11,28
13121009601,1,-4,-4,-4,-4,-4,-4,-4,-4,-4,-4
13121009602,1,-4,-4,-4,-4,-4,-4,-4,-4,-4,-4
13121009603,106,97,100,14419,98,57,67,50,3,8,34
13121009700,4,-4,-4,-4,-4,-4,-4,-4,-4,-4,-4
13121009801,302,94,99,15578,91,56,73,15,2,4,6
13121009802,-1,-1,-1,-1,-1,-1,-1,-1,-1,-1,-1
13121009900,-1,-1,-1,-1,-1,-1,-1,-1,-1,-1,-1
13121010001,273,78,93,12211,99,87,62,91,46,5,22
13121010002,-1,-1,-1,-1,-1,-1,-1,-1,-1,-1,-1
13121010106,2,-4,-4,-4,-4,-4,-4,-4,-4,-4,-4
13121010107,-1,-1,-1,-1,-1,-1,-1,-1,-1,-1,-1
13121010108,-1,-1,-1,-1,-1,-1,-1,-1,-1,-1,-1
13121010110,191,97,100,17718,87,46,78,94,6,15,33
13121010113,-1,-1,-1,-1,-1,-1,-1,-1,-1,-1,-1
13121010114,3,-4,-4,-4,-4,-4,-4,-4,-4,-4,-4
13121010115,-1,-1,-1,-1,-1,-1,-1,-1,-1,-1,-1
13121010117,1,-4,-4,-4,-4,-4,-4,-4,-4,-4,-4
13121010118,1,-4,-4,-4,-4,-4,-4,-4,-4,-4,-4
13121010119,3,-4,-4,-4,-4,-4,-4,-4,-4,-4,-4
13121010120,1,-4,-4,-4,-4,-4,-4,-4,-4,-4,-4
13121010121,1,-4,-4,-4,-4,-4,-4,-4,-4,-4,-4
13121010122,-1,-1,-1,-1,-1,-1,-1,-1,-1,-1,-1
13121010123,1,-4,-4,-4,-4,-4,-4,-4,-4,-4,-4
13121010204,19,90,100,6374,100,88,94,-1,100,2,9
13121010205,57,82,100,10799,100,87,66,93,20,4,21
13121010206,-1,-1,-1,-1,-1,-1,-1,-1,-1,-1,-1
13121010208,125,100,100,9208,100,93,62,-1,-1,8,46
13121010209,1,-4,-4,-4,-4,-4,-4,-4,-4,-4,-4
13121010210,1,-4,-4,-4,-4,-4,-4,-4,-4,-4,-4
13121010211,-1,-1,-1,-1,-1,-1,-1,-1,-1,-1,-1
13121010212,13,-4,-4,-4,-4,-4,-4,-4,-4,-4,-4
13121010301,559,83,100,15444,95,67,84,17,20,7,91
13121010303,156,81,100,18192,89,60,83,20,17,9,99
13121010304,27,86,100,16793,94,60,96,4,-1,5,96
13121010400,74,90,100,13613,96,79,90,21,42,16,59
13121010507,137,88,100,15298,94,71,90,24,71,23,98
13121010508,45,88,100,14917,94,71,96,26,50,20,97
13121010510,349,88,100,14529,95,73,90,20,29,19,92
13121010511,207,91,100,10764,95,79,91,11,61,15,97
13121010512,96,84,100,14305,97,71,94,21,69,27,96
13121010513,167,84,100,16175,91,71,94,19,73,17,92
13121010514,64,88,100,16241,88,70,93,14,90,8,86
13121010515,248,94,100,14856,98,65,89,20,6,14,85
13121010516,137,87,100,13793,97,75,97,11,67,21,98
13121010601,255,96,100,11590,94,83,84,22,39,39,70
13121010603,35,90,100,11239,97,78,68,32,86,37,98
13121010604,46,89,100,10479,100,87,75,39,67,25,97
13121010800,35,82,100,12843,98,72,68,36,73,16,71
13121011000,209,92,100,14387,95,69,92,15,54,43,95
13121011100,148,80,97,13332,98,73,68,20,18,6,64
13121011201,73,92,100,12714,98,77,84,30,52,30,84
13121011202,50,92,100,13214,96,74,79,31,47,27,79
13121011301,15,92,100,18396,86,57,95,10,-1,15,87
13121011303,127,87,100,11987,95,78,58,33,61,21,95
13121011305,78,92,100,13503,94,67,88,31,21,35,98
13121011306,47,87,100,12239,97,81,81,38,60,20,98
13121011405,199,85,97,12755,98,78,76,50,81,16,52
13121011410,2,-4,-4,-4,-4,-4,-4,-4,-4,-4,-4
13121011411,2,-4,-4,-4,-4,-4,-4,-4,-4,-4,-4
13121011412,-1,-1,-1,-1,-1,-1,-1,-1,-1,-1,-1
13121011414,-1,-1,-1,-1,-1,-1,-1,-1,-1,-1,-1
13121011416,5,-4,-4,-4,-4,-4,-4,-4,-4,-4,-4
13121011417,-1,-1,-1,-1,-1,-1,-1,-1,-1,-1,-1
13121011418,-1,-1,-1,-1,-1,-1,-1,-1,-1,-1,-1
13121011419,1,-4,-4,-4,-4,-4,-4,-4,-4,-4,-4
13121011420,3,-4,-4,-4,-4,-4,-4,-4,-4,-4,-4
13121011421,1,-4,-4,-4,-4,-4,-4,-4,-4,-4,-4
13121011422,1,-4,-4,-4,-4,-4,-4,-4,-4,-4,-4
13121011423,1,-4,-4,-4,-4,-4,-4,-4,-4,-4,-4
13121011424,-1,-1,-1,-1,-1,-1,-1,-1,-1,-1,-1
13121011425,-1,-1,-1,-1,-1,-1,-1,-1,-1,-1,-1
13121011426,1,-4,-4,-4,-4,-4,-4,-4,-4,-4,-4
13121011427,-1,-1,-1,-1,-1,-1,-1,-1,-1,-1,-1
13121011503,8,81,100,13422,92,77,92,23,-1,3,19
13121011504,-1,-1,-1,-1,-1,-1,-1,-1,-1,-1,-1
13121011505,-1,-1,-1,-1,-1,-1,-1,-1,-1,-1,-1
13121011506,-1,-1,-1,-1,-1,-1,-1,-1,-1,-1,-1
13121011610,-1,-1,-1,-1,-1,-1,-1,-1,-1,-1,-1
13121011611,115,95,100,12090,99,76,63,95,2,7,48
13121011612,-1,-1,-1,-1,-1,-1,-1,-1,-1,-1,-1
13121011613,2,-4,-4,-4,-4,-4,-4,-4,-4,-4,-4
13121011614,2,-4,-4,-4,-4,-4,-4,-4,-4,-4,-4
13121011615,-1,-1,-1,-1,-1,-1,-1,-1,-1,-1,-1
13121011616,-1,-1,-1,-1,-1,-1,-1,-1,-1,-1,-1
13121011617,-1,-1,-1,-1,-1,-1,-1,-1,-1,-1,-1
13121011618,-1,-1,-1,-1,-1,-1,-1,-1,-1,-1,-1
13121011619,-1,-1,-1,-1,-1,-1,-1,-1,-1,-1,-1
13121011620,-1,-1,-1,-1,-1,-1,-1,-1,-1,-1,-1
13121011621,-1,-1,-1,-1,-1,-1,-1,-1,-1,-1,-1
13121011622,-1,-1,-1,-1,-1,-1,-1,-1,-1,-1,-1
13121011623,-1,-1,-1,-1,-1,-1,-1,-1,-1,-1,-1
13121011624,-1,-1,-1,-1,-1,-1,-1,-1,-1,-1,-1
13121011625,-1,-1,-1,-1,-1,-1,-1,-1,-1,-1,-1
13121011626,1,-4,-4,-4,-4,-4,-4,-4,-4,-4,-4
13121011800,72,78,93,16392,94,62,91,18,100,47,90
13121011900,778,82,95,13780,96,76,49,44,35,38,73
13121012000,561,86,97,13354,95,77,67,32,32,38,95
13121012300,21,92,100,11246,98,84,74,40,86,19,67
13135050103,3,-4,-4,-4,-4,-4,-4,-4,-4,-4,-4
13135050105,146,97,100,16934,90,67,73,26,31,22,53
13135050106,34,77,100,13151,96,81,93,14,60,14,42
13135050107,5,-4,-4,-4,-4,-4,-4,-4,-4,-4,-4
13135050108,-1,-1,-1,-1,-1,-1,-1,-1,-1,-1,-1
13135050109,42,86,100,16593,95,70,84,35,64,13,45
13135050205,3,-4,-4,-4,-4,-4,-4,-4,-4,-4,-4
13135050208,9,-4,-4,-4,-4,-4,-4,-4,-4,-4,-4
13135050209,4,-4,-4,-4,-4,-4,-4,-4,-4,-4,-4
13135050210,12,-4,-4,-4,-4,-4,-4,-4,-4,-4,-4
13135050211,4,-4,-4,-4,-4,-4,-4,-4,-4,-4,-4
13135050212,-1,-1,-1,-1,-1,-1,-1,-1,-1,-1,-1
13135050213,4,-4,-4,-4,-4,-4,-4,-4,-4,-4,-4
13135050214,11,96,100,11054,100,100,64,50,80,5,47
13135050215,9,-4,-4,-4,-4,-4,-4,-4,-4,-4,-4
13135050216,1,-4,-4,-4,-4,-4,-4,-4,-4,-4,-4
13135050217,47,79,100,12466,97,71,84,18,50,8,52
13135050218,4,-4,-4,-4,-4,-4,-4,-4,-4,-4,-4
13135050219,4,-4,-4,-4,-4,-4,-4,-4,-4,-4,-4
13135050220,10,-4,-4,-4,-4,-4,-4,-4,-4,-4,-4
13135050304,35,77,100,12332,96,86,89,41,100,15,81
13135050306,-1,-1,-1,-1,-1,-1,-1,-1,-1,-1,-1
13135050308,-1,-1,-1,-1,-1,-1,-1,-1,-1,-1,-1
13135050309,3,-4,-4,-4,-4,-4,-4,-4,-4,-4,-4
13135050310,8,-4,-4,-4,-4,-4,-4,-4,-4,-4,-4
13135050311,19,93,90,11909,100,81,94,10,100,9,43
13135050313,139,87,100,11176,98,80,90,25,65,24,71
13135050314,11,-4,-4,-4,-4,-4,-4,-4,-4,-4,-4
13135050315,16,77,100,16284,92,62,77,33,100,18,69
13135050317,8,-4,-4,-4,-4,-4,-4,-4,-4,-4,-4
13135050318,5,-4,-4,-4,-4,-4,-4,-4,-4,-4,-4
13135050319,37,91,92,14670,87,74,81,58,92,25,89
13135050320,5,-4,-4,-4,-4,-4,-4,-4,-4,-4,-4
13135050321,-1,-1,-1,-1,-1,-1,-1,-1,-1,-1,-1
13135050322,1,-4,-4,-4,-4,-4,-4,-4,-4,-4,-4
13135050410,52,93,100,13745,92,78,66,55,87,20,73
13135050415,8,-4,-4,-4,-4,-4,-4,-4,-4,-4,-4
13135050416,19,77,100,12538,100,67,100,7,-1,25,75
13135050417,4,-4,-4,-4,-4,-4,-4,-4,-4,-4,-4
13135050418,1,-4,-4,-4,-4,-4,-4,-4,-4,-4,-4
13135050419,14,77,100,16254,91,64,100,25,67,22,84
13135050421,9,-4,-4,-4,-4,-4,-4,-4,-4,-4,-4
13135050422,45,77,100,14101,92,75,92,19,100,36,89
13135050423,17,79,100,13346,93,79,93,31,-1,13,83
13135050424,8,-4,-4,-4,-4,-4,-4,-4,-4,-4,-4
13135050425,1,-4,-4,-4,-4,-4,-4,-4,-4,-4,-4
13135050426,5,-4,-4,-4,-4,-4,-4,-4,-4,-4,-4
13135050427,3,-4,-4,-4,-4,-4,-4,-4,-4,-4,-4
13135050428,4,-4,-4,-4,-4,-4,-4,-4,-4,-4,-4
13135050429,6,-4,-4,-4,-4,-4,-4,-4,-4,-4,-4
13135050430,9,-4,-4,-4,-4,-4,-4,-4,-4,-4,-4
13135050431,17,79,100,10406,93,79,71,40,50,21,81
13135050432,4,-4,-4,-4,-4,-4,-4,-4,-4,-4,-4
13135050433,1,-4,-4,-4,-4,-4,-4,-4,-4,-4,-4
13135050434,15,77,100,11112,100,83,92,38,25,29,90
13135050435,13,-4,-4,-4,-4,-4,-4,-4,-4,-4,-4
13135050436,132,96,100,13104,98,77,72,64,3,18,78
13135050511,149,77,100,12710,92,77,94,16,53,17,72
13135050520,77,91,99,12727,100,75,77,22,25,21,58
13135050521,54,83,100,12009,100,80,80,36,50,26,52
13135050522,381,93,100,13171,97,75,79,32,7,34,55
13135050523,50,77,100,14682,95,73,98,15,71,10,60
13135050524,9,-4,-4,-4,-4,-4,-4,-4,-4,-4,-4
13135050525,6,-4,-4,-4,-4,-4,-4,-4,-4,-4,-4
13135050526,10,-4,-4,-4,-4,-4,-4,-4,-4,-4,-4
13135050527,3,-4,-4,-4,-4,-4,-4,-4,-4,-4,-4
13135050528,3,-4,-4,-4,-4,-4,-4,-4,-4,-4,-4
13135050529,3,-4,-4,-4,-4,-4,-4,-4,-4,-4,-4
13135050530,-1,-1,-1,-1,-1,-1,-1,-1,-1,-1,-1
13135050531,23,77,100,15745,94,72,100,24,-1,10,68
13135050532,35,77,100,18344,93,50,100,17,75,7,73
13135050533,20,77,100,10707,100,81,100,7,100,12,84
13135050534,18,77,100,12265,93,93,86,31,100,10,77
13135050535,14,80,100,12979,83,75,83,20,-1,19,71
13135050536,18,77,100,16086,86,71,93,23,100,13,73
13135050537,128,77,100,14089,93,75,88,20,90,24,87
13135050538,1,-4,-4,-4,-4,-4,-4,-4,-4,-4,-4
13135050539,36,78,100,12386,100,79,100,31,67,24,85
13135050540,6,-4,-4,-4,-4,-4,-4,-4,-4,-4,-4
13135050541,4,-4,-4,-4,-4,-4,-4,-4,-4,-4,-4
13135050542,35,77,100,13913,96,71,93,33,68,28,86
13135050543,20,77,100,20308,88,50,94,-1,100,7,60
13135050544,33,77,100,12639,88,73,96,31,-1,6,64
13135050545,166,78,100,14823,91,71,95,23,78,13,71
13135050546,85,84,100,13215,97,82,96,16,22,17,68
13135050547,8,-4,-4,-4,-4,-4,-4,-4,-4,-4,-4
13135050548,9,-4,-4,-4,-4,-4,-4,-4,-4,-4,-4
13135050549,8,-4,-4,-4,-4,-4,-4,-4,-4,-4,-4
13135050605,13,-4,-4,-4,-4,-4,-4,-4,-4,-4,-4
13135050606,58,77,100,14693,89,70,89,29,75,3,37
13135050607,15,77,100,19943,92,67,100,9,100,2,41
13135050608,22,78,100,15501,94,78,100,-1,-1,10,35
13135050609,8,-4,-4,-4,-4,-4,-4,-4,-4,-4,-4
13135050610,4,-4,-4,-4,-4,-4,-4,-4,-4,-4,-4
13135050709,78,77,100,17951,89,69,97,20,100,17,71
13135050712,11,-4,-4,-4,-4,-4,-4,-4,-4,-4,-4
13135050713,3,-4,-4,-4,-4,-4,-4,-4,-4,-4,-4
13135050714,5,-4,-4,-4,-4,-4,-4,-4,-4,-4,-4
13135050715,8,-4,-4,-4,-4,-4,-4,-4,-4,-4,-4
13135050718,4,-4,-4,-4,-4,-4,-4,-4,-4,-4,-4
13135050719,157,78,100,13802,91,76,91,20,73,13,64
13135050720,15,77,100,16889,92,83,92,36,100,4,33
13135050721,41,77,100,16911,94,70,100,23,50,13,47
13135050722,19,77,100,9853,93,87,93,20,-1,20,67
13135050723,77,92,100,13157,99,87,58,22,2,17,73
13135050724,34,78,100,17198,89,70,100,4,50,10,46
13135050725,49,77,100,16715,87,67,95,14,67,9,66
13135050726,10,-4,-4,-4,-4,-4,-4,-4,-4,-4,-4
13135050727,6,-4,-4,-4,-4,-4,-4,-4,-4,-4,-4
13135050728,75,77,100,18614,95,65,100,24,100,6,71
13135050729,49,77,100,9698,95,87,100,16,-1,18,64
13135050730,23,77,100,13924,100,72,100,28,-1,4,60
13135050731,33,77,100,25505,81,46,100,12,-1,10,50
13139000101,1,-4,-4,-4,-4,-4,-4,-4,-4,-4,-4
13139000102,1,-4,-4,-4,-4,-4,-4,-4,-4,-4,-4
13139000201,1,-4,-4,-4,-4,-4,-4,-4,-4,-4,-4
13139000203,1,-4,-4,-4,-4,-4,-4,-4,-4,-4,-4
13139000204,1,-4,-4,-4,-4,-4,-4,-4,-4,-4,-4
13139000302,4,-4,-4,-4,-4,-4,-4,-4,-4,-4,-4
13139000303,-1,-1,-1,-1,-1,-1,-1,-1,-1,-1,-1
13139000304,3,-4,-4,-4,-4,-4,-4,-4,-4,-4,-4
13139000305,1,-4,-4,-4,-4,-4,-4,-4,-4,-4,-4
13139000400,93,90,95,10434,94,73,93,14,56,17,26
13139000500,129,95,100,12661,93,69,85,30,71,11,26
13139000600,68,90,100,12617,100,68,79,60,26,20,29
13139000701,83,96,100,14982,93,70,93,11,43,24,82
13139000702,4,-4,-4,-4,-4,-4,-4,-4,-4,-4,-4
13139000800,152,94,100,13109,97,71,77,47,30,44,81
13139000900,19,90,100,11953,100,71,59,63,67,12,38
13139001002,17,79,100,14113,93,64,93,44,40,9,51
13139001003,96,85,100,13859,89,67,73,40,42,45,81
13139001004,112,92,95,11830,96,75,88,15,74,16,40
13139001101,157,97,100,15777,88,66,78,18,56,46,92
13139001102,4,-4,-4,-4,-4,-4,-4,-4,-4,-4,-4
13139001201,3,-4,-4,-4,-4,-4,-4,-4,-4,-4,-4
13139001202,3,-4,-4,-4,-4,-4,-4,-4,-4,-4,-4
13139001301,1,-4,-4,-4,-4,-4,-4,-4,-4,-4,-4
13139001302,-1,-1,-1,-1,-1,-1,-1,-1,-1,-1,-1
13139001402,4,-4,-4,-4,-4,-4,-4,-4,-4,-4,-4
13139001403,10,-4,-4,-4,-4,-4,-4,-4,-4,-4,-4
13139001404,4,-4,-4,-4,-4,-4,-4,-4,-4,-4,-4
13139001501,12,98,100,16838,92,58,33,44,33,8,14
13139001502,-1,-1,-1,-1,-1,-1,-1,-1,-1,-1,-1
13139001603,-1,-1,-1,-1,-1,-1,-1,-1,-1,-1,-1
13139001604,-1,-1,-1,-1,-1,-1,-1,-1,-1,-1,-1
13139001605,-1,-1,-1,-1,-1,-1,-1,-1,-1,-1,-1
13139001606,1,-4,-4,-4,-4,-4,-4,-4,-4,-4,-4
13139001607,-1,-1,-1,-1,-1,-1,-1,-1,-1,-1,-1
13139001608,-1,-1,-1,-1,-1,-1,-1,-1,-1,-1,-1
13151070104,81,78,100,11464,98,83,97,14,100,11,70
13151070106,25,77,100,19353,95,60,90,21,100,19,44
13151070107,21,79,100,9578,100,88,100,13,-1,10,72
13151070108,27,78,100,12660,100,86,100,9,-1,10,82
13151070109,11,-4,-4,-4,-4,-4,-4,-4,-4,-4,-4
13151070110,34,77,100,20481,93,56,96,24,50,14,39
13151070111,94,77,100,14551,93,73,96,15,89,20,77
13151070113,14,77,100,13204,82,82,100,33,-1,15,45
13151070114,79,77,100,14197,92,78,94,15,90,12,67
13151070202,6,-4,-4,-4,-4,-4,-4,-4,-4,-4,-4
13151070203,5,-4,-4,-4,-4,-4,-4,-4,-4,-4,-4
13151070204,1,-4,-4,-4,-4,-4,-4,-4,-4,-4,-4
13151070205,16,77,100,10304,100,92,85,33,100,13,41
13151070304,319,86,100,13424,95,77,91,24,40,14,62
13151070305,6,-4,-4,-4,-4,-4,-4,-4,-4,-4,-4
13151070306,40,77,100,21230,84,53,100,6,-1,8,53
13151070307,18,77,100,18377,86,57,93,14,-1,4,50
13151070309,19,77,100,14111,100,87,100,7,-1,13,63
13151070310,43,77,100,17347,85,74,100,18,-1,6,30
13151070311,189,77,100,14035,94,74,94,22,94,21,72
13151070402,8,-4,-4,-4,-4,-4,-4,-4,-4,-4,-4
13151070403,28,77,100,20867,77,50,95,15,100,11,23
13151070404,51,77,100,14571,95,68,95,18,50,11,40
13151070501,63,81,100,13670,92,79,88,23,22,16,52
13151070502,61,83,100,13077,96,75,94,15,69,16,43
13217100100,22,78,100,14600,94,72,100,27,71,11,29
13217100201,3,-4,-4,-4,-4,-4,-4,-4,-4,-4,-4
13217100202,1,-4,-4,-4,-4,-4,-4,-4,-4,-4,-4
13217100300,336,92,97,11807,97,82,90,22,31,25,47
13217100400,20,79,100,14011,94,69,81,33,25,26,57
13217100501,246,77,100,12615,94,77,94,15,70,14,79
13217100502,113,77,100,13567,96,74,94,15,82,14,66
13217100600,109,84,100,14415,97,70,93,28,55,17,56
13217100700,258,89,100,12948,98,73,85,26,14,42,67
13217100800,60,77,100,17889,85,65,98,22,50,12,29
13217100901,88,77,100,15051,96,74,99,15,100,12,45
13217100902,44,77,100,13567,97,80,97,16,75,21,47
13217100903,74,77,100,13620,97,83,97,22,100,16,59
13223120101,-1,-1,-1,-1,-1,-1,-1,-1,-1,-1,-1
13223120102,8,-4,-4,-4,-4,-4,-4,-4,-4,-4,-4
13223120103,1,-4,-4,-4,-4,-4,-4,-4,-4,-4,-4
13223120104,1,-4,-4,-4,-4,-4,-4,-4,-4,-4,-4
13223120202,8,-4,-4,-4,-4,-4,-4,-4,-4,-4,-4
13223120203,-1,-1,-1,-1,-1,-1,-1,-1,-1,-1,-1
13223120204,14,77,100,13481,91,64,91,-1,80,13,25
13223120301,18,78,100,12596,93,80,87,67,50,15,29
13223120302,268,91,100,15031,94,73,91,28,50,9,34
13223120303,1,-4,-4,-4,-4,-4,-4,-4,-4,-4,-4
13223120400,25,77,100,16597,90,70,95,37,100,16,19
13223120501,14,77,100,17553,91,73,100,18,-1,12,40
13223120502,20,77,100,12794,100,88,94,8,100,10,18
13223120503,6,-4,-4,-4,-4,-4,-4,-4,-4,-4,-4
13223120601,10,-4,-4,-4,-4,-4,-4,-4,-4,-4,-4
13223120602,31,77,100,15290,92,80,96,4,100,15,30
13223120603,20,78,100,12138,100,75,100,9,100,9,39
13223120604,8,-4,-4,-4,-4,-4,-4,-4,-4,-4,-4
13223120605,15,79,100,15254,100,67,83,27,-1,16,18
13247060101,10,-4,-4,-4,-4,-4,-4,-4,-4,-4,-4
13247060102,8,-4,-4,-4,-4,-4,-4,-4,-4,-4,-4
13247060201,1,-4,-4,-4,-4,-4,-4,-4,-4,-4,-4
13247060202,29,77,100,14417,91,70,96,18,100,11,64
13247060304,201,78,100,15824,92,63,87,26,31,26,67
13247060305,50,77,100,12047,98,80,90,23,-1,35,79
13247060306,8,-4,-4,-4,-4,-4,-4,-4,-4,-4,-4
13247060307,89,77,100,11875,99,82,94,26,60,9,77
13247060308,119,77,100,14529,92,77,94,21,40,25,73
13247060309,214,77,100,12327,96,80,87,28,52,31,69
13247060403,3,-4,-4,-4,-4,-4,-4,-4,-4,-4,-4
13247060404,45,77,100,14767,97,69,97,24,50,12,44
13247060405,11,-4,-4,-4,-4,-4,-4,-4,-4,-4,-4
13247060406,15,77,100,17889,92,67,100,20,100,7,39
13247060407,16,77,100,12598,100,77,92,25,-1,16,30
13255160100,5,-4,-4,-4,-4,-4,-4,-4,-4,-4,-4
13255160200,5,-4,-4,-4,-4,-4,-4,-4,-4,-4,-4
13255160300,118,68,100,15838,93,69,95,28,43,39,78
13255160400,327,93,100,8096,99,90,93,10,61,38,65
13255160500,96,77,100,16468,90,65,99,28,85,17,48
13255160600,1,-4,-4,-4,-4,-4,-4,-4,-4,-4,-4
13255160700,233,88,98,11963,97,78,90,16,14,27,55
13255160800,153,91,100,13258,99,71,83,29,8,41,84
13255160900,16,79,100,10700,100,92,92,33,100,34,40
13255161000,4,-4,-4,-4,-4,-4,-4,-4,-4,-4,-4
13255161100,16,80,100,12305,100,85,69,56,25,9,13
13255161200,234,72,100,10746,98,83,93,17,58,19,32
13297110100,1,-4,-4,-4,-4,-4,-4,-4,-4,-4,-4
13297110200,9,-4,-4,-4,-4,-4,-4,-4,-4,-4,-4
13297110300,219,91,100,13059,98,74,88,19,31,24,47
13297110400,79,77,100,11571,98,78,92,23,84,27,49
13297110503,3,-4,-4,-4,-4,-4,-4,-4,-4,-4,-4
13297110504,24,93,100,16703,91,70,83,36,89,9,20
13297110505,4,-4,-4,-4,-4,-4,-4,-4,-4,-4,-4
13297110506,4,-4,-4,-4,-4,-4,-4,-4,-4,-4,-4
13297110507,47,79,100,15462,89,63,97,10,100,12,23
13297110508,5,-4,-4,-4,-4,-4,-4,-4,-4,-4,-4
13297110601,1,-4,-4,-4,-4,-4,-4,-4,-4,-4,-4
13297110602,1,-4,-4,-4,-4,-4,-4,-4,-4,-4,-4
13297110603,5,-4,-4,-4,-4,-4,-4,-4,-4,-4,-4
13297110700,43,77,100,16970,94,56,91,35,88,18,25
13297110800,103,92,100,13117,96,80,89,19,48,9,30
13063980000,-1,-1,-1,-1,-1,-1,-1,-1,-1,-1,-1
13089980000,-1,-1,-1,-1,-1,-1,-1,-1,-1,-1,-1
13121003700,224,81,95,14977,93,63,57,21,22,50,0
13121980000,-1,-1,-1,-1,-1,-1,-1,-1,-1,-1,-1
