,GEOID,"HOUSEHOLD INCOME BY GROSS RENT AS A PERCENTAGE OF HOUSEHOLD INCOME IN THE PAST 12 MONTHS_Estimate!!Total!!Less than $10,000","HOUSEHOLD INCOME BY GROSS RENT AS A PERCENTAGE OF HOUSEHOLD INCOME IN THE PAST 12 MONTHS_Estimate!!Total!!Less than $10,000!!Less than 20.0 percent","HOUSEHOLD INCOME BY GROSS RENT AS A PERCENTAGE OF HOUSEHOLD INCOME IN THE PAST 12 MONTHS_Estimate!!Total!!Less than $10,000!!20.0 to 24.9 percent","HOUSEHOLD INCOME BY GROSS RENT AS A PERCENTAGE OF HOUSEHOLD INCOME IN THE PAST 12 MONTHS_Estimate!!Total!!Less than $10,000!!25.0 to 29.9 percent","HOUSEHOLD INCOME BY GROSS RENT AS A PERCENTAGE OF HOUSEHOLD INCOME IN THE PAST 12 MONTHS_Estimate!!Total!!Less than $10,000!!30.0 to 34.9 percent","HOUSEHOLD INCOME BY GROSS RENT AS A PERCENTAGE OF HOUSEHOLD INCOME IN THE PAST 12 MONTHS_Estimate!!Total!!Less than $10,000!!35.0 to 39.9 percent","HOUSEHOLD INCOME BY GROSS RENT AS A PERCENTAGE OF HOUSEHOLD INCOME IN THE PAST 12 MONTHS_Estimate!!Total!!Less than $10,000!!40.0 to 49.9 percent","HOUSEHOLD INCOME BY GROSS RENT AS A PERCENTAGE OF HOUSEHOLD INCOME IN THE PAST 12 MONTHS_Estimate!!Total!!Less than $10,000!!50.0 percent or more","HOUSEHOLD INCOME BY GROSS RENT AS A PERCENTAGE OF HOUSEHOLD INCOME IN THE PAST 12 MONTHS_Estimate!!Total!!$10,000 to $19,999","HOUSEHOLD INCOME BY GROSS RENT AS A PERCENTAGE OF HOUSEHOLD INCOME IN THE PAST 12 MONTHS_Estimate!!Total!!$10,000 to $19,999!!Less than 20.0 percent","HOUSEHOLD INCOME BY GROSS RENT AS A PERCENTAGE OF HOUSEHOLD INCOME IN THE PAST 12 MONTHS_Estimate!!Total!!$10,000 to $19,999!!20.0 to 24.9 percent","HOUSEHOLD INCOME BY GROSS RENT AS A PERCENTAGE OF HOUSEHOLD INCOME IN THE PAST 12 MONTHS_Estimate!!Total!!$10,000 to $19,999!!25.0 to 29.9 percent","HOUSEHOLD INCOME BY GROSS RENT AS A PERCENTAGE OF HOUSEHOLD INCOME IN THE PAST 12 MONTHS_Estimate!!Total!!$10,000 to $19,999!!30.0 to 34.9 percent","HOUSEHOLD INCOME BY GROSS RENT AS A PERCENTAGE OF HOUSEHOLD INCOME IN THE PAST 12 MONTHS_Estimate!!Total!!$10,000 to $19,999!!35.0 to 39.9 percent","HOUSEHOLD INCOME BY GROSS RENT AS A PERCENTAGE OF HOUSEHOLD INCOME IN THE PAST 12 MONTHS_Estimate!!Total!!$10,000 to $19,999!!40.0 to 49.9 percent","HOUSEHOLD INCOME BY GROSS RENT AS A PERCENTAGE OF HOUSEHOLD INCOME IN THE PAST 12 MONTHS_Estimate!!Total!!$10,000 to $19,999!!50.0 percent or more","HOUSEHOLD INCOME BY GROSS RENT AS A PERCENTAGE OF HOUSEHOLD INCOME IN THE PAST 12 MONTHS_Estimate!!Total!!$20,000 to $34,999","HOUSEHOLD INCOME BY GROSS RENT AS A PERCENTAGE OF HOUSEHOLD INCOME IN THE PAST 12 MONTHS_Estimate!!Total!!$20,000 to $34,999!!Less than 20.0 percent","HOUSEHOLD INCOME BY GROSS RENT AS A PERCENTAGE OF HOUSEHOLD INCOME IN THE PAST 12 MONTHS_Estimate!!Total!!$20,000 to $34,999!!20.0 to 24.9 percent","HOUSEHOLD INCOME BY GROSS RENT AS A PERCENTAGE OF HOUSEHOLD INCOME IN THE PAST 12 MONTHS_Estimate!!Total!!$20,000 to $34,999!!25.0 to 29.9 percent","HOUSEHOLD INCOME BY GROSS RENT AS A PERCENTAGE OF HOUSEHOLD INCOME IN THE PAST 12 MONTHS_Estimate!!Total!!$20,000 to $34,999!!30.0 to 34.9 percent","HOUSEHOLD INCOME BY GROSS RENT AS A PERCENTAGE OF HOUSEHOLD INCOME IN THE PAST 12 MONTHS_Estimate!!Total!!$20,000 to $34,999!!35.0 to 39.9 percent","HOUSEHOLD INCOME BY GROSS RENT AS A PERCENTAGE OF HOUSEHOLD INCOME IN THE PAST 12 MONTHS_Estimate!!Total!!$20,000 to $34,999!!40.0 to 49.9 percent","HOUSEHOLD INCOME BY GROSS RENT AS A PERCENTAGE OF HOUSEHOLD INCOME IN THE PAST 12 MONTHS_Estimate!!Total!!$20,000 to $34,999!!50.0 percent or more","HOUSEHOLD INCOME BY GROSS RENT AS A PERCENTAGE OF HOUSEHOLD INCOME IN THE PAST 12 MONTHS_Estimate!!Total!!$35,000 to $49,999","HOUSEHOLD INCOME BY GROSS RENT AS A PERCENTAGE OF HOUSEHOLD INCOME IN THE PAST 12 MONTHS_Estimate!!Total!!$35,000 to $49,999!!Less than 20.0 percent","HOUSEHOLD INCOME BY GROSS RENT AS A PERCENTAGE OF HOUSEHOLD INCOME IN THE PAST 12 MONTHS_Estimate!!Total!!$35,000 to $49,999!!20.0 to 24.9 percent","HOUSEHOLD INCOME BY GROSS RENT AS A PERCENTAGE OF HOUSEHOLD INCOME IN THE PAST 12 MONTHS_Estimate!!Total!!$35,000 to $49,999!!25.0 to 29.9 percent","HOUSEHOLD INCOME BY GROSS RENT AS A PERCENTAGE OF HOUSEHOLD INCOME IN THE PAST 12 MONTHS_Estimate!!Total!!$35,000 to $49,999!!30.0 to 34.9 percent","HOUSEHOLD INCOME BY GROSS RENT AS A PERCENTAGE OF HOUSEHOLD INCOME IN THE PAST 12 MONTHS_Estimate!!Total!!$35,000 to $49,999!!35.0 to 39.9 percent","HOUSEHOLD INCOME BY GROSS RENT AS A PERCENTAGE OF HOUSEHOLD INCOME IN THE PAST 12 MONTHS_Estimate!!Total!!$35,000 to $49,999!!40.0 to 49.9 percent","HOUSEHOLD INCOME BY GROSS RENT AS A PERCENTAGE OF HOUSEHOLD INCOME IN THE PAST 12 MONTHS_Estimate!!Total!!$35,000 to $49,999!!50.0 percent or more","HOUSEHOLD INCOME BY GROSS RENT AS A PERCENTAGE OF HOUSEHOLD INCOME IN THE PAST 12 MONTHS_Estimate!!Total!!$50,000 to $74,999","HOUSEHOLD INCOME BY GROSS RENT AS A PERCENTAGE OF HOUSEHOLD INCOME IN THE PAST 12 MONTHS_Estimate!!Total!!$50,000 to $74,999!!Less than 20.0 percent","HOUSEHOLD INCOME BY GROSS RENT AS A PERCENTAGE OF HOUSEHOLD INCOME IN THE PAST 12 MONTHS_Estimate!!Total!!$50,000 to $74,999!!20.0 to 24.9 percent","HOUSEHOLD INCOME BY GROSS RENT AS A PERCENTAGE OF HOUSEHOLD INCOME IN THE PAST 12 MONTHS_Estimate!!Total!!$50,000 to $74,999!!25.0 to 29.9 percent","HOUSEHOLD INCOME BY GROSS RENT AS A PERCENTAGE OF HOUSEHOLD INCOME IN THE PAST 12 MONTHS_Estimate!!Total!!$50,000 to $74,999!!30.0 to 34.9 percent","HOUSEHOLD INCOME BY GROSS RENT AS A PERCENTAGE OF HOUSEHOLD INCOME IN THE PAST 12 MONTHS_Estimate!!Total!!$50,000 to $74,999!!35.0 to 39.9 percent","HOUSEHOLD INCOME BY GROSS RENT AS A PERCENTAGE OF HOUSEHOLD INCOME IN THE PAST 12 MONTHS_Estimate!!Total!!$50,000 to $74,999!!40.0 to 49.9 percent","HOUSEHOLD INCOME BY GROSS RENT AS A PERCENTAGE OF HOUSEHOLD INCOME IN THE PAST 12 MONTHS_Estimate!!Total!!$50,000 to $74,999!!50.0 percent or more","HOUSEHOLD INCOME BY GROSS RENT AS A PERCENTAGE OF HOUSEHOLD INCOME IN THE PAST 12 MONTHS_Estimate!!Total!!$75,000 to $99,999","HOUSEHOLD INCOME BY GROSS RENT AS A PERCENTAGE OF HOUSEHOLD INCOME IN THE PAST 12 MONTHS_Estimate!!Total!!$75,000 to $99,999!!Less than 20.0 percent","HOUSEHOLD INCOME BY GROSS RENT AS A PERCENTAGE OF HOUSEHOLD INCOME IN THE PAST 12 MONTHS_Estimate!!Total!!$75,000 to $99,999!!20.0 to 24.9 percent","HOUSEHOLD INCOME BY GROSS RENT AS A PERCENTAGE OF HOUSEHOLD INCOME IN THE PAST 12 MONTHS_Estimate!!Total!!$75,000 to $99,999!!25.0 to 29.9 percent","HOUSEHOLD INCOME BY GROSS RENT AS A PERCENTAGE OF HOUSEHOLD INCOME IN THE PAST 12 MONTHS_Estimate!!Total!!$75,000 to $99,999!!30.0 to 34.9 percent","HOUSEHOLD INCOME BY GROSS RENT AS A PERCENTAGE OF HOUSEHOLD INCOME IN THE PAST 12 MONTHS_Estimate!!Total!!$75,000 to $99,999!!35.0 to 39.9 percent","HOUSEHOLD INCOME BY GROSS RENT AS A PERCENTAGE OF HOUSEHOLD INCOME IN THE PAST 12 MONTHS_Estimate!!Total!!$75,000 to $99,999!!40.0 to 49.9 percent","HOUSEHOLD INCOME BY GROSS RENT AS A PERCENTAGE OF HOUSEHOLD INCOME IN THE PAST 12 MONTHS_Estimate!!Total!!$75,000 to $99,999!!50.0 percent or more","HOUSEHOLD INCOME BY GROSS RENT AS A PERCENTAGE OF HOUSEHOLD INCOME IN THE PAST 12 MONTHS_Estimate!!Total!!$100,000 or more","HOUSEHOLD INCOME BY GROSS RENT AS A PERCENTAGE OF HOUSEHOLD INCOME IN THE PAST 12 MONTHS_Estimate!!Total!!$100,000 or more!!Less than 20.0 percent","HOUSEHOLD INCOME BY GROSS RENT AS A PERCENTAGE OF HOUSEHOLD INCOME IN THE PAST 12 MONTHS_Estimate!!Total!!$100,000 or more!!20.0 to 24.9 percent","HOUSEHOLD INCOME BY GROSS RENT AS A PERCENTAGE OF HOUSEHOLD INCOME IN THE PAST 12 MONTHS_Estimate!!Total!!$100,000 or more!!25.0 to 29.9 percent","HOUSEHOLD INCOME BY GROSS RENT AS A PERCENTAGE OF HOUSEHOLD INCOME IN THE PAST 12 MONTHS_Estimate!!Total!!$100,000 or more!!30.0 to 34.9 percent","HOUSEHOLD INCOME BY GROSS RENT AS A PERCENTAGE OF HOUSEHOLD INCOME IN THE PAST 12 MONTHS_Estimate!!Total!!$100,000 or more!!35.0 to 39.9 percent","HOUSEHOLD INCOME BY GROSS RENT AS A PERCENTAGE OF HOUSEHOLD INCOME IN THE PAST 12 MONTHS_Estimate!!Total!!$100,000 or more!!40.0 to 49.9 percent","HOUSEHOLD INCOME BY GROSS RENT AS A PERCENTAGE OF HOUSEHOLD INCOME IN THE PAST 12 MONTHS_Estimate!!Total!!$100,000 or more!!50.0 percent or more",YEAR
0,13121006601,118,0,0,18,0,0,0,66,89,11,0,0,12,0,11,55,60,0,0,6,0,0,15,39,46,18,9,16,3,0,0,0,43,14,24,5,0,0,0,0,24,24,0,0,0,0,0,0,8,8,0,0,0,0,0,0,2014
1,13121006601,100,0,0,18,0,0,0,49,81,11,0,5,0,0,14,51,63,0,0,6,0,4,15,34,47,12,18,0,7,5,0,0,43,14,24,5,0,0,0,0,23,23,0,0,0,0,0,0,4,4,0,0,0,0,0,0,2015
2,13121006601,128,0,0,21,0,0,0,72,105,11,0,6,0,0,11,77,60,0,0,5,0,6,17,27,42,12,0,0,21,5,0,0,45,14,25,6,0,0,0,0,8,8,0,0,0,0,0,0,6,6,0,0,0,0,0,0,2016
3,13121006601,108,0,0,7,0,0,0,66,81,12,0,20,0,0,9,40,40,0,0,0,0,6,11,19,57,12,0,0,36,5,0,0,37,15,16,6,0,0,0,0,6,6,0,0,0,0,0,0,3,3,0,0,0,0,0,0,2017
4,13121006700,302,42,0,16,0,0,0,90,291,17,7,11,30,36,18,158,131,12,0,14,0,0,14,91,64,16,0,13,17,18,0,0,76,29,23,0,10,14,0,0,3,0,0,0,0,0,0,0,21,21,0,0,0,0,0,0,2014
5,13121006700,226,44,0,17,0,0,0,57,323,16,8,12,30,35,19,203,141,7,0,18,0,0,57,59,60,30,0,13,0,17,0,0,100,52,24,0,10,14,0,0,22,22,0,0,0,0,0,0,0,0,0,0,0,0,0,0,2015
6,13121006700,197,25,0,16,0,0,0,51,358,28,8,9,28,34,20,231,164,0,0,34,0,10,75,45,85,30,0,13,0,19,23,0,103,49,30,0,9,15,0,0,23,23,0,0,0,0,0,0,11,11,0,0,0,0,0,0,2016
7,13121006700,217,40,20,17,0,0,0,57,283,25,8,8,20,24,19,179,194,0,0,27,21,30,66,50,88,27,0,9,25,0,27,0,136,81,36,0,8,11,0,0,24,24,0,0,0,0,,0,12,12,0,0,0,0,0,0,2017
8,13121009300,85,0,0,0,0,0,0,73,23,0,0,0,0,0,0,23,135,0,0,0,13,19,11,92,47,0,15,0,32,0,0,0,191,30,50,36,22,0,53,0,125,93,0,19,13,0,0,0,221,200,21,0,0,0,0,0,2014
9,13121009300,59,0,0,0,0,0,0,44,23,0,0,0,0,0,0,23,164,0,0,0,14,24,12,114,47,0,14,0,33,0,0,0,198,31,43,53,25,0,46,0,146,114,0,19,13,0,0,0,228,209,19,0,0,0,0,0,2015
10,13121009300,196,0,0,0,0,0,0,129,23,0,0,0,0,0,0,23,159,0,0,0,14,23,36,86,35,0,0,0,15,9,11,0,178,22,30,42,25,0,52,7,154,89,0,39,13,0,13,0,194,180,14,0,0,0,0,0,2016
11,13121009300,190,0,0,0,0,0,0,116,38,0,0,0,0,0,0,23,175,0,0,0,15,21,73,66,28,0,0,0,17,11,0,0,188,24,49,37,18,0,51,9,113,29,13,43,14,0,14,0,312,278,34,0,0,0,0,0,2017
12,13121009402,75,0,0,0,0,0,0,49,170,0,0,0,20,15,24,111,302,29,0,0,0,6,154,113,327,0,32,71,55,39,62,68,485,34,187,134,117,13,0,0,313,252,17,17,0,0,0,0,459,445,14,0,0,0,0,0,2014
13,13121009402,112,0,0,0,0,0,0,87,187,0,0,0,19,15,22,131,248,0,0,0,0,8,104,136,318,0,29,59,56,41,55,78,531,69,200,125,102,16,15,0,334,253,29,15,8,0,0,0,477,439,38,0,0,0,0,0,2015
14,13121009402,152,0,0,0,0,0,0,76,176,0,0,0,20,15,23,118,210,0,0,0,0,6,73,131,238,0,0,55,22,36,54,71,550,63,218,133,72,27,32,0,257,157,39,25,8,0,0,0,546,509,37,0,0,0,0,0,2016
15,13121009402,194,0,0,0,0,0,0,112,120,0,0,0,19,0,23,78,261,0,0,0,0,0,72,189,182,0,0,41,27,9,56,49,503,68,188,103,79,23,37,0,238,104,35,32,33,0,0,0,632,567,65,0,0,0,0,0,2017
17,13089023700,332,25,0,21,0,0,0,195,332,0,43,0,15,0,0,242,265,54,0,39,32,0,52,88,132,20,18,53,0,14,27,0,9,0,0,0,0,9,0,0,23,9,14,0,0,0,0,0,71,71,0,0,0,0,0,0,2014
18,13089023700,416,32,0,26,0,0,0,269,267,0,0,0,19,0,0,208,245,55,0,46,51,0,19,74,166,17,36,65,0,15,33,0,63,33,0,19,0,11,0,0,63,9,54,0,0,0,0,0,61,61,0,0,0,0,0,0,2015
19,13089023700,412,31,0,20,0,0,0,310,200,0,0,0,0,0,0,200,258,0,0,51,59,30,20,98,298,21,63,107,77,0,30,0,62,32,0,21,0,9,0,0,75,23,52,0,0,0,0,0,71,71,0,0,0,0,0,0,2016
20,13089023700,323,0,0,20,0,0,0,236,222,0,0,0,0,0,0,222,169,0,0,0,49,29,16,75,266,20,48,103,95,0,0,0,178,70,0,93,5,10,0,0,99,30,69,0,0,0,0,0,141,110,31,0,0,0,0,0,2017
21,13121001300,186,0,0,0,0,0,0,157,69,0,0,0,0,0,0,69,371,40,17,17,98,90,51,58,255,0,60,97,77,0,10,11,148,104,23,0,0,21,0,0,85,41,14,15,0,15,0,0,216,178,23,15,0,0,0,0,2014
22,13121001300,173,0,0,0,0,0,0,135,88,0,0,0,0,0,29,59,247,30,15,13,64,48,23,54,266,0,70,74,93,0,14,15,177,96,36,36,9,0,0,0,152,76,16,24,0,36,0,0,183,171,12,0,0,0,0,0,2015
23,13121001300,129,0,0,0,0,0,0,129,152,0,0,0,0,0,40,112,224,29,15,20,65,76,10,9,235,15,30,78,102,0,10,0,238,136,46,44,12,0,0,0,164,98,10,22,0,34,0,0,205,205,0,0,0,0,0,0,2016
24,13121001300,123,0,0,0,0,0,0,123,131,0,0,0,0,0,35,96,164,23,0,20,58,30,10,23,262,14,43,62,102,14,27,0,265,103,68,79,15,0,0,0,166,109,12,21,0,24,0,0,280,251,29,0,0,0,0,0,2017
25,13121001400,81,0,0,0,0,0,0,8,45,0,0,0,0,0,23,22,112,0,0,0,14,19,31,48,87,0,25,26,36,0,0,0,234,47,102,32,53,0,0,0,34,29,5,0,0,0,0,0,201,201,0,0,0,0,0,0,2014
26,13121001400,67,0,0,0,0,0,0,15,67,0,0,0,0,0,30,37,111,0,0,17,0,37,13,44,96,0,35,25,36,0,0,0,225,45,111,15,54,0,0,0,92,86,6,0,0,0,0,0,168,168,0,0,0,0,0,0,2015
27,13121001400,67,0,0,0,0,0,0,15,68,0,0,0,0,0,22,46,94,0,0,0,0,23,24,47,100,0,44,21,22,0,13,0,149,26,78,22,23,0,0,0,130,93,8,7,22,0,0,0,167,153,14,0,0,0,0,0,2016
28,13121001400,60,0,0,0,0,0,0,16,38,0,0,0,0,0,0,38,75,0,0,0,0,22,23,30,56,0,17,15,0,11,13,0,183,33,97,31,22,0,0,0,113,70,7,17,19,0,0,0,186,174,12,0,0,0,0,0,2017
29,13121001800,622,13,45,53,14,0,61,195,357,57,28,98,45,26,0,89,240,29,0,39,68,33,29,42,198,0,86,21,8,59,14,10,233,48,154,31,0,0,0,0,100,42,24,34,0,0,0,0,192,192,0,0,0,0,0,0,2014
30,13121001800,571,0,46,116,15,0,78,133,340,41,16,102,32,15,0,119,288,0,0,48,56,43,61,80,225,35,97,42,11,13,12,15,268,49,178,41,0,0,0,0,156,85,25,46,0,0,0,0,215,215,0,0,0,0,0,0,2015
31,13121001800,658,0,0,94,120,0,68,227,378,52,59,65,27,12,0,143,394,0,41,106,66,24,82,75,224,44,40,59,20,24,11,26,281,44,181,49,0,7,0,0,161,76,41,44,0,0,0,0,177,164,13,0,0,0,0,0,2016
32,13121001800,627,0,0,111,86,0,121,161,321,58,17,47,14,13,0,142,270,0,41,86,54,14,35,40,236,16,41,44,77,24,9,25,293,46,185,36,15,11,0,0,190,70,89,31,0,0,0,0,201,178,23,0,0,0,0,0,2017
33,13121001600,100,0,0,0,0,0,0,38,34,0,0,0,0,0,34,0,132,0,0,0,0,53,28,51,176,10,12,44,58,20,0,32,162,54,28,61,19,0,0,0,152,70,82,0,0,0,0,0,206,206,0,0,0,0,0,0,2014
34,13121001600,86,0,0,0,0,0,0,21,28,0,0,0,0,0,28,0,168,0,0,0,47,43,31,47,201,8,15,85,44,11,0,38,143,50,25,47,21,0,0,0,161,82,79,0,0,0,0,0,196,196,0,0,0,0,0,0,2015
35,13121001600,73,0,0,0,0,0,0,23,34,0,0,0,0,0,34,0,194,9,0,0,36,74,27,48,178,7,14,92,34,0,0,31,165,46,18,78,14,0,9,0,139,33,106,0,0,0,0,0,233,233,0,0,0,0,0,0,2016
36,13121001600,64,0,0,0,0,0,0,16,56,0,0,0,0,0,31,25,169,10,0,0,34,66,26,33,152,8,15,86,13,0,0,30,171,50,0,82,22,0,17,0,129,24,96,9,0,0,0,0,261,222,39,0,0,0,0,0,2017
37,13121001500,212,0,0,29,15,0,21,125,85,0,19,14,0,0,15,37,332,0,0,101,46,66,62,57,230,46,16,96,49,11,12,0,346,169,91,58,15,0,0,0,181,172,9,0,0,0,0,0,137,137,0,0,0,0,0,0,2014
38,13121001500,336,0,0,30,15,0,19,207,155,47,22,15,0,0,12,59,307,0,0,67,51,59,82,48,177,47,0,64,46,0,20,0,354,157,107,51,22,0,0,0,189,181,8,0,0,0,0,0,203,188,15,0,0,0,0,0,2015
39,13121001500,299,0,0,25,15,0,16,185,169,44,30,15,0,0,49,31,299,0,0,82,44,35,95,43,164,0,0,56,69,11,28,0,384,185,94,45,23,0,17,0,189,117,72,0,0,0,0,0,159,135,24,0,0,0,0,0,2016
40,13121001500,279,0,0,19,16,0,0,168,114,49,13,0,0,0,14,38,351,0,0,84,43,12,144,68,182,47,0,64,28,14,29,0,220,99,56,12,11,0,31,0,196,124,72,0,0,0,0,0,205,177,28,0,0,0,0,0,2017
41,13121001900,162,3,0,8,10,0,0,132,72,0,0,21,0,0,9,42,131,0,0,17,18,15,49,18,129,16,10,16,36,9,42,0,253,42,152,30,0,0,0,18,77,17,36,24,0,0,0,0,63,59,4,0,0,0,0,0,2014
42,13121001900,119,3,0,9,0,0,0,97,57,0,0,0,0,0,9,48,138,0,0,0,19,15,48,34,112,16,12,19,38,8,19,0,235,56,135,32,0,0,0,0,95,16,34,24,0,21,0,0,119,113,6,0,0,0,0,0,2015
43,13121001900,110,3,0,9,0,0,0,83,33,0,0,3,0,0,9,21,129,0,0,0,20,0,64,33,141,15,10,25,48,16,27,0,235,50,112,64,0,0,0,0,134,53,42,22,0,17,0,0,114,114,0,0,0,0,0,0,2016
44,13121001900,88,0,20,10,0,0,0,44,58,0,0,5,0,0,10,43,175,0,15,29,19,31,55,18,102,15,0,18,29,14,26,0,216,46,82,68,9,0,0,0,130,52,41,17,0,20,0,0,141,121,20,0,0,0,0,0,2017
45,13121000500,50,0,0,0,0,0,0,37,84,0,0,0,0,0,0,84,192,0,0,41,0,17,50,69,143,0,63,39,28,0,13,0,290,14,79,48,149,0,0,0,72,49,0,13,0,0,0,0,300,207,84,9,0,0,0,0,2014
46,13121000500,60,0,0,0,0,0,0,45,40,0,0,0,0,0,0,40,204,0,0,45,0,0,54,105,223,0,61,79,28,0,55,0,255,0,96,52,107,0,0,0,137,74,0,12,0,16,0,0,377,272,77,28,0,0,0,0,2015
47,13121000500,36,0,0,0,0,0,0,23,48,0,0,0,0,0,12,36,227,0,0,32,0,9,29,125,289,0,55,165,30,0,39,0,148,0,48,48,52,0,0,0,111,59,0,12,0,16,0,0,441,326,71,31,0,0,0,0,2016
48,13121000500,82,0,0,0,0,0,0,68,79,0,0,24,0,0,13,42,189,0,0,33,0,0,22,103,288,0,49,129,26,0,48,36,121,0,36,41,44,0,0,0,105,61,0,13,0,11,0,0,452,353,72,17,0,0,0,0,2017
49,13121003600,86,0,0,9,28,0,0,40,176,4,7,46,18,0,14,87,119,0,5,17,8,27,23,27,29,9,0,8,12,0,0,0,123,98,20,5,0,0,0,0,5,5,0,0,0,0,0,0,26,26,0,0,0,0,0,0,2014
50,13121003600,69,0,0,35,9,0,0,14,179,4,9,32,16,0,16,102,148,0,5,18,34,22,38,31,74,16,14,31,13,0,0,0,116,71,40,5,0,0,0,0,5,5,0,0,0,0,0,0,6,6,0,0,0,0,0,0,2015
51,13121003600,71,0,0,32,15,0,0,12,162,0,9,43,21,0,20,69,103,9,5,14,21,0,34,20,57,17,15,12,13,0,0,0,143,88,32,23,0,0,0,0,5,5,0,0,0,0,0,0,20,20,0,0,0,0,0,0,2016
52,13121003600,138,0,0,114,0,0,0,24,124,0,3,28,19,0,13,61,73,5,4,14,8,0,28,14,83,37,15,13,14,0,4,0,164,71,49,44,0,0,0,0,12,12,0,0,0,0,0,0,26,26,0,0,0,0,0,0,2017
53,13121010002,66,0,0,0,0,0,0,43,13,0,0,0,0,0,0,13,41,0,0,0,0,0,0,41,7,0,0,0,0,0,7,0,209,0,77,44,0,0,27,61,233,75,40,97,0,15,0,0,415,400,15,0,0,0,0,0,2014
54,13121010002,46,0,0,0,0,0,0,46,26,0,0,0,0,0,0,26,59,0,0,0,0,0,0,59,46,0,0,0,0,33,0,13,177,0,65,30,0,0,12,70,184,60,13,98,0,13,0,0,433,421,12,0,0,0,0,0,2015
55,13121010002,56,0,0,0,0,0,0,38,24,0,0,0,0,0,0,24,91,0,0,0,11,0,0,80,94,0,0,0,13,32,37,12,164,0,48,36,0,0,13,67,139,8,13,93,0,25,0,0,580,506,28,30,0,0,0,0,2016
56,13121010002,50,0,0,0,0,0,0,37,33,0,0,0,0,0,0,33,112,0,0,0,11,0,0,101,119,0,0,0,12,28,52,27,217,9,51,71,0,0,11,75,225,10,25,156,13,11,0,10,526,416,47,33,0,0,0,0,2017
57,13121010001,12,0,0,0,0,0,0,12,41,29,0,0,0,0,0,12,195,0,0,0,52,23,17,103,72,0,0,72,0,0,0,0,129,33,16,16,64,0,0,0,0,0,0,0,0,0,0,0,211,189,0,22,0,0,0,0,2014
58,13121010001,46,0,0,0,0,0,0,46,29,0,0,0,15,0,0,14,151,0,0,0,14,25,0,112,46,0,0,16,0,30,0,0,120,39,14,0,67,0,0,0,0,0,0,0,0,0,0,0,182,172,10,0,0,0,0,0,2015
59,13121010001,76,0,0,0,0,0,16,60,62,0,0,0,16,0,0,46,128,0,0,0,14,0,0,114,49,0,0,18,0,31,0,0,137,42,27,0,68,0,0,0,44,0,44,0,0,0,0,0,88,82,6,0,0,0,0,0,2016
60,13121010001,102,0,0,0,0,0,17,67,61,0,0,0,15,0,0,46,33,0,0,0,15,0,0,18,79,0,0,0,0,79,0,0,216,0,27,17,64,108,0,0,37,0,37,0,0,0,0,0,121,112,9,0,0,0,0,0,2017
61,13121009802,72,0,0,0,0,0,0,38,49,0,0,0,0,0,0,49,43,0,0,0,0,0,19,12,29,0,0,0,10,13,6,0,122,32,16,55,0,0,19,0,49,43,6,0,0,0,0,0,453,367,43,19,0,0,11,0,2014
62,13121009802,42,0,0,0,0,0,0,42,79,0,0,0,0,0,0,79,43,0,0,0,0,0,17,13,29,0,0,0,8,0,21,0,134,25,43,47,0,0,19,0,75,36,39,0,0,0,0,0,374,320,21,11,0,0,11,0,2015
63,13121009802,7,0,0,0,0,0,0,7,63,0,0,0,0,0,0,63,56,0,0,0,0,0,17,39,29,0,0,0,9,0,20,0,168,25,36,70,3,8,26,0,46,39,7,0,0,0,0,0,390,287,69,13,0,0,10,0,2016
64,13121009802,15,0,0,0,0,0,0,7,54,0,0,0,0,0,0,54,29,0,0,0,0,0,10,19,50,0,0,0,9,0,12,29,116,0,25,38,12,9,32,0,80,42,22,16,0,0,0,0,352,269,83,0,0,0,0,0,2017
65,13121006801,0,0,0,0,0,0,0,0,0,0,0,0,0,0,0,0,0,0,0,0,0,0,0,0,0,0,0,0,0,0,0,0,0,0,0,0,0,0,0,0,0,0,0,0,0,0,0,0,0,0,0,0,0,0,0,0,2014
66,13121006801,0,0,0,0,0,0,0,0,0,0,0,0,0,0,0,0,0,0,0,0,0,0,0,0,0,0,0,0,0,0,0,0,0,0,0,0,0,0,0,0,0,0,0,0,0,0,0,0,0,0,0,0,0,0,0,0,2015
67,13121006801,0,0,0,0,0,0,0,0,0,0,0,0,0,0,0,0,0,0,0,0,0,0,0,0,0,0,0,0,0,0,0,0,0,0,0,0,0,0,0,0,0,0,0,0,0,0,0,0,0,0,0,0,0,0,0,0,2016
68,13121006801,0,0,0,0,0,0,0,0,0,0,0,0,0,0,0,0,0,0,0,0,0,0,0,0,0,0,0,0,0,0,0,0,0,0,0,0,0,0,0,0,0,0,0,0,0,0,0,0,0,0,0,0,0,0,0,0,2017
69,13121009700,0,0,0,0,0,0,0,0,0,0,0,0,0,0,0,0,0,0,0,0,0,0,0,0,0,0,0,0,0,0,0,0,10,0,0,10,0,0,0,0,0,0,0,0,0,0,0,0,114,88,0,9,11,0,0,0,2014
70,13121009700,0,0,0,0,0,0,0,0,0,0,0,0,0,0,0,0,0,0,0,0,0,0,0,0,16,0,0,9,0,0,7,0,6,0,0,6,0,0,0,0,0,0,0,0,0,0,0,0,106,81,0,8,0,0,0,0,2015
71,13121009700,0,0,0,0,0,0,0,0,0,0,0,0,0,0,0,0,0,0,0,0,0,0,0,0,17,0,0,9,0,0,8,0,0,0,0,0,0,0,0,0,0,0,0,0,0,0,0,0,63,27,5,9,0,0,0,0,2016
72,13121009700,0,0,0,0,0,0,0,0,0,0,0,0,0,0,0,0,0,0,0,0,0,0,0,0,17,0,0,10,0,0,7,0,0,0,0,0,0,0,0,0,0,0,0,0,0,0,0,0,71,20,9,0,21,0,0,0,2017
73,13121007100,103,0,0,0,0,0,0,74,152,8,0,7,0,0,12,115,81,40,0,0,0,4,0,37,33,0,10,0,9,14,0,0,5,0,5,0,0,0,0,0,0,0,0,0,0,0,0,0,16,16,0,0,0,0,0,0,2014
74,13121007100,90,0,0,0,0,0,0,51,143,7,0,6,0,0,12,108,89,15,0,0,0,3,14,52,61,23,12,14,7,5,0,0,5,0,5,0,0,0,0,0,0,0,0,0,0,0,0,0,33,33,0,0,0,0,0,0,2015
75,13121007100,88,0,0,0,0,0,0,64,114,0,0,8,0,0,18,88,115,25,0,0,0,0,15,60,61,25,12,15,9,0,0,0,0,0,0,0,0,0,0,0,0,0,0,0,0,0,0,0,51,51,0,0,0,0,0,0,2016
76,13121007100,89,0,0,0,0,0,0,81,89,0,0,6,0,0,25,58,107,23,0,0,0,0,14,65,52,21,11,15,5,0,0,0,34,25,0,9,0,0,0,0,12,12,0,0,0,0,0,0,63,63,0,0,0,0,0,0,2017
77,13121006200,55,0,0,0,0,0,0,40,98,0,0,0,0,0,5,93,83,0,0,0,6,67,4,6,21,0,0,10,11,0,0,0,10,5,5,0,0,0,0,0,0,0,0,0,0,0,0,0,13,13,0,0,0,0,0,0,2014
78,13121006200,48,0,0,0,0,0,0,35,118,0,0,0,0,12,9,97,62,0,0,0,6,38,15,3,22,0,0,8,14,0,0,0,15,10,5,0,0,0,0,0,0,0,0,0,0,0,0,0,19,19,0,0,0,0,0,0,2015
79,13121006200,36,0,0,0,0,0,0,27,119,0,0,0,0,25,6,88,63,0,0,0,11,27,14,11,20,0,0,20,0,0,0,0,16,12,4,0,0,0,0,0,3,3,0,0,0,0,0,0,10,10,0,0,0,0,0,0,2016
80,13121006200,54,0,0,0,0,0,0,18,130,0,16,0,0,25,0,89,66,0,0,0,11,20,17,18,27,0,0,22,0,0,5,0,17,12,5,0,0,0,0,0,0,0,0,0,0,0,0,0,15,15,0,0,0,0,0,0,2017
81,13121001100,198,0,13,20,0,0,13,31,162,0,0,64,0,28,0,70,179,19,0,32,11,15,79,16,231,91,50,48,30,0,12,0,211,90,36,37,0,0,16,17,152,103,28,0,21,0,0,0,213,213,0,0,0,0,0,0,2014
82,13121001100,164,0,15,16,0,0,13,0,142,0,16,17,0,23,0,86,129,10,0,8,12,11,61,19,209,75,57,48,16,0,13,0,260,91,84,23,16,0,18,12,264,141,73,31,19,0,0,0,490,419,0,71,0,0,0,0,2015
83,13121001100,90,0,16,14,0,0,0,0,214,0,13,31,0,21,0,149,63,0,0,0,0,0,40,13,136,0,67,44,14,0,11,0,354,123,126,37,14,16,15,10,276,129,99,30,18,0,0,0,488,414,0,74,0,0,0,0,2016
84,13121001100,109,0,15,15,0,0,0,0,166,0,14,31,0,8,0,113,57,0,0,0,0,0,42,15,66,0,0,41,14,0,11,0,327,110,140,17,14,31,15,0,221,77,87,38,19,0,0,0,532,449,0,83,0,0,0,0,2017
85,13121002500,94,0,0,22,0,0,0,72,201,15,5,0,9,0,30,137,216,14,25,21,49,15,62,30,69,0,32,29,0,8,0,0,23,10,13,0,0,0,0,0,5,5,0,0,0,0,0,0,9,9,0,0,0,0,0,0,2014
86,13121002500,106,0,0,5,0,0,0,85,195,16,4,0,14,0,26,130,218,18,34,19,29,9,87,22,104,0,54,41,0,9,0,0,28,19,9,0,0,0,0,0,16,16,0,0,0,0,0,0,25,25,0,0,0,0,0,0,2015
87,13121002500,128,0,0,6,0,0,0,103,205,24,5,0,17,0,11,148,228,17,34,27,29,8,91,16,99,0,41,41,0,17,0,0,70,41,29,0,0,0,0,0,15,15,0,0,0,0,0,0,25,25,0,0,0,0,0,0,2016
88,13121002500,123,0,0,0,0,0,0,98,163,18,6,0,21,0,0,110,233,15,20,42,30,20,62,39,115,0,33,64,0,18,0,0,72,30,42,0,0,0,0,0,6,6,0,0,0,0,0,0,29,29,0,0,0,0,0,0,2017
89,13121004200,439,7,8,91,45,0,40,193,198,29,18,35,24,0,60,25,257,67,8,5,69,21,54,33,66,0,45,21,0,0,0,0,110,81,24,5,0,0,0,0,17,17,0,0,0,0,0,0,50,50,0,0,0,0,0,0,2014
90,13121004200,369,7,15,68,40,0,30,156,261,54,18,56,46,0,40,39,231,50,7,7,27,31,72,37,88,28,23,7,0,30,0,0,95,58,30,7,0,0,0,0,27,27,0,0,0,0,0,0,18,18,0,0,0,0,0,0,2015
91,13121004200,441,17,16,59,95,0,43,134,295,60,20,88,36,0,19,63,228,66,8,0,30,8,84,32,114,31,27,16,8,32,0,0,92,56,36,0,0,0,0,0,42,33,9,0,0,0,0,0,21,21,0,0,0,0,0,0,2016
92,13121004200,402,8,35,97,91,0,36,85,327,59,57,100,24,0,18,60,212,65,0,0,22,19,85,21,95,32,0,17,18,28,0,0,85,23,62,0,0,0,0,0,18,7,11,0,0,0,0,0,19,19,0,0,0,0,0,0,2017
93,13121009101,246,0,0,0,0,96,17,113,102,15,17,16,0,0,0,54,297,19,0,58,31,71,12,75,167,0,32,18,61,45,11,0,382,60,151,130,24,0,0,0,298,204,83,11,0,0,0,0,179,141,38,0,0,0,0,0,2014
94,13121009101,186,0,0,0,0,83,17,57,159,14,16,14,0,0,0,115,247,0,0,52,36,48,12,68,110,0,0,28,30,41,11,0,459,110,194,112,31,0,0,0,251,141,78,32,0,0,0,0,248,200,34,14,0,0,0,0,2015
95,13121009101,88,3,0,3,0,14,0,43,134,12,16,0,0,0,0,106,199,0,0,75,39,0,18,37,65,0,12,0,24,29,0,0,514,76,176,158,99,0,0,0,208,109,75,24,0,0,0,0,352,297,42,13,0,0,0,0,2016
96,13121009101,107,6,0,20,0,0,0,52,133,14,15,0,0,0,0,104,48,0,0,0,31,0,0,0,155,0,12,95,12,20,16,0,475,67,162,153,86,0,0,0,249,96,126,27,0,0,0,0,422,363,40,19,0,0,0,0,2017
97,13121008904,65,0,0,0,0,0,0,53,103,0,0,0,0,0,0,90,120,0,0,14,0,42,16,37,133,14,0,0,41,45,33,0,214,40,50,90,12,0,0,0,140,86,43,0,11,0,0,0,116,103,0,0,0,0,13,0,2014
98,13121008904,69,0,0,0,0,0,0,41,44,0,0,0,0,0,0,44,147,0,0,17,0,12,43,75,150,15,0,0,54,49,32,0,213,42,131,26,14,0,0,0,160,89,62,0,9,0,0,0,118,103,0,0,0,0,15,0,2015
99,13121008904,72,0,0,0,0,0,0,44,58,0,0,0,0,0,0,43,114,0,0,0,0,13,31,70,220,0,0,14,137,43,26,0,204,44,120,25,15,0,0,0,157,92,54,0,11,0,0,0,240,164,12,0,0,0,15,0,2016
100,13121008904,62,0,0,0,0,0,0,40,58,0,0,0,0,0,0,42,107,0,0,0,0,38,31,38,195,0,0,14,101,42,38,0,254,34,132,12,43,33,0,0,67,39,14,0,14,0,0,0,336,264,13,0,0,0,16,0,2017
101,13121003700,0,0,0,0,0,0,0,0,30,0,0,0,0,0,0,30,0,0,0,0,0,0,0,0,0,0,0,0,0,0,0,0,0,0,0,0,0,0,0,0,0,0,0,0,0,0,0,0,0,0,0,0,0,0,0,0,2014
102,13121003700,0,0,0,0,0,0,0,0,40,12,0,0,0,0,0,28,14,0,0,0,14,0,0,0,0,0,0,0,0,0,0,0,0,0,0,0,0,0,0,0,0,0,0,0,0,0,0,0,0,0,0,0,0,0,0,0,2015
103,13121003700,0,0,0,0,0,0,0,0,40,12,0,0,0,0,0,28,41,27,0,0,14,0,0,0,14,14,0,0,0,0,0,0,0,0,0,0,0,0,0,0,0,0,0,0,0,0,0,0,0,0,0,0,0,0,0,0,2016
104,13121003700,14,0,0,0,0,0,0,14,40,12,0,0,0,0,0,28,42,28,0,0,14,0,0,0,14,14,0,0,0,0,0,0,0,0,0,0,0,0,0,0,0,0,0,0,0,0,0,0,0,0,0,0,0,0,0,0,2017
105,13121010211,0,0,0,0,0,0,0,0,68,0,0,0,0,0,0,39,125,0,0,0,19,31,0,75,43,0,0,0,0,0,43,0,31,8,0,23,0,0,0,0,9,9,0,0,0,0,0,0,30,30,0,0,0,0,0,0,2014
106,13121010211,0,0,0,0,0,0,0,0,48,0,0,0,0,0,0,48,66,0,0,0,16,0,0,50,12,0,0,0,0,0,12,0,58,28,0,30,0,0,0,0,5,0,5,0,0,0,0,0,35,35,0,0,0,0,0,0,2015
107,13121010211,0,0,0,0,0,0,0,0,13,0,0,0,0,0,7,6,71,0,0,0,20,0,0,51,10,0,0,0,0,0,10,0,51,16,0,35,0,0,0,0,4,0,4,0,0,0,0,0,8,8,0,0,0,0,0,0,2016
108,13121010211,0,0,0,0,0,0,0,0,14,0,0,0,0,0,7,7,69,0,0,0,16,0,0,53,20,0,0,20,0,0,0,0,45,16,0,29,0,0,0,0,29,14,8,0,0,7,0,0,2,0,2,0,0,0,0,0,2017
109,13121012000,447,5,0,42,30,32,14,216,187,0,14,16,12,16,32,97,66,7,41,0,0,0,18,0,97,19,17,23,16,22,0,0,51,35,16,0,0,0,0,0,15,15,0,0,0,0,0,0,9,9,0,0,0,0,0,0,2014
110,13121012000,356,5,0,38,25,40,5,160,228,0,14,15,19,20,28,132,93,13,36,0,20,16,8,0,125,25,15,28,17,23,17,0,65,49,16,0,0,0,0,0,15,15,0,0,0,0,0,0,31,31,0,0,0,0,0,0,2015
111,13121012000,290,0,0,34,17,36,0,111,236,0,27,22,16,20,32,119,147,20,15,0,54,23,12,23,209,58,33,36,15,26,33,8,22,18,4,0,0,0,0,0,14,14,0,0,0,0,0,0,32,32,0,0,0,0,0,0,2016
112,13121012000,203,0,0,39,11,21,7,68,225,0,17,15,31,17,33,98,203,20,35,15,41,24,14,54,211,49,49,30,27,0,48,8,34,18,0,16,0,0,0,0,31,31,0,0,0,0,0,0,26,26,0,0,0,0,0,0,2017
113,13121009000,60,0,0,0,0,0,0,33,19,0,0,0,0,0,0,19,122,0,0,0,7,66,37,12,122,0,0,60,32,30,0,0,115,21,60,24,10,0,0,0,59,41,9,0,9,0,0,0,162,155,0,0,0,0,0,0,2014
114,13121009000,87,0,0,0,0,0,0,38,18,0,0,0,0,0,0,18,100,0,0,0,9,37,34,20,138,0,0,71,26,27,0,14,141,33,49,48,11,0,0,0,92,75,8,0,9,0,0,0,150,126,0,7,10,0,0,0,2015
115,13121009000,57,0,0,0,0,0,0,11,24,0,0,0,0,0,0,24,67,0,0,0,0,8,32,27,103,0,0,62,25,0,0,16,235,25,58,86,18,26,0,0,117,101,7,0,9,0,0,0,158,143,0,6,9,0,0,0,2016
116,13121009000,30,0,0,0,0,0,0,11,26,0,0,0,0,0,0,26,82,0,0,0,0,8,10,64,158,0,0,58,26,49,10,15,281,23,43,107,55,29,0,0,124,107,8,0,9,0,0,0,189,175,0,7,7,0,0,0,2017
117,13121007002,144,0,0,0,0,0,0,114,123,0,0,0,0,0,0,123,109,21,0,0,0,59,0,29,32,0,32,0,0,0,0,0,49,14,35,0,0,0,0,0,10,10,0,0,0,0,0,0,0,0,0,0,0,0,0,0,2014
118,13121007002,122,0,0,0,0,0,0,78,146,0,0,7,0,0,0,139,79,35,0,0,0,44,0,0,72,0,47,22,0,0,3,0,87,34,53,0,0,0,0,0,13,13,0,0,0,0,0,0,0,0,0,0,0,0,0,0,2015
119,13121007002,79,0,0,0,0,0,0,46,158,0,0,8,0,0,0,144,80,30,0,0,10,15,25,0,129,0,110,11,0,0,8,0,37,10,27,0,0,0,0,0,38,38,0,0,0,0,0,0,17,17,0,0,0,0,0,0,2016
120,13121007002,57,0,0,0,0,0,0,24,203,0,0,8,0,0,0,186,98,40,0,0,10,13,25,10,165,0,113,44,0,0,8,0,89,38,28,23,0,0,0,0,31,31,0,0,0,0,0,0,0,0,0,0,0,0,0,0,2017
121,13121009900,17,0,0,0,0,0,0,0,26,0,0,0,0,0,13,13,81,0,0,0,11,25,14,31,164,0,47,24,0,46,47,0,84,22,12,14,0,0,36,0,109,72,37,0,0,0,0,0,126,126,0,0,0,0,0,0,2014
122,13121009900,0,0,0,0,0,0,0,0,30,0,0,0,0,0,17,13,55,0,0,0,13,13,16,13,205,0,0,74,0,54,61,16,95,28,14,34,0,0,19,0,87,63,24,0,0,0,0,0,106,106,0,0,0,0,0,0,2015
123,13121009900,12,0,0,0,0,0,0,12,30,0,0,0,0,0,19,11,63,0,0,0,12,12,16,23,242,0,0,67,55,47,58,15,84,20,13,34,0,0,17,0,67,56,11,0,0,0,0,0,129,118,11,0,0,0,0,0,2016
124,13121009900,15,0,0,0,0,0,0,15,49,0,0,0,0,0,0,49,36,0,0,0,0,0,14,22,207,0,0,39,79,13,58,18,88,11,13,52,12,0,0,0,118,99,10,9,0,0,0,0,121,111,10,0,0,0,0,0,2017
125,13121010303,142,0,0,0,0,0,46,96,131,0,18,0,0,0,0,113,203,0,0,0,0,12,121,70,225,0,16,17,118,45,29,0,162,0,71,0,71,20,0,0,275,163,14,49,49,0,0,0,125,125,0,0,0,0,0,0,2014
126,13121010303,154,0,0,0,0,0,45,109,135,0,18,0,0,0,0,117,175,0,0,0,0,54,111,10,309,13,17,50,105,43,81,0,240,0,114,17,97,12,0,0,134,120,14,0,0,0,0,0,148,148,0,0,0,0,0,0,2015
127,13121010303,116,0,0,0,0,0,45,50,155,0,17,0,0,0,0,138,181,0,0,0,0,53,85,43,293,10,16,69,35,82,81,0,185,35,99,34,0,17,0,0,166,112,54,0,0,0,0,0,109,109,0,0,0,0,0,0,2016
128,13121010303,129,0,0,0,0,0,45,64,112,0,16,0,0,0,0,96,171,0,0,0,15,54,59,43,258,15,17,75,55,0,96,0,331,37,121,39,98,36,0,0,102,62,40,0,0,0,0,0,45,45,0,0,0,0,0,0,2017
129,13121001700,410,35,0,0,0,0,21,276,180,0,0,9,21,16,0,129,178,0,0,33,10,35,59,41,90,0,30,6,20,34,0,0,198,0,60,97,41,0,0,0,187,91,83,13,0,0,0,0,148,122,17,9,0,0,0,0,2014
130,13121001700,350,22,0,0,0,0,20,231,149,0,0,6,18,17,0,102,179,0,0,26,9,73,56,15,170,0,44,5,74,36,0,11,275,26,76,98,65,0,10,0,199,86,102,11,0,0,0,0,224,196,21,7,0,0,0,0,2015
131,13121001700,252,0,0,0,0,0,20,158,115,0,0,0,20,18,0,77,193,29,0,7,11,59,56,31,229,0,19,23,81,41,25,40,386,28,85,186,63,13,11,0,179,55,85,25,14,0,0,0,326,259,58,9,0,0,0,0,2016
132,13121001700,176,0,0,0,0,0,20,93,167,0,0,29,20,32,0,86,195,61,0,0,0,54,47,33,207,0,19,24,75,25,22,42,370,0,56,186,66,42,20,0,215,60,66,53,26,0,10,0,467,394,65,8,0,0,0,0,2017
133,13121000600,393,0,0,0,0,0,0,126,108,0,0,0,0,14,0,64,224,0,0,0,22,27,59,116,388,25,0,116,103,69,31,44,354,116,93,98,17,10,20,0,175,96,79,0,0,0,0,0,136,130,6,0,0,0,0,0,2014
134,13121000600,513,0,0,0,0,0,0,180,117,0,0,0,0,12,0,75,193,0,0,0,0,30,36,127,373,15,5,149,88,72,25,19,327,89,51,162,16,0,9,0,112,42,70,0,0,0,0,0,190,184,6,0,0,0,0,0,2015
135,13121000600,394,0,0,0,0,0,0,115,141,0,0,0,0,11,3,100,245,0,0,0,26,31,40,139,268,24,20,47,86,56,7,18,335,75,67,133,15,0,45,0,167,67,67,0,0,33,0,0,230,165,27,38,0,0,0,0,2016
136,13121000600,358,0,0,0,0,0,0,118,171,0,0,0,0,10,9,131,208,0,0,0,30,9,62,89,242,27,25,33,50,87,0,9,413,0,94,182,25,54,47,0,186,86,69,0,0,31,0,0,329,291,10,28,0,0,0,0,2017
137,13121000200,11,0,0,0,0,0,0,11,127,0,0,0,0,0,0,127,106,0,0,0,16,8,62,8,106,0,21,41,0,31,0,0,198,83,86,14,15,0,0,0,123,82,20,0,0,0,0,0,198,160,25,13,0,0,0,0,2014
138,13121000200,10,0,0,0,0,0,0,10,111,0,0,0,0,0,0,111,127,0,0,0,18,10,72,18,95,0,15,41,0,39,0,0,182,68,87,18,9,0,0,0,153,74,64,0,0,0,0,0,215,191,12,12,0,0,0,0,2015
139,13121000200,32,0,0,0,0,0,0,10,93,0,0,0,0,0,0,93,127,0,0,0,20,0,78,20,82,0,0,40,0,42,0,0,192,49,103,32,8,0,0,0,108,30,61,0,0,0,0,0,286,230,45,11,0,0,0,0,2016
140,13121000200,18,0,0,0,0,0,0,0,69,0,0,0,0,0,0,69,120,0,0,0,18,0,80,22,66,0,0,24,0,42,0,0,183,29,103,40,11,0,0,0,96,27,54,0,0,0,0,0,280,245,35,0,0,0,0,0,2017
141,13121000400,12,0,0,0,0,0,0,12,0,0,0,0,0,0,0,0,23,0,0,0,0,0,0,23,78,32,29,17,0,0,0,0,118,0,80,28,0,10,0,0,36,11,25,0,0,0,0,0,82,50,0,0,32,0,0,0,2014
142,13121000400,16,0,0,0,0,0,0,16,0,0,0,0,0,0,0,0,19,0,0,0,0,0,0,19,72,0,31,18,23,0,0,0,86,0,31,37,8,10,0,0,30,6,24,0,0,0,0,0,88,54,0,0,34,0,0,0,2015
143,13121000400,16,0,0,0,0,0,0,16,0,0,0,0,0,0,0,0,18,0,0,0,0,0,0,18,83,0,33,27,23,0,0,0,85,0,31,7,31,16,0,0,29,7,22,0,0,0,0,0,77,77,0,0,0,0,0,0,2016
144,13121000400,29,0,0,0,0,0,0,19,0,0,0,0,0,0,0,0,17,0,0,0,0,0,0,17,73,0,31,20,22,0,0,0,89,0,27,6,33,14,0,9,65,7,23,35,0,0,0,0,90,90,0,0,0,0,0,0,2017
145,13121000100,26,0,0,0,0,0,0,26,17,0,0,0,0,0,0,17,15,0,0,0,0,0,0,15,26,0,8,18,0,0,0,0,85,60,17,8,0,0,0,0,42,9,12,0,0,21,0,0,92,48,44,0,0,0,0,0,2014
146,13121000100,24,0,0,0,0,0,0,24,0,0,0,0,0,0,0,0,20,0,0,10,0,10,0,0,41,0,6,35,0,0,0,0,87,19,50,18,0,0,0,0,38,10,8,0,0,20,0,0,116,82,34,0,0,0,0,0,2015
147,13121000100,26,0,0,0,0,0,0,26,0,0,0,0,0,0,0,0,20,0,0,9,0,11,0,0,19,0,6,13,0,0,0,0,92,20,52,20,0,0,0,0,41,10,9,0,0,22,0,0,149,114,35,0,0,0,0,0,2016
148,13121000100,0,0,0,0,0,0,0,0,0,0,0,0,0,0,0,0,21,0,0,10,0,11,0,0,24,0,9,0,0,0,15,0,72,12,36,24,0,0,0,0,74,0,19,31,0,24,0,0,204,147,35,22,0,0,0,0,2017
149,13121010206,22,0,0,0,0,0,0,0,0,0,0,0,0,0,0,0,25,0,25,0,0,0,0,0,38,0,0,0,0,6,7,16,33,0,33,0,0,0,0,0,0,0,0,0,0,0,0,0,65,46,0,10,0,0,0,0,2014
150,13121010206,11,0,0,0,0,0,0,0,0,0,0,0,0,0,0,0,29,0,29,0,0,0,0,0,99,0,0,52,0,7,10,20,0,0,0,0,0,0,0,0,9,0,0,0,0,0,0,0,50,31,0,10,0,0,0,0,2015
151,13121010206,9,0,0,0,0,0,0,0,0,0,0,0,0,0,0,0,0,0,0,0,0,0,0,0,114,0,28,44,0,6,10,18,0,0,0,0,0,0,0,0,11,0,0,0,0,0,0,0,58,37,0,11,0,0,0,0,2016
152,13121010206,11,0,0,0,0,0,0,0,0,0,0,0,0,0,0,0,0,0,0,0,0,0,0,0,85,0,32,37,0,6,10,0,0,0,0,0,0,0,0,0,10,0,0,0,0,0,0,0,70,28,22,10,0,0,0,0,2017
153,13121006602,119,0,0,0,0,0,0,100,117,0,14,13,0,0,14,76,88,9,0,0,30,21,5,23,13,6,0,0,0,7,0,0,4,4,0,0,0,0,0,0,15,15,0,0,0,0,0,0,0,0,0,0,0,0,0,0,2014
154,13121006602,97,0,0,10,0,0,0,53,118,0,12,11,0,0,14,81,75,7,0,0,28,9,5,26,33,9,13,4,0,7,0,0,5,5,0,0,0,0,0,0,19,19,0,0,0,0,0,0,4,4,0,0,0,0,0,0,2015
155,13121006602,101,0,0,9,0,0,0,57,107,0,11,7,0,0,13,76,88,7,13,0,18,10,16,24,31,8,12,7,0,4,0,0,10,4,6,0,0,0,0,0,14,14,0,0,0,0,0,0,6,6,0,0,0,0,0,0,2016
156,13121006602,86,0,0,8,0,0,0,52,102,0,8,7,0,0,11,76,98,0,17,0,36,10,14,21,49,11,13,23,0,2,0,0,8,4,4,0,0,0,0,0,14,14,0,0,0,0,0,0,9,9,0,0,0,0,0,0,2017
157,13121002900,73,0,0,0,0,0,0,56,98,0,0,0,0,0,5,93,52,0,0,0,23,0,0,29,133,0,8,45,31,13,36,0,171,37,39,68,21,6,0,0,219,136,83,0,0,0,0,0,125,125,0,0,0,0,0,0,2014
158,13121002900,102,0,0,0,0,0,0,84,69,0,0,0,0,0,6,63,82,0,0,0,30,0,16,36,97,5,11,22,0,15,36,8,214,41,38,83,28,24,0,0,179,63,116,0,0,0,0,0,134,134,0,0,0,0,0,0,2015
159,13121002900,70,0,0,0,0,0,0,56,80,0,0,0,0,0,7,73,98,0,0,0,22,0,46,30,105,0,0,16,16,14,42,17,189,32,30,66,41,20,0,0,127,51,64,12,0,0,0,0,200,169,31,0,0,0,0,0,2016
160,13121002900,65,0,0,0,0,0,0,65,100,0,0,0,0,0,27,73,108,0,0,0,22,0,58,28,105,0,0,21,44,15,9,16,232,35,39,91,46,21,0,0,118,40,67,11,0,0,0,0,171,159,12,0,0,0,0,0,2017
161,13121007705,436,20,9,26,0,0,18,302,459,28,54,63,38,27,70,171,269,0,15,53,56,20,79,46,139,0,9,40,90,0,0,0,105,65,29,0,0,0,11,0,32,24,8,0,0,0,0,0,46,46,0,0,0,0,0,0,2014
162,13121007705,326,21,9,24,9,0,0,202,459,28,55,77,36,25,54,176,372,0,33,22,68,21,133,95,172,0,10,39,112,0,11,0,86,33,53,0,0,0,0,0,41,33,8,0,0,0,0,0,43,43,0,0,0,0,0,0,2015
163,13121007705,316,16,9,0,37,0,16,182,492,8,52,82,8,0,62,274,339,0,34,21,67,0,148,69,69,0,10,13,35,0,11,0,128,80,23,25,0,0,0,0,65,50,15,0,0,0,0,0,21,21,0,0,0,0,0,0,2016
164,13121007705,305,0,0,16,17,0,19,149,406,26,55,81,23,0,35,178,359,7,37,31,78,0,132,74,126,0,9,38,67,0,12,0,85,40,19,26,0,0,0,0,43,43,0,0,0,0,0,0,19,19,0,0,0,0,0,0,2017
165,13121009603,241,0,0,15,0,0,0,158,137,0,0,0,35,0,12,90,184,0,0,54,53,29,35,13,210,0,0,95,115,0,0,0,261,88,123,0,0,0,50,0,107,107,0,0,0,0,0,0,150,129,0,0,0,21,0,0,2014
166,13121009603,215,0,0,15,0,0,0,151,138,0,0,0,33,0,8,97,149,0,0,44,56,0,38,11,201,0,14,92,86,0,9,0,335,126,125,23,0,0,61,0,94,82,0,12,0,0,0,0,241,196,22,0,0,23,0,0,2015
167,13121009603,194,0,0,16,0,0,0,103,215,0,0,10,39,0,12,154,162,0,0,41,71,0,39,11,199,0,13,121,43,0,9,13,324,124,133,25,0,42,0,0,132,80,13,13,0,0,0,0,357,314,23,0,0,20,0,0,2016
168,13121009603,159,0,0,15,0,0,0,66,126,0,0,14,14,0,16,82,234,0,0,45,64,0,76,49,155,0,23,104,6,0,9,13,248,87,69,66,26,0,0,0,185,122,30,11,0,0,0,0,409,361,20,0,11,17,0,0,2017
169,13121009601,63,0,0,0,0,0,0,32,11,0,0,0,0,0,0,11,65,0,0,0,0,0,33,32,110,0,0,0,75,6,8,21,123,0,42,27,22,19,13,0,72,33,32,7,0,0,0,0,296,179,117,0,0,0,0,0,2014
170,13121009601,27,0,0,0,0,0,0,27,24,0,0,0,0,0,0,24,77,0,0,0,0,4,30,43,138,0,0,13,47,26,22,30,128,0,26,42,19,27,14,0,67,32,20,15,0,0,0,0,280,162,118,0,0,0,0,0,2015
171,13121009601,39,0,0,0,0,0,0,39,33,0,0,0,0,0,0,33,50,0,0,0,0,6,0,44,145,0,0,14,50,26,23,32,162,13,44,33,25,28,19,0,118,72,23,14,0,9,0,0,255,204,51,0,0,0,0,0,2016
172,13121009601,36,0,0,0,0,0,0,36,30,0,0,0,0,0,0,30,38,0,0,0,0,2,0,36,137,0,0,7,55,24,20,31,216,23,42,56,25,23,38,0,77,47,24,6,0,0,0,0,416,336,55,10,7,8,0,0,2017
173,13121009801,86,0,20,0,8,0,43,0,93,37,17,0,28,0,11,0,64,25,0,0,0,0,18,21,9,0,9,0,0,0,0,0,9,0,0,9,0,0,0,0,0,0,0,0,0,0,0,0,114,65,27,0,0,22,0,0,2014
174,13121009801,119,0,21,8,19,0,47,8,116,41,15,0,9,39,12,0,57,14,10,0,0,0,0,33,20,10,10,0,0,0,0,0,10,0,0,10,0,0,0,0,0,0,0,0,0,0,0,0,119,60,24,0,0,23,0,0,2015
175,13121009801,63,0,0,8,19,0,29,7,125,38,33,0,10,34,10,0,102,17,8,0,0,0,0,77,36,10,9,0,0,0,0,17,56,0,47,9,0,0,0,0,45,0,0,0,29,0,16,0,95,64,0,0,0,21,0,0,2016
176,13121009801,56,0,0,9,10,0,31,6,151,42,22,32,0,34,9,0,94,18,8,0,0,0,0,68,23,10,0,0,0,0,0,13,123,0,63,30,30,0,0,0,45,0,0,0,27,0,18,0,73,43,0,0,0,20,0,0,2017
177,13121011900,361,44,7,29,6,0,0,221,323,75,44,27,24,0,5,138,259,0,23,25,30,17,69,85,175,0,52,77,41,5,0,0,191,68,80,13,0,20,0,0,59,35,24,0,0,0,0,0,21,21,0,0,0,0,0,0,2014
178,13121011900,379,46,16,34,7,0,0,235,317,76,48,33,41,0,8,92,257,0,30,13,42,17,67,76,264,11,87,121,39,6,0,0,201,66,95,14,0,26,0,0,84,33,45,6,0,0,0,0,36,36,0,0,0,0,0,0,2015
179,13121011900,436,65,27,21,9,0,0,271,367,68,83,39,42,0,27,88,174,0,32,12,16,6,71,37,293,12,76,144,42,7,12,0,220,68,93,28,8,23,0,0,54,29,20,5,0,0,0,0,52,52,0,0,0,0,0,0,2016
180,13121011900,437,64,34,20,11,0,0,257,307,54,96,0,55,0,22,70,212,23,38,0,21,28,46,56,291,11,80,122,49,8,10,11,205,61,71,14,17,42,0,0,74,37,30,7,0,0,0,0,55,55,0,0,0,0,0,0,2017
181,13121001202,62,0,0,0,0,0,0,21,149,0,0,0,0,0,0,149,209,0,0,0,61,74,15,59,171,0,53,98,0,0,0,20,352,80,155,99,0,0,18,0,387,229,89,69,0,0,0,0,128,49,52,0,27,0,0,0,2014
182,13121001202,91,0,0,0,0,0,0,49,133,0,0,0,0,0,0,133,173,0,0,0,62,54,0,57,220,0,93,60,0,51,0,16,370,91,154,94,17,14,0,0,370,239,61,70,0,0,0,0,177,108,46,0,23,0,0,0,2015
183,13121001202,109,0,0,0,0,0,0,91,54,0,0,0,0,0,0,54,185,0,0,0,46,49,22,68,177,0,89,25,0,47,0,16,409,124,176,66,27,16,0,0,380,258,48,59,0,0,0,0,224,145,79,0,0,0,0,0,2016
184,13121001202,112,0,0,0,0,0,0,95,48,0,0,0,0,0,0,48,174,0,0,0,13,41,35,85,171,0,91,16,0,64,0,0,405,130,158,65,32,20,0,0,367,226,40,82,0,0,0,0,217,172,45,0,0,0,0,0,2017
185,13121009102,195,0,0,0,0,0,0,141,32,0,0,0,0,0,0,32,378,0,15,174,70,37,46,36,203,15,60,79,49,0,0,0,177,29,51,45,52,0,0,0,88,72,16,0,0,0,0,0,243,218,0,25,0,0,0,0,2014
186,13121009102,242,0,0,0,0,0,0,142,95,0,0,0,0,0,63,32,282,0,0,117,55,31,52,27,253,15,42,144,52,0,0,0,141,35,38,14,54,0,0,0,40,23,17,0,0,0,0,0,203,172,0,31,0,0,0,0,2015
187,13121009102,184,0,0,0,0,0,0,92,91,0,0,0,0,0,61,30,326,0,0,112,51,29,102,32,185,14,34,102,35,0,0,0,132,34,35,13,50,0,0,0,84,46,38,0,0,0,0,0,208,197,11,0,0,0,0,0,2016
188,13121009102,145,0,0,0,0,0,0,62,116,0,0,0,0,0,100,16,293,0,0,45,95,25,100,28,131,16,43,60,12,0,0,0,164,22,18,69,55,0,0,0,68,41,27,0,0,0,0,0,221,208,13,0,0,0,0,0,2017
189,13089020802,171,0,17,0,0,0,12,48,140,10,0,48,0,10,0,72,59,0,0,0,13,10,36,0,115,40,7,43,14,4,0,0,39,19,12,0,8,0,0,0,54,27,15,5,7,0,0,0,8,8,0,0,0,0,0,0,2014
190,13089020802,144,0,15,9,0,0,0,94,147,10,0,62,0,9,0,66,94,0,0,0,0,47,32,15,149,38,6,94,0,4,0,0,33,25,0,0,8,0,0,0,37,18,12,0,7,0,0,0,8,8,0,0,0,0,0,0,2015
191,13089020802,138,0,8,10,0,0,0,87,178,0,0,101,0,9,0,68,100,0,0,0,15,34,32,19,144,38,6,92,0,8,0,0,32,25,0,0,7,0,0,0,32,20,5,0,7,0,0,0,23,16,7,0,0,0,0,0,2016
192,13089020802,173,23,10,11,0,0,0,111,197,47,0,76,0,0,0,74,106,0,0,0,16,36,33,21,104,8,0,91,0,5,0,0,45,23,15,0,7,0,0,0,28,28,0,0,0,0,0,0,23,23,0,0,0,0,0,0,2017
193,13121001201,271,0,0,67,0,0,0,165,196,25,0,17,0,0,30,124,236,41,0,0,14,65,106,10,261,0,90,83,88,0,0,0,245,104,69,13,17,0,42,0,119,91,16,0,0,12,0,0,170,170,0,0,0,0,0,0,2014
194,13121001201,276,0,0,48,0,0,0,181,158,15,0,21,25,0,14,83,274,27,0,0,16,76,110,45,179,0,108,51,20,0,0,0,272,134,99,14,25,0,0,0,147,109,19,0,0,19,0,0,258,258,0,0,0,0,0,0,2015
195,13121001201,243,0,0,14,0,0,0,146,133,15,14,0,27,0,14,63,347,34,0,0,15,91,141,66,258,0,107,26,45,0,0,80,226,44,89,25,27,41,0,0,246,176,38,15,0,17,0,0,227,227,0,0,0,0,0,0,2016
196,13121001201,342,0,0,27,0,81,0,155,104,0,15,14,23,0,0,52,313,57,0,0,0,62,103,91,237,0,61,13,98,0,0,65,256,55,59,26,32,41,43,0,255,122,87,29,0,17,0,0,368,312,37,19,0,0,0,0,2017
197,13121001001,39,0,0,0,0,0,0,21,20,0,0,0,0,0,0,20,46,0,0,0,0,0,8,38,43,0,5,0,5,0,0,24,79,0,14,35,11,8,11,0,38,21,0,0,0,17,0,0,59,48,11,0,0,0,0,0,2014
198,13121001001,33,0,0,0,0,0,0,10,14,0,0,0,0,0,0,14,56,0,0,0,0,0,10,46,25,0,5,0,6,0,8,0,92,8,17,17,10,11,9,20,50,26,0,9,0,15,0,0,96,79,17,0,0,0,0,0,2015
199,13121001001,44,0,0,0,0,0,0,17,24,0,0,0,0,0,0,24,48,0,0,0,0,0,10,33,24,0,6,0,5,0,7,0,87,9,8,38,13,4,0,15,48,27,4,13,0,0,4,0,112,100,8,4,0,0,0,0,2016
200,13121001001,23,0,0,0,0,0,0,10,27,0,0,0,0,0,0,27,52,0,0,0,7,0,6,33,26,0,5,0,0,5,7,4,92,9,9,36,13,3,4,18,56,12,18,14,7,0,5,0,141,129,8,4,0,0,0,0,2017
201,13121008903,13,0,0,0,0,0,0,13,43,0,0,0,0,0,21,22,81,0,0,14,0,34,19,14,37,12,6,0,0,19,0,0,123,87,0,12,0,24,0,0,37,37,0,0,0,0,0,0,36,36,0,0,0,0,0,0,2014
202,13121008903,9,0,0,0,0,0,0,9,38,0,0,0,0,0,20,18,85,0,0,14,0,26,23,22,47,17,17,0,0,13,0,0,74,25,0,12,0,37,0,0,38,38,0,0,0,0,0,0,36,36,0,0,0,0,0,0,2015
203,13121008903,4,0,0,0,0,0,0,4,42,0,0,0,0,0,17,25,99,0,0,15,11,25,27,21,65,16,18,18,0,13,0,0,94,53,15,16,4,6,0,0,55,55,0,0,0,0,0,0,42,42,0,0,0,0,0,0,2016
204,13121008903,0,0,0,0,0,0,0,0,48,0,0,0,8,0,12,28,64,0,0,13,0,24,9,18,81,15,11,14,27,0,14,0,158,50,55,15,8,30,0,0,70,28,42,0,0,0,0,0,65,65,0,0,0,0,0,0,2017
205,13121004300,60,0,5,0,7,0,0,48,116,0,5,0,4,0,14,93,118,0,0,15,41,36,22,4,60,0,0,35,25,0,0,0,46,20,26,0,0,0,0,0,0,0,0,0,0,0,0,0,20,20,0,0,0,0,0,0,2014
206,13121004300,64,0,5,0,8,0,0,51,148,0,6,0,4,0,14,124,142,0,0,16,56,31,36,3,56,0,0,37,19,0,0,0,40,19,21,0,0,0,0,0,0,0,0,0,0,0,0,0,44,44,0,0,0,0,0,0,2015
207,13121004300,103,0,21,0,9,0,0,61,139,0,0,5,4,0,10,120,165,0,0,33,58,28,46,0,45,0,0,22,23,0,0,0,45,22,23,0,0,0,0,0,12,12,0,0,0,0,0,0,35,35,0,0,0,0,0,0,2016
208,13121004300,113,0,18,0,8,0,0,73,135,0,0,6,0,0,14,115,126,4,0,36,33,7,46,0,66,0,5,11,35,0,0,15,57,44,13,0,0,0,0,0,29,13,16,0,0,0,0,0,36,36,0,0,0,0,0,0,2017
209,13121007603,675,8,44,44,53,20,41,403,663,11,42,68,32,13,64,433,313,40,21,41,76,62,0,73,67,26,0,24,0,9,8,0,113,39,60,0,0,0,0,0,30,30,0,0,0,0,0,0,57,57,0,0,0,0,0,0,2014
210,13121007603,716,9,15,48,42,3,14,503,623,0,46,45,36,14,48,417,304,31,19,0,84,58,35,77,54,22,0,0,0,14,18,0,74,39,20,0,0,0,0,0,57,57,0,0,0,0,0,0,47,47,0,0,0,0,0,0,2015
211,13121007603,616,8,0,28,26,8,13,469,739,0,59,44,31,44,76,469,376,25,20,50,105,67,40,69,67,21,19,0,0,8,19,0,48,48,0,0,0,0,0,0,37,37,0,0,0,0,0,0,22,22,0,0,0,0,0,0,2016
212,13121007603,670,20,0,20,26,8,0,520,785,0,61,45,49,66,40,496,386,26,20,48,127,53,40,72,46,0,20,0,0,0,26,0,39,39,0,0,0,0,0,0,34,34,0,0,0,0,0,0,21,21,0,0,0,0,0,0,2017
213,13121007604,225,0,0,0,0,0,0,169,329,71,0,0,0,9,0,249,158,0,0,0,95,9,20,34,77,23,0,54,0,0,0,0,25,25,0,0,0,0,0,0,0,0,0,0,0,0,0,0,9,9,0,0,0,0,0,0,2014
214,13121007604,274,0,33,0,0,0,0,186,251,20,0,0,8,5,0,218,142,0,0,0,44,14,76,8,45,10,0,35,0,0,0,0,40,40,0,0,0,0,0,0,0,0,0,0,0,0,0,0,10,10,0,0,0,0,0,0,2015
215,13121007604,236,0,26,0,0,0,0,163,251,19,0,0,8,0,0,224,213,0,0,0,61,14,103,35,14,14,0,0,0,0,0,0,39,39,0,0,0,0,0,0,0,0,0,0,0,0,0,0,24,24,0,0,0,0,0,0,2016
216,13121007604,208,0,25,0,0,0,0,140,237,20,0,0,9,0,8,200,254,0,0,0,38,53,117,46,34,26,0,8,0,0,0,0,49,49,0,0,0,0,0,0,0,0,0,0,0,0,0,0,26,26,0,0,0,0,0,0,2017
217,13121007703,49,0,0,0,0,0,0,16,95,0,0,0,0,0,36,59,183,0,0,48,34,54,39,8,101,33,20,17,25,0,6,0,114,30,21,11,24,0,28,0,0,0,0,0,0,0,0,0,18,18,0,0,0,0,0,0,2014
218,13121007703,48,0,0,0,0,0,0,17,73,0,0,0,0,0,0,73,163,0,0,53,23,59,20,8,160,41,21,29,43,0,26,0,142,34,25,12,24,16,31,0,0,0,0,0,0,0,0,0,18,18,0,0,0,0,0,0,2015
219,13121007703,79,0,0,0,0,0,0,50,95,0,0,0,0,0,21,74,176,0,0,53,22,63,29,9,168,32,44,30,32,0,30,0,124,31,36,11,26,20,0,0,10,10,0,0,0,0,0,0,19,19,0,0,0,0,0,0,2016
220,13121007703,54,0,0,0,0,0,0,54,80,0,0,0,0,0,28,52,141,0,0,0,27,39,45,30,239,39,61,50,53,0,36,0,102,9,41,10,21,21,0,0,13,13,0,0,0,0,0,0,23,23,0,0,0,0,0,0,2017
221,13121007704,251,0,0,0,0,0,24,132,229,32,0,0,8,11,0,178,250,13,0,65,0,131,27,14,117,0,11,0,61,0,22,0,92,10,0,37,21,0,0,0,19,19,0,0,0,0,0,0,26,26,0,0,0,0,0,0,2014
222,13121007704,254,0,0,0,0,0,20,156,245,0,0,7,0,10,0,228,226,15,0,53,43,73,42,0,113,0,16,0,59,0,17,0,53,8,0,24,21,0,0,0,17,17,0,0,0,0,0,0,22,22,0,0,0,0,0,0,2015
223,13121007704,232,0,0,0,0,0,18,118,247,0,0,7,9,10,0,221,321,33,0,49,73,71,95,0,77,0,18,8,30,0,0,0,95,9,0,27,59,0,0,0,30,21,0,9,0,0,0,0,25,25,0,0,0,0,0,0,2016
224,13121007704,189,0,0,0,0,0,22,116,332,0,0,0,8,12,0,312,380,32,22,0,73,94,159,0,70,0,11,8,27,0,0,0,169,64,8,41,56,0,0,0,30,20,0,10,0,0,0,0,13,0,0,0,0,0,0,0,2017
225,13121009501,14,0,0,0,0,0,0,0,17,0,0,0,0,0,0,17,38,0,0,0,0,0,0,38,85,4,0,7,0,27,47,0,31,5,0,0,0,26,0,0,67,57,0,10,0,0,0,0,184,107,0,0,0,0,11,60,2014
226,13121009501,0,0,0,0,0,0,0,0,17,0,0,0,0,0,0,17,29,0,0,0,0,0,0,29,99,6,22,8,0,26,37,0,30,5,0,0,0,25,0,0,14,0,7,7,0,0,0,0,151,82,0,0,0,0,11,52,2015
227,13121009501,9,0,0,0,0,0,0,0,18,0,0,0,0,0,0,18,44,0,0,9,0,0,0,35,109,9,26,9,0,32,33,0,47,14,0,0,7,26,0,0,23,0,14,9,0,0,0,0,64,44,0,0,0,0,11,0,2016
228,13121009501,8,0,0,0,0,0,0,0,19,0,0,0,0,0,0,19,37,0,0,7,0,0,0,30,78,0,25,9,0,9,35,0,81,14,0,0,7,53,7,0,25,0,9,16,0,0,0,0,82,56,7,0,0,0,11,0,2017
229,13089020700,72,0,0,5,0,0,0,29,102,0,0,6,0,0,35,61,56,0,0,16,5,25,10,0,51,0,43,0,0,0,0,0,61,24,10,4,5,18,0,0,28,22,6,0,0,0,0,0,26,19,0,0,0,0,0,0,2014
230,13089020700,88,0,0,5,0,0,0,42,88,0,0,7,0,0,17,64,73,0,0,12,19,31,11,0,52,0,38,7,0,0,0,0,63,32,0,3,4,24,0,0,45,32,5,8,0,0,0,0,17,11,0,0,0,0,0,0,2015
231,13089020700,91,0,0,7,0,0,0,57,60,0,0,6,0,0,0,54,109,0,0,13,34,32,12,13,58,0,44,5,0,0,0,0,52,34,0,18,0,0,0,0,36,23,5,4,4,0,0,0,24,11,5,0,0,0,0,0,2016
232,13089020700,73,0,0,0,0,0,0,45,69,0,0,15,0,0,0,54,110,0,0,11,63,11,6,14,61,0,35,5,19,0,0,0,57,34,0,19,0,0,0,0,26,10,6,6,4,0,0,0,41,32,4,0,0,0,0,0,2017
233,13121008902,350,0,0,0,0,0,0,276,326,0,0,0,0,0,35,291,271,0,13,60,0,105,45,48,387,0,26,211,61,75,14,0,535,85,295,122,16,0,17,0,168,110,49,0,9,0,0,0,247,232,0,0,0,0,0,0,2014
234,13121008902,357,0,0,0,0,0,0,281,298,0,0,0,0,0,41,257,251,0,0,11,45,96,61,38,455,0,25,186,78,150,16,0,646,117,263,128,120,0,18,0,173,125,48,0,0,0,0,0,321,276,18,14,0,0,0,0,2015
235,13121008902,268,0,0,0,0,0,0,218,262,0,0,0,0,0,29,233,254,0,0,0,46,82,88,38,472,15,27,185,99,117,29,0,800,125,301,192,163,0,19,0,267,165,102,0,0,0,0,0,403,344,22,23,0,0,0,0,2016
236,13121008902,228,0,0,0,0,0,0,186,270,0,0,0,0,0,37,233,237,0,0,0,65,15,92,65,567,28,30,157,116,209,27,0,755,117,311,144,164,0,19,0,280,146,129,5,0,0,0,0,354,290,41,23,0,0,0,0,2017
237,13121009403,363,24,0,70,17,0,19,124,296,0,16,28,15,0,18,219,519,15,49,68,83,58,42,191,270,0,55,67,90,42,0,16,410,128,140,88,42,12,0,0,346,188,108,50,0,0,0,0,113,113,0,0,0,0,0,0,2014
238,13121009403,351,23,0,49,15,0,17,134,220,0,15,27,14,0,14,150,524,19,44,50,14,69,104,207,328,0,43,117,121,32,0,15,442,159,110,109,38,10,16,0,294,189,67,38,0,0,0,0,115,115,0,0,0,0,0,0,2015
239,13121009403,224,0,0,21,16,0,0,86,272,0,62,25,14,0,16,155,478,18,43,12,14,66,113,194,349,0,0,146,141,36,0,26,421,66,193,92,31,12,13,0,260,111,149,0,0,0,0,0,135,135,0,0,0,0,0,0,2016
240,13121009403,227,0,0,15,15,0,0,92,246,0,59,30,0,0,15,142,448,0,45,11,0,67,114,192,410,0,0,134,170,90,0,16,460,63,190,75,63,29,14,11,251,79,172,0,0,0,0,0,131,116,15,0,0,0,0,0,2017
241,13121009602,71,0,0,0,0,0,0,33,20,0,0,0,0,0,0,20,186,0,29,0,0,27,0,130,132,0,0,14,60,0,25,33,264,79,55,117,0,0,0,13,153,44,24,0,36,0,14,35,516,313,88,23,0,0,92,0,2014
242,13121009602,87,0,0,0,0,0,0,51,15,0,0,0,0,0,0,15,159,0,17,0,0,15,0,127,77,0,0,0,61,0,0,16,309,79,57,143,17,0,0,13,131,16,34,0,12,0,33,36,580,416,28,31,0,18,87,0,2015
243,13121009602,152,0,0,0,0,0,0,123,25,0,0,0,0,0,0,25,138,0,0,0,0,16,0,122,98,0,0,0,54,0,0,44,255,47,37,124,9,0,0,38,128,66,34,0,14,0,14,0,530,434,27,22,15,16,16,0,2016
244,13121009602,108,0,0,0,0,0,0,95,59,0,0,0,0,0,0,59,83,0,0,0,0,14,15,54,97,0,0,0,34,0,15,48,227,46,36,56,43,0,21,25,184,77,37,56,14,0,0,0,534,406,28,19,15,51,15,0,2017
245,13121009404,23,0,0,0,0,0,0,8,42,0,0,0,0,0,0,42,82,0,0,0,0,82,0,0,147,0,0,91,0,0,44,0,412,73,60,103,32,90,54,0,125,49,76,0,0,0,0,0,247,226,11,0,0,0,10,0,2014
246,13121009404,61,0,0,0,0,0,0,41,33,0,0,0,0,0,0,33,99,0,0,0,0,79,0,20,192,0,0,125,0,13,42,0,276,58,43,33,32,36,74,0,101,54,47,0,0,0,0,0,329,316,13,0,0,0,0,0,2015
247,13121009404,54,0,0,0,0,0,0,36,20,0,0,0,0,0,0,20,85,0,0,0,0,51,0,34,156,0,0,74,11,20,51,0,301,0,74,57,53,37,68,0,106,48,58,0,0,0,0,0,311,301,10,0,0,0,0,0,2016
248,13121009404,40,0,0,0,0,0,0,40,24,0,0,0,0,0,11,13,73,0,0,0,0,35,0,38,199,0,0,91,24,24,60,0,248,0,51,12,82,33,70,0,116,49,67,0,0,0,0,0,299,262,14,0,0,0,23,0,2017
249,13121009502,171,0,0,0,38,15,0,81,194,22,0,64,0,0,0,108,140,0,0,37,0,82,0,21,231,0,65,58,51,13,30,0,93,12,14,67,0,0,0,0,82,15,67,0,0,0,0,0,92,63,0,29,0,0,0,0,2014
250,13121009502,58,0,0,0,0,0,0,58,173,16,0,39,0,0,0,104,73,14,0,31,0,28,0,0,166,0,33,54,49,0,14,0,92,10,13,69,0,0,0,0,124,59,65,0,0,0,0,0,103,73,0,30,0,0,0,0,2015
251,13121009502,40,0,0,0,0,0,0,40,147,18,14,74,0,0,0,27,88,15,0,32,0,0,0,41,139,0,7,56,0,0,32,34,175,10,46,119,0,0,0,0,190,98,92,0,0,0,0,0,209,152,14,43,0,0,0,0,2016
252,13121009502,95,0,0,0,0,0,0,49,121,14,13,53,0,0,0,25,100,13,0,0,0,0,0,87,141,17,0,37,0,0,36,39,96,11,38,47,0,0,0,0,291,114,177,0,0,0,0,0,266,200,13,53,0,0,0,0,2017
253,13121010114,101,0,0,0,0,0,0,64,240,0,0,0,0,0,26,214,206,0,0,0,31,30,71,74,540,19,72,335,65,33,16,0,260,53,125,0,62,0,0,0,171,88,83,0,0,0,0,0,114,114,0,0,0,0,0,0,2014
254,13121010114,70,0,0,0,0,0,0,56,205,0,0,0,0,0,0,205,261,0,0,0,111,26,68,56,485,20,80,260,60,38,13,0,281,87,73,0,87,0,0,0,195,132,63,0,0,0,0,0,194,194,0,0,0,0,0,0,2015
255,13121010114,75,0,0,0,0,0,0,60,267,0,0,0,0,0,0,267,279,0,0,0,86,10,73,110,476,27,75,160,99,88,13,0,268,22,138,0,74,0,0,0,133,133,0,0,0,0,0,0,271,239,0,16,0,0,0,0,2016
256,13121010114,51,0,0,0,0,0,0,51,238,0,0,0,0,0,0,238,356,0,0,0,74,30,74,178,315,24,23,134,23,87,13,0,329,49,186,0,65,0,15,14,154,107,31,16,0,0,0,0,249,220,0,13,0,0,0,0,2017
257,13121011800,647,0,0,0,0,0,0,314,131,0,0,0,0,16,39,76,158,0,8,25,0,33,70,22,107,8,17,0,42,14,26,0,95,31,51,7,0,0,0,6,29,25,4,0,0,0,0,0,28,28,0,0,0,0,0,0,2014
258,13121011800,634,0,0,0,0,0,0,289,160,0,8,0,0,16,76,60,169,0,8,24,33,26,56,22,106,7,45,0,15,9,30,0,99,31,55,7,0,0,0,6,36,20,16,0,0,0,0,0,41,41,0,0,0,0,0,0,2015
259,13121011800,515,0,0,0,0,0,0,192,157,0,8,0,12,17,65,55,163,0,8,23,37,22,54,19,133,0,23,5,51,18,36,0,81,16,44,16,0,0,0,5,42,18,24,0,0,0,0,0,21,21,0,0,0,0,0,0,2016
260,13121011800,446,0,0,5,0,0,0,123,109,0,8,0,11,0,26,64,131,0,0,0,45,34,34,18,146,0,37,23,36,10,40,0,72,25,26,21,0,0,0,0,41,17,24,0,0,0,0,0,26,23,3,0,0,0,0,0,2017
261,13089020600,106,0,0,0,0,12,0,90,105,0,0,0,0,0,59,46,106,8,0,0,10,13,38,37,82,0,0,20,15,5,42,0,54,9,6,28,7,4,0,0,13,0,5,8,0,0,0,0,35,35,0,0,0,0,0,0,2014
262,13089020600,128,0,0,0,0,11,0,85,99,0,0,0,0,0,33,66,118,3,0,0,10,35,52,18,62,0,0,11,17,6,28,0,81,43,6,21,7,4,0,0,25,10,6,9,0,0,0,0,55,55,0,0,0,0,0,0,2015
263,13089020600,124,0,0,0,0,0,0,83,148,0,0,0,0,15,20,113,158,7,0,0,11,25,65,50,73,0,0,9,20,21,23,0,72,44,6,14,8,0,0,0,24,10,6,8,0,0,0,0,100,100,0,0,0,0,0,0,2016
264,13089020600,122,0,0,0,0,0,0,68,167,0,0,0,0,0,18,149,113,8,0,0,11,25,47,22,54,0,0,10,22,22,0,0,29,9,6,7,7,0,0,0,45,36,0,9,0,0,0,0,71,71,0,0,0,0,0,0,2017
265,13089020400,17,0,0,0,0,0,0,17,51,0,0,0,0,0,0,51,60,0,0,8,9,0,29,14,125,26,32,53,14,0,0,0,76,52,24,0,0,0,0,0,69,63,6,0,0,0,0,0,76,76,0,0,0,0,0,0,2014
266,13089020400,34,0,0,0,0,0,0,16,47,0,0,0,0,0,0,47,44,0,0,7,0,21,7,9,158,29,51,63,15,0,0,0,79,51,28,0,0,0,0,0,67,54,13,0,0,0,0,0,63,63,0,0,0,0,0,0,2015
267,13089020400,24,0,0,0,0,0,0,0,49,0,0,0,0,0,0,49,72,0,0,8,0,33,31,0,177,25,45,82,25,0,0,0,63,34,29,0,0,0,0,0,62,53,9,0,0,0,0,0,102,102,0,0,0,0,0,0,2016
268,13089020400,26,0,0,0,0,0,0,0,45,0,0,0,0,0,0,45,69,0,0,10,0,20,39,0,190,27,43,96,8,16,0,0,67,38,29,0,0,0,0,0,53,36,17,0,0,0,0,0,99,85,0,8,0,0,0,0,2017
269,13089020500,115,22,0,0,0,0,12,68,97,35,0,8,0,0,21,33,155,0,24,8,0,60,18,45,158,23,59,46,30,0,0,0,78,26,29,16,7,0,0,0,76,46,22,8,0,0,0,0,0,0,0,0,0,0,0,0,2014
270,13089020500,156,25,11,0,0,0,0,120,84,8,0,8,0,10,28,30,159,0,24,9,0,63,19,44,133,28,30,49,26,0,0,0,93,21,33,32,7,0,0,0,41,23,9,9,0,0,0,0,8,8,0,0,0,0,0,0,2015
271,13089020500,263,27,14,0,0,0,0,173,136,15,43,11,0,11,39,17,106,0,11,12,10,32,24,17,124,19,23,53,22,0,7,0,50,7,0,36,7,0,0,0,44,28,7,9,0,0,0,0,49,44,5,0,0,0,0,0,2016
272,13089020500,210,13,12,0,0,0,11,127,106,13,61,0,0,12,0,20,64,0,0,0,10,26,25,3,99,7,21,32,30,0,9,0,53,10,0,40,0,3,0,0,70,53,11,6,0,0,0,0,79,74,5,0,0,0,0,0,2017
273,13089020801,0,0,0,0,0,0,0,0,14,0,0,0,0,0,0,14,28,0,0,0,0,0,0,28,35,0,21,0,0,0,14,0,38,0,9,0,29,0,0,0,42,35,7,0,0,0,0,0,14,14,0,0,0,0,0,0,2014
274,13089020801,0,0,0,0,0,0,0,0,13,0,0,0,0,0,0,13,0,0,0,0,0,0,0,0,35,0,35,0,0,0,0,0,27,0,0,3,24,0,0,0,79,45,34,0,0,0,0,0,0,0,0,0,0,0,0,0,2015
275,13089020801,0,0,0,0,0,0,0,0,25,0,0,0,0,0,0,25,0,0,0,0,0,0,0,0,57,0,33,0,0,0,0,14,40,0,5,4,31,0,0,0,55,0,55,0,0,0,0,0,12,7,5,0,0,0,0,0,2016
276,13089020801,0,0,0,0,0,0,0,0,30,0,0,0,0,0,0,30,0,0,0,0,0,0,0,0,49,0,29,0,0,0,0,9,44,0,4,11,29,0,0,0,65,0,65,0,0,0,0,0,17,12,5,0,0,0,0,0,2017
277,13089020900,216,0,0,53,11,0,0,87,88,0,0,0,0,0,36,52,148,0,0,0,0,38,47,63,243,46,42,25,0,29,101,0,12,0,12,0,0,0,0,0,20,20,0,0,0,0,0,0,18,18,0,0,0,0,0,0,2014
278,13089020900,272,0,0,37,14,0,38,93,96,0,0,0,0,0,40,56,164,14,0,0,0,45,48,57,239,51,50,27,0,30,81,0,66,0,34,32,0,0,0,0,17,0,0,17,0,0,0,0,27,27,0,0,0,0,0,0,2015
279,13089020900,212,0,0,43,14,0,32,67,97,0,0,0,0,0,32,65,181,13,0,27,0,44,42,55,109,0,52,21,0,36,0,0,79,0,38,34,0,0,7,0,48,0,32,16,0,0,0,0,68,33,35,0,0,0,0,0,2016
280,13089020900,167,0,0,0,16,0,30,71,87,0,0,0,0,0,30,57,130,17,0,27,0,44,16,26,135,14,58,63,0,0,0,0,126,0,17,87,13,0,9,0,59,0,44,15,0,0,0,0,120,80,40,0,0,0,0,0,2017
281,13121001002,149,0,0,0,0,0,0,31,39,0,0,0,0,9,0,30,49,0,0,0,17,16,3,13,63,0,0,16,33,6,2,6,65,19,22,3,21,0,0,0,54,29,11,14,0,0,0,0,21,21,0,0,0,0,0,0,2014
282,13121001002,160,0,0,0,0,0,0,45,53,0,0,0,0,0,0,53,67,0,0,0,16,18,11,22,61,0,0,0,24,19,5,8,76,24,25,2,22,3,0,0,57,30,6,18,3,0,0,0,20,20,0,0,0,0,0,0,2015
283,13121001002,164,0,0,0,0,0,0,43,47,0,0,0,0,0,0,47,58,0,0,0,9,13,9,27,53,0,0,0,21,16,3,9,86,17,22,12,27,8,0,0,29,17,6,3,3,0,0,0,30,30,0,0,0,0,0,0,2016
284,13121001002,185,0,0,0,0,0,0,49,30,0,0,0,0,0,0,30,55,0,0,0,4,10,13,28,69,0,0,0,18,32,11,4,94,18,24,15,17,8,12,0,23,7,6,8,2,0,0,0,30,30,0,0,0,0,0,0,2017
285,13121000700,42,0,0,0,0,0,0,36,19,0,0,0,0,0,0,19,15,0,0,0,0,7,0,8,0,0,0,0,0,0,0,0,28,4,13,0,8,0,3,0,31,13,18,0,0,0,0,0,5,4,1,0,0,0,0,0,2014
286,13121000700,38,0,0,0,0,0,0,32,9,0,0,0,0,0,0,9,15,0,0,0,0,9,0,6,0,0,0,0,0,0,0,0,31,5,16,0,6,0,4,0,22,13,9,0,0,0,0,0,12,11,1,0,0,0,0,0,2015
287,13121000700,12,0,0,0,0,0,0,12,10,0,0,0,0,0,0,10,12,0,0,0,0,0,10,2,9,0,0,0,0,9,0,0,46,8,13,18,2,0,5,0,21,12,9,0,0,0,0,0,8,8,0,0,0,0,0,0,2016
288,13121000700,13,0,0,0,0,0,0,13,0,0,0,0,0,0,0,0,20,0,0,0,0,0,16,4,16,0,0,0,0,16,0,0,63,19,20,13,0,0,11,0,11,7,4,0,0,0,0,0,23,18,5,0,0,0,0,0,2017
289,13121008700,269,17,5,0,0,0,0,190,383,60,16,20,16,39,110,122,437,27,29,44,115,28,46,119,131,8,0,26,67,22,0,8,166,111,55,0,0,0,0,0,52,52,0,0,0,0,0,0,0,0,0,0,0,0,0,0,2014
290,13121008700,289,19,5,0,21,0,0,156,404,36,22,18,15,46,130,137,454,25,11,63,136,28,39,118,167,54,0,42,62,0,0,9,144,81,54,0,0,0,0,0,57,57,0,0,0,0,0,0,0,0,0,0,0,0,0,0,2015
291,13121008700,200,19,0,0,21,0,0,80,504,31,21,18,8,25,205,196,503,24,0,115,193,81,22,59,160,44,22,42,43,0,0,9,107,25,39,34,0,0,0,0,61,61,0,0,0,0,0,0,0,0,0,0,0,0,0,0,2016
292,13121008700,190,0,40,0,27,0,0,60,571,50,0,39,65,51,176,190,478,18,0,144,164,91,16,36,307,28,68,57,83,46,0,10,127,46,34,38,0,0,0,0,53,53,0,0,0,0,0,0,0,0,0,0,0,0,0,0,2017
293,13089020100,10,0,0,0,0,0,0,0,5,0,0,0,0,0,0,0,6,0,0,0,0,0,6,0,47,0,26,0,0,7,0,14,81,0,0,15,7,52,7,0,0,0,0,0,0,0,0,0,33,33,0,0,0,0,0,0,2014
294,13089020100,17,0,0,0,0,0,0,0,6,0,0,0,0,0,0,0,5,0,0,0,0,0,5,0,28,0,16,0,0,6,0,6,58,0,0,0,7,45,6,0,0,0,0,0,0,0,0,0,46,34,6,0,6,0,0,0,2015
295,13089020100,20,0,0,0,0,0,0,0,6,0,0,0,0,0,0,0,22,0,0,0,0,0,5,17,32,0,26,0,0,6,0,0,58,0,0,0,7,44,7,0,5,5,0,0,0,0,0,0,80,67,6,0,7,0,0,0,2016
296,13089020100,35,0,0,0,0,0,0,8,6,0,0,0,0,0,0,0,17,0,0,0,0,0,4,13,22,0,18,0,0,4,0,0,7,0,0,0,0,0,7,0,41,12,0,0,0,29,0,0,77,60,12,0,5,0,0,0,2017
297,13089020200,35,0,0,0,0,0,0,28,53,0,0,6,0,0,0,47,80,0,0,42,0,8,30,0,77,0,26,35,8,8,0,0,61,17,30,8,6,0,0,0,53,53,0,0,0,0,0,0,102,63,39,0,0,0,0,0,2014
298,13089020200,39,0,0,0,0,0,0,32,55,0,0,7,0,0,0,48,70,0,0,35,0,8,27,0,22,0,6,0,8,8,0,0,110,54,18,31,7,0,0,0,47,47,0,0,0,0,0,0,111,79,32,0,0,0,0,0,2015
299,13089020200,37,0,0,0,0,0,0,31,32,0,0,0,0,0,0,32,65,0,0,29,0,7,29,0,33,0,6,20,0,7,0,0,106,62,18,20,6,0,0,0,60,60,0,0,0,0,0,0,84,65,19,0,0,0,0,0,2016
300,13089020200,44,0,0,0,0,0,0,36,8,0,0,0,0,0,0,8,42,0,0,8,0,8,26,0,46,0,0,38,0,8,0,0,133,72,28,33,0,0,0,0,73,73,0,0,0,0,0,0,56,47,9,0,0,0,0,0,2017
301,13089020300,6,0,0,0,0,0,0,6,10,0,0,0,0,0,0,10,46,0,0,0,0,0,37,9,92,0,10,33,17,26,0,6,142,12,25,35,30,29,11,0,60,32,20,8,0,0,0,0,126,113,13,0,0,0,0,0,2014
302,13089020300,57,0,0,0,0,0,0,35,11,0,0,0,0,0,0,11,69,0,0,26,0,0,43,0,97,0,9,33,19,30,0,6,102,0,36,24,0,33,9,0,75,27,19,10,19,0,0,0,117,117,0,0,0,0,0,0,2015
303,13089020300,53,0,0,0,0,0,0,31,0,0,0,0,0,0,0,0,34,0,0,24,0,0,10,0,97,0,9,29,25,28,0,6,116,21,26,23,0,30,8,8,72,25,17,11,19,0,0,0,107,98,9,0,0,0,0,0,2016
304,13089020300,56,0,0,0,0,0,0,33,0,0,0,0,0,0,0,0,34,0,0,26,0,0,8,0,102,0,10,38,19,28,0,7,100,24,0,27,0,33,8,8,48,10,18,0,20,0,0,0,128,128,0,0,0,0,0,0,2017
305,13121006802,290,12,0,0,8,0,0,101,57,7,0,26,0,9,0,0,21,0,0,7,0,0,0,7,23,11,12,0,0,0,0,0,24,24,0,0,0,0,0,0,0,0,0,0,0,0,0,0,0,0,0,0,0,0,0,0,2014
306,13121006802,308,21,0,0,7,0,6,100,39,6,0,22,0,11,0,0,16,0,0,5,0,0,0,5,23,7,16,0,0,0,0,0,20,20,0,0,0,0,0,0,0,0,0,0,0,0,0,0,0,0,0,0,0,0,0,0,2015
307,13121006802,300,33,0,0,8,0,9,108,45,5,0,24,0,5,5,6,23,0,0,7,0,0,0,5,31,11,16,4,0,0,0,0,9,9,0,0,0,0,0,0,0,0,0,0,0,0,0,0,0,0,0,0,0,0,0,0,2016
308,13121006802,259,33,0,5,10,0,10,77,86,8,0,22,0,8,14,34,47,13,13,7,0,0,7,0,37,12,22,3,0,0,0,0,10,10,0,0,0,0,0,0,0,0,0,0,0,0,0,0,14,14,0,0,0,0,0,0,2017
309,13121006900,62,0,0,0,0,0,0,50,148,0,0,0,0,0,0,121,111,0,0,15,23,32,20,21,53,0,34,0,19,0,0,0,93,50,6,29,8,0,0,0,77,51,11,0,0,0,0,0,18,18,0,0,0,0,0,0,2014
310,13121006900,35,0,0,0,0,0,0,19,129,0,0,0,0,0,0,103,115,0,0,39,20,29,12,15,103,20,14,36,17,0,16,0,125,64,28,25,8,0,0,0,55,35,9,0,0,0,0,0,33,33,0,0,0,0,0,0,2015
311,13121006900,38,0,0,0,0,0,0,0,112,0,0,0,0,0,0,86,115,0,0,26,20,26,27,16,140,18,39,44,28,0,11,0,95,62,27,0,6,0,0,0,75,51,9,0,0,0,0,0,51,30,0,21,0,0,0,0,2016
312,13121006900,27,0,0,0,0,0,0,0,32,0,0,0,0,0,0,28,129,0,0,25,20,23,47,14,126,26,23,45,16,0,16,0,123,52,53,0,18,0,0,0,96,56,26,0,0,0,0,0,58,33,0,25,0,0,0,0,2017
313,13121007001,262,0,0,0,0,0,0,146,149,0,0,0,0,0,0,130,163,0,0,36,47,0,36,44,84,16,10,49,9,0,0,0,69,29,14,26,0,0,0,0,8,8,0,0,0,0,0,0,19,19,0,0,0,0,0,0,2014
314,13121007001,255,0,0,0,0,0,0,126,204,0,0,0,0,8,0,167,156,0,0,32,58,0,8,58,119,33,22,47,8,9,0,0,46,0,20,26,0,0,0,0,4,4,0,0,0,0,0,0,13,13,0,0,0,0,0,0,2015
315,13121007001,301,0,0,0,21,7,0,152,189,0,0,0,0,11,0,157,133,0,0,32,57,7,9,28,113,34,9,31,30,9,0,0,65,0,19,46,0,0,0,0,4,4,0,0,0,0,0,0,12,12,0,0,0,0,0,0,2016
316,13121007001,192,0,0,0,21,5,0,123,179,0,0,0,0,11,0,146,222,0,0,44,64,29,41,44,137,67,11,16,36,7,0,0,78,0,20,47,0,11,0,0,16,16,0,0,0,0,0,0,11,11,0,0,0,0,0,0,2017
317,13121007602,117,4,0,0,0,0,0,108,89,4,0,6,8,0,0,65,154,0,11,8,21,19,22,73,116,0,14,90,0,12,0,0,66,52,14,0,0,0,0,0,11,11,0,0,0,0,0,0,9,0,0,0,0,0,0,0,2014
318,13121007602,157,5,0,12,0,0,0,115,64,4,0,6,8,0,0,41,191,14,0,8,20,16,64,69,129,0,22,93,0,11,3,0,28,15,13,0,0,0,0,0,12,12,0,0,0,0,0,0,9,0,0,0,0,0,0,0,2015
319,13121007602,120,7,12,12,0,0,0,61,118,5,0,8,9,0,0,70,161,12,0,5,6,19,71,48,99,0,31,59,5,0,4,0,25,14,11,0,0,0,0,0,0,0,0,0,0,0,0,0,15,0,0,0,0,0,0,0,2016
320,13121007602,111,7,13,12,0,0,0,51,136,5,0,14,6,0,4,87,154,13,0,0,0,39,54,48,87,0,30,48,4,0,5,0,33,8,25,0,0,0,0,0,0,0,0,0,0,0,0,0,18,0,0,0,0,0,0,0,2017
321,13121007802,172,0,0,0,0,10,0,74,219,25,13,25,13,0,53,80,427,0,47,12,50,160,55,103,200,0,40,47,50,53,0,0,83,14,69,0,0,0,0,0,117,104,0,0,13,0,0,0,0,0,0,0,0,0,0,0,2014
322,13121007802,171,0,0,0,0,10,14,68,246,13,13,9,13,0,60,129,358,0,36,14,75,123,28,82,221,0,53,87,54,16,0,0,150,65,85,0,0,0,0,0,134,119,0,0,15,0,0,0,13,0,0,0,0,0,0,0,2015
323,13121007802,194,0,0,0,0,0,16,108,327,31,56,9,14,14,38,155,378,0,0,0,78,137,84,64,197,0,27,84,54,0,0,32,203,74,15,0,100,0,0,0,105,89,0,0,16,0,0,0,15,0,0,0,0,0,0,0,2016
324,13121007802,162,0,0,0,0,0,14,70,300,16,57,70,14,14,31,84,365,0,0,0,74,126,118,36,235,0,27,108,60,0,0,40,222,75,45,0,42,41,0,0,123,108,0,0,15,0,0,0,16,0,0,0,0,0,0,0,2017
325,13121002300,83,9,0,0,0,0,0,59,85,0,0,2,0,24,10,44,124,0,16,7,0,8,41,52,45,0,0,30,7,8,0,0,15,0,4,11,0,0,0,0,0,0,0,0,0,0,0,0,17,17,0,0,0,0,0,0,2014
326,13121002300,87,11,0,0,0,0,0,63,79,0,0,3,0,4,21,46,125,0,23,5,0,9,39,49,51,11,0,24,4,12,0,0,17,0,5,12,0,0,0,0,0,0,0,0,0,0,0,0,19,19,0,0,0,0,0,0,2015
327,13121002300,77,11,0,0,0,0,0,40,76,0,0,0,0,0,37,34,120,0,28,7,4,9,38,34,53,11,0,29,2,11,0,0,20,0,5,15,0,0,0,0,0,0,0,0,0,0,0,0,13,13,0,0,0,0,0,0,2016
328,13121002300,74,14,0,0,0,0,0,41,87,0,0,0,0,0,35,52,106,0,20,0,5,10,37,34,80,21,10,36,0,13,0,0,33,7,15,11,0,0,0,0,0,0,0,0,0,0,0,0,7,7,0,0,0,0,0,0,2017
329,13121002100,167,0,0,16,0,0,3,116,82,0,9,18,5,0,15,35,167,0,0,5,27,81,9,45,82,0,24,0,18,28,5,7,67,21,9,5,0,0,0,32,13,13,0,0,0,0,0,0,10,10,0,0,0,0,0,0,2014
330,13121002100,154,0,0,0,0,5,5,108,116,0,0,12,8,15,10,71,151,0,7,6,27,73,7,31,109,5,27,15,17,31,5,9,44,22,13,9,0,0,0,0,30,15,15,0,0,0,0,0,12,12,0,0,0,0,0,0,2015
331,13121002100,139,0,0,0,0,5,5,93,115,0,0,7,12,38,9,49,121,0,6,6,4,63,10,32,95,5,26,21,0,31,5,7,59,14,15,30,0,0,0,0,43,14,29,0,0,0,0,0,10,10,0,0,0,0,0,0,2016
332,13121002100,111,0,0,0,0,5,4,102,94,0,0,3,15,25,13,38,79,0,16,7,3,30,0,23,69,6,0,18,15,21,5,4,83,16,27,33,0,0,7,0,64,0,40,24,0,0,0,0,11,11,0,0,0,0,0,0,2017
333,13121007806,137,26,0,0,0,0,17,60,391,0,0,0,45,52,0,282,374,0,48,0,114,30,69,113,70,10,12,12,0,36,0,0,189,65,75,0,49,0,0,0,0,0,0,0,0,0,0,0,0,0,0,0,0,0,0,0,2014
334,13121007806,149,22,0,15,0,0,13,64,394,0,0,17,44,42,0,275,371,0,49,59,83,26,49,105,194,12,86,78,0,18,0,0,124,85,39,0,0,0,0,0,0,0,0,0,0,0,0,0,0,0,0,0,0,0,0,0,2015
335,13121007806,127,13,0,16,0,0,17,56,410,0,0,17,68,52,48,202,384,0,21,82,75,33,47,126,297,0,57,154,33,53,0,0,118,79,39,0,0,0,0,0,0,0,0,0,0,0,0,0,0,0,0,0,0,0,0,0,2016
336,13121007806,165,16,14,23,0,0,15,60,184,0,0,18,40,0,56,70,384,0,25,75,63,62,17,142,286,0,75,107,72,32,0,0,89,20,0,69,0,0,0,0,0,0,0,0,0,0,0,0,0,0,0,0,0,0,0,0,2017
337,13121007805,175,8,26,0,0,0,0,141,150,0,0,14,0,0,6,130,168,0,8,43,21,0,52,44,98,8,17,10,63,0,0,0,60,41,19,0,0,0,0,0,9,9,0,0,0,0,0,0,38,26,12,0,0,0,0,0,2014
338,13121007805,103,8,20,0,0,0,0,75,150,0,0,15,0,0,7,121,257,0,8,44,59,7,56,83,96,18,14,18,46,0,0,0,61,32,22,7,0,0,0,0,7,7,0,0,0,0,0,0,45,35,10,0,0,0,0,0,2015
339,13121007805,146,7,26,0,0,0,0,82,173,22,0,13,0,0,0,131,306,19,5,62,63,28,24,105,40,0,12,0,12,0,16,0,59,31,20,8,0,0,0,0,9,9,0,0,0,0,0,0,0,0,0,0,0,0,0,0,2016
340,13121007805,126,7,27,0,0,0,0,68,162,24,45,6,0,7,7,65,283,22,5,42,49,26,33,106,117,23,47,0,11,0,36,0,54,23,22,9,0,0,0,0,23,23,0,0,0,0,0,0,18,0,0,0,0,0,0,0,2017
341,13121002800,416,6,0,64,69,23,11,146,159,20,5,35,12,0,43,44,165,15,19,0,32,6,55,38,72,16,36,9,5,6,0,0,170,25,113,13,12,7,0,0,93,74,19,0,0,0,0,0,39,39,0,0,0,0,0,0,2014
342,13121002800,378,9,0,34,55,18,15,184,164,24,5,21,9,0,26,79,162,13,7,13,37,12,29,51,61,9,31,9,7,5,0,0,179,28,99,23,16,6,7,0,96,69,27,0,0,0,0,0,80,68,12,0,0,0,0,0,2015
343,13121002800,391,27,16,44,69,0,14,143,179,9,3,20,11,0,25,111,179,30,0,16,38,12,35,48,70,7,28,9,12,5,4,5,171,29,85,35,9,6,7,0,78,69,9,0,0,0,0,0,110,76,18,16,0,0,0,0,2016
344,13121002800,330,22,14,36,64,0,10,126,179,9,3,12,10,0,10,135,248,26,0,14,43,4,42,119,92,0,27,9,14,18,19,5,170,18,76,53,17,0,6,0,69,54,15,0,0,0,0,0,156,120,18,18,0,0,0,0,2017
345,13121002600,94,0,11,0,0,0,0,71,75,0,0,14,0,0,12,49,113,0,0,0,22,60,13,18,102,0,17,62,0,13,10,0,8,0,5,0,0,0,0,0,7,7,0,0,0,0,0,0,30,0,0,0,0,0,0,0,2014
346,13121002600,88,4,10,0,0,0,0,65,79,0,0,14,0,8,16,41,131,0,0,0,22,62,29,18,90,0,29,36,0,12,13,0,31,19,8,0,0,0,0,0,12,7,0,0,0,0,0,0,32,0,0,0,0,0,0,0,2015
347,13121002600,92,13,10,0,0,0,0,58,110,0,0,12,0,6,11,81,138,0,0,8,36,24,35,35,78,0,15,34,15,0,14,0,46,21,20,0,0,0,0,0,13,6,0,0,0,0,0,0,16,16,0,0,0,0,0,0,2016
348,13121002600,125,13,12,0,0,0,0,86,93,0,0,7,0,0,10,76,144,0,0,10,24,37,31,42,81,0,17,20,30,0,14,0,52,27,19,0,0,0,0,0,12,6,0,0,0,0,0,0,28,28,0,0,0,0,0,0,2017
349,13121003000,39,0,0,0,0,0,0,32,71,0,0,0,0,0,0,71,118,0,0,9,7,0,78,24,149,0,10,61,9,8,16,0,139,14,65,55,0,5,0,0,135,103,5,27,0,0,0,0,117,99,6,12,0,0,0,0,2014
350,13121003000,40,0,0,0,0,0,0,32,68,0,0,0,0,0,0,68,124,0,0,8,9,0,70,37,158,0,10,80,9,17,16,0,172,0,92,51,0,29,0,0,160,116,10,34,0,0,0,0,130,114,5,11,0,0,0,0,2015
351,13121003000,15,0,0,0,0,0,0,6,48,0,0,0,0,0,0,36,136,0,0,0,10,0,74,52,169,0,12,86,0,21,22,8,186,30,84,28,0,44,0,0,215,163,23,29,0,0,0,0,100,73,7,8,0,0,0,0,2016
352,13121003000,16,0,0,0,0,0,0,7,50,0,0,0,0,0,0,39,118,0,0,0,13,0,59,46,137,0,0,58,7,10,31,9,210,19,78,54,18,41,0,0,138,75,29,25,9,0,0,0,219,173,15,20,0,0,0,0,2017
353,13121002400,100,0,0,0,0,0,0,88,122,0,0,0,0,0,0,114,90,0,0,6,15,6,41,22,81,14,34,15,0,15,3,0,21,0,13,8,0,0,0,0,32,0,32,0,0,0,0,0,6,6,0,0,0,0,0,0,2014
354,13121002400,100,0,0,0,0,0,0,72,102,0,0,0,0,0,0,102,122,0,0,20,16,6,52,28,91,20,36,15,0,14,6,0,49,27,16,6,0,0,0,0,14,14,0,0,0,0,0,0,20,20,0,0,0,0,0,0,2015
355,13121002400,111,0,0,0,0,0,0,82,117,0,0,0,0,0,0,117,112,0,0,31,16,21,27,17,93,14,39,18,0,18,4,0,62,30,23,9,0,0,0,0,19,14,5,0,0,0,0,0,14,14,0,0,0,0,0,0,2016
356,13121002400,121,0,0,0,0,0,0,89,95,0,0,0,0,0,6,83,98,0,0,23,26,15,15,19,97,10,22,25,13,22,5,0,64,15,22,8,19,0,0,0,37,32,5,0,0,0,0,0,30,30,0,0,0,0,0,0,2017
357,13121003200,8,0,0,0,0,0,0,8,91,0,0,0,0,0,20,71,193,0,0,23,31,20,37,82,79,0,22,9,23,0,25,0,115,45,19,28,23,0,0,0,73,66,7,0,0,0,0,0,85,85,0,0,0,0,0,0,2014
358,13121003200,7,0,0,0,0,0,0,7,62,0,0,0,0,0,0,62,148,0,0,0,30,18,45,55,78,0,22,8,31,0,17,0,112,41,8,26,25,12,0,0,87,80,7,0,0,0,0,0,74,65,9,0,0,0,0,0,2015
359,13121003200,0,0,0,0,0,0,0,0,43,0,0,0,0,0,0,43,121,0,0,0,0,28,40,53,70,0,23,7,19,0,21,0,112,28,8,34,27,8,7,0,31,13,18,0,0,0,0,0,90,75,15,0,0,0,0,0,2016
360,13121003200,0,0,0,0,0,0,0,0,25,0,0,0,0,0,0,25,66,0,0,0,0,24,10,32,68,0,16,6,27,0,19,0,66,6,0,32,14,7,7,0,49,21,22,0,6,0,0,0,102,80,13,9,0,0,0,0,2017
361,13121003100,58,0,0,0,0,0,0,58,106,0,0,0,0,9,13,84,78,0,0,0,16,44,13,5,51,0,37,0,14,0,0,0,72,58,5,9,0,0,0,0,17,7,4,6,0,0,0,0,19,19,0,0,0,0,0,0,2014
362,13121003100,69,0,0,0,0,0,0,69,107,0,0,0,0,11,12,84,75,0,0,0,7,61,3,4,42,0,32,5,5,0,0,0,46,24,5,12,5,0,0,0,39,27,5,7,0,0,0,0,36,36,0,0,0,0,0,0,2015
363,13121003100,40,0,0,0,0,0,0,40,105,0,0,0,0,9,13,83,114,0,0,0,7,69,17,21,72,13,27,4,5,13,10,0,53,24,4,4,5,16,0,0,41,25,5,7,4,0,0,0,39,39,0,0,0,0,0,0,2016
364,13121003100,13,0,0,0,0,0,0,13,86,0,0,0,0,5,15,66,158,0,36,0,6,72,17,27,76,15,18,4,5,20,14,0,61,28,13,4,3,13,0,0,48,18,4,17,4,0,5,0,49,49,0,0,0,0,0,0,2017
365,13121003500,53,0,0,0,0,0,0,40,27,0,0,0,0,0,8,19,102,0,0,0,0,22,32,48,23,0,0,10,8,5,0,0,126,16,36,68,6,0,0,0,66,48,18,0,0,0,0,0,22,22,0,0,0,0,0,0,2014
366,13121003500,57,0,0,0,0,0,0,44,47,0,0,0,0,0,10,37,79,0,0,0,0,21,25,33,26,0,0,9,9,8,0,0,106,15,42,46,3,0,0,0,32,11,17,4,0,0,0,0,32,25,0,0,0,0,0,0,2015
367,13121003500,62,0,0,0,0,0,0,42,57,0,0,0,0,0,10,47,50,0,0,0,0,0,25,25,23,0,0,9,6,8,0,0,104,17,32,55,0,0,0,0,60,18,32,4,6,0,0,0,45,35,0,0,0,0,0,0,2016
368,13121003500,44,0,0,0,0,0,0,32,60,0,0,0,0,0,0,60,32,0,0,0,0,0,8,24,37,0,0,8,6,23,0,0,75,19,30,26,0,0,0,0,36,10,16,4,6,0,0,0,51,43,0,0,0,0,0,0,2017
369,13121003800,88,0,0,0,0,0,0,52,0,0,0,0,0,0,0,0,30,0,0,10,8,0,6,6,25,4,13,8,0,0,0,0,23,8,0,15,0,0,0,0,12,0,0,0,12,0,0,0,0,0,0,0,0,0,0,0,2014
370,13121003800,81,0,0,0,0,0,0,40,13,0,0,0,0,0,0,0,37,0,0,18,7,0,6,6,16,4,4,8,0,0,0,0,17,0,0,17,0,0,0,0,14,0,0,0,14,0,0,0,0,0,0,0,0,0,0,0,2015
371,13121003800,56,0,0,0,0,0,0,28,19,0,0,0,0,0,0,0,33,0,0,18,7,0,5,0,30,16,7,7,0,0,0,0,19,0,0,19,0,0,0,0,0,0,0,0,0,0,0,0,0,0,0,0,0,0,0,0,2016
372,13121003800,47,0,0,0,0,0,0,37,7,0,0,0,0,0,0,4,37,0,0,12,8,0,0,0,22,15,7,0,0,0,0,0,33,10,0,23,0,0,0,0,0,0,0,0,0,0,0,0,0,0,0,0,0,0,0,0,2017
373,13121007808,597,9,20,14,62,0,5,263,242,30,11,0,15,0,41,106,203,14,8,26,47,32,42,18,131,88,27,16,0,0,0,0,26,9,17,0,0,0,0,0,3,3,0,0,0,0,0,0,18,18,0,0,0,0,0,0,2014
374,13121007808,577,0,16,13,44,0,19,280,315,30,11,18,8,0,61,152,196,30,7,16,43,19,50,19,120,68,21,31,0,0,0,0,35,35,0,0,0,0,0,0,5,5,0,0,0,0,0,0,6,6,0,0,0,0,0,0,2015
375,13121007808,605,0,17,15,58,0,41,223,370,47,11,17,8,0,55,215,159,17,0,0,59,8,55,20,87,48,23,16,0,0,0,0,74,74,0,0,0,0,0,0,8,8,0,0,0,0,0,0,29,29,0,0,0,0,0,0,2016
376,13121007808,552,0,29,16,47,0,37,191,405,56,0,13,8,0,56,262,153,35,0,5,71,0,22,20,46,26,5,15,0,0,0,0,119,111,0,0,0,0,0,0,9,9,0,0,0,0,0,0,29,29,0,0,0,0,0,0,2017
377,13121008000,83,0,0,0,0,0,0,48,179,0,0,0,0,0,0,153,159,14,0,0,0,8,37,91,36,0,27,0,9,0,0,0,116,66,24,26,0,0,0,0,57,40,17,0,0,0,0,0,57,48,9,0,0,0,0,0,2014
378,13121008000,120,0,0,0,0,0,0,66,161,0,0,0,0,0,0,132,138,15,0,0,0,8,38,59,18,0,0,0,9,0,9,0,138,72,34,32,0,0,0,0,76,51,25,0,0,0,0,0,60,51,9,0,0,0,0,0,2015
379,13121008000,109,0,0,0,0,0,0,59,151,0,0,0,0,0,0,111,116,17,0,0,22,18,0,38,61,0,21,23,8,0,9,0,159,92,34,33,0,0,0,0,91,56,24,0,0,0,0,0,61,50,11,0,0,0,0,0,2016
380,13121008000,124,0,0,0,0,0,0,80,153,0,0,0,0,0,0,148,128,17,0,0,20,10,0,51,54,0,23,23,0,0,8,0,177,96,47,34,0,0,0,0,94,56,19,10,0,0,0,0,42,32,10,0,0,0,0,0,2017
381,13121007807,197,9,0,0,0,0,16,107,158,0,0,7,0,0,56,85,101,55,0,0,12,0,22,12,42,11,0,10,9,0,12,0,0,0,0,0,0,0,0,0,21,21,0,0,0,0,0,0,0,0,0,0,0,0,0,0,2014
382,13121007807,181,10,0,0,0,0,0,100,136,0,0,7,0,0,35,83,130,56,0,0,11,8,45,10,96,19,34,20,11,0,12,0,0,0,0,0,0,0,0,0,49,49,0,0,0,0,0,0,0,0,0,0,0,0,0,0,2015
383,13121007807,248,11,0,0,0,0,0,163,154,0,0,7,28,0,32,87,135,69,0,0,5,8,34,14,96,7,38,20,19,0,12,0,0,0,0,0,0,0,0,0,51,51,0,0,0,0,0,0,0,0,0,0,0,0,0,0,2016
384,13121007807,252,12,0,0,0,28,0,162,148,10,0,19,19,0,31,60,119,74,0,0,6,11,11,0,102,6,36,21,20,0,19,0,12,0,12,0,0,0,0,0,48,48,0,0,0,0,0,0,0,0,0,0,0,0,0,0,2017
385,13121007900,0,0,0,0,0,0,0,0,57,0,0,0,0,0,0,57,120,0,0,0,0,0,43,77,108,48,0,0,55,0,0,0,91,17,20,19,35,0,0,0,125,20,105,0,0,0,0,0,0,0,0,0,0,0,0,0,2014
386,13121007900,18,0,0,0,0,0,0,18,55,0,0,0,0,0,0,55,99,0,0,0,0,66,33,0,100,47,0,0,30,0,0,0,115,18,12,0,13,72,0,0,109,19,90,0,0,0,0,0,58,0,58,0,0,0,0,0,2015
387,13121007900,43,0,0,0,0,0,0,43,77,0,0,0,0,0,0,77,90,0,0,0,0,63,27,0,56,0,0,0,30,0,0,0,135,16,10,0,0,97,0,0,135,38,97,0,0,0,0,0,64,14,50,0,0,0,0,0,2016
388,13121007900,60,0,0,0,0,0,0,60,95,0,0,22,0,0,0,73,93,0,0,39,0,54,0,0,56,0,0,0,21,0,0,0,246,89,12,0,10,124,0,0,138,29,109,0,0,0,0,0,110,62,48,0,0,0,0,0,2017
389,13121008201,212,13,0,0,0,19,0,70,353,0,12,21,0,10,104,206,288,0,0,48,112,5,58,65,97,0,0,67,0,21,0,0,63,50,0,0,0,0,0,0,67,67,0,0,0,0,0,0,0,0,0,0,0,0,0,0,2014
390,13121008201,254,15,0,0,0,21,0,103,322,13,13,14,0,12,76,194,344,0,0,51,144,0,98,51,115,0,0,69,0,37,0,0,165,58,80,16,0,0,0,0,0,0,0,0,0,0,0,0,0,0,0,0,0,0,0,0,2015
391,13121008201,224,17,0,0,0,25,0,67,268,13,13,15,0,14,74,139,268,0,0,59,110,0,73,26,152,0,0,97,0,45,0,0,160,5,56,87,0,0,0,0,26,26,0,0,0,0,0,0,30,30,0,0,0,0,0,0,2016
392,13121008201,144,16,0,0,0,0,0,89,309,30,15,0,0,17,48,199,260,0,0,59,82,0,103,16,277,0,47,107,0,109,0,0,97,0,43,42,0,0,0,0,38,31,0,7,0,0,0,0,13,13,0,0,0,0,0,0,2017
393,13121008102,483,0,33,15,41,14,0,232,511,45,11,34,0,60,38,304,321,34,10,10,152,48,67,0,307,0,138,38,80,51,0,0,84,42,42,0,0,0,0,0,44,44,0,0,0,0,0,0,0,0,0,0,0,0,0,0,2014
394,13121008102,527,0,26,25,41,16,34,267,592,56,42,34,0,55,51,334,276,35,40,0,66,66,69,0,182,0,99,37,0,46,0,0,191,104,87,0,0,0,0,0,46,46,0,0,0,0,0,0,0,0,0,0,0,0,0,0,2015
395,13121008102,460,0,33,26,28,15,39,208,639,49,34,35,40,62,28,361,441,56,72,14,60,41,162,36,217,0,88,53,14,62,0,0,172,93,79,0,0,0,0,0,30,30,0,0,0,0,0,0,0,0,0,0,0,0,0,0,2016
396,13121008102,363,0,28,30,16,0,39,196,576,15,69,35,39,0,16,402,616,63,77,22,119,106,175,54,163,0,0,72,15,76,0,0,225,148,77,0,0,0,0,0,47,47,0,0,0,0,0,0,10,10,0,0,0,0,0,0,2017
397,13121004800,242,17,0,21,5,14,15,122,114,0,31,12,0,5,0,51,110,8,19,14,6,19,16,28,33,0,19,8,6,0,0,0,24,18,0,6,0,0,0,0,19,19,0,0,0,0,0,0,7,7,0,0,0,0,0,0,2014
398,13121004800,189,19,0,11,4,19,18,90,123,0,16,29,0,4,0,48,113,6,3,12,5,29,22,31,65,0,32,6,17,0,10,0,38,33,0,5,0,0,0,0,32,32,0,0,0,0,0,0,12,12,0,0,0,0,0,0,2015
399,13121004800,175,14,11,9,4,14,11,77,145,4,5,30,0,9,0,69,83,0,0,16,6,19,12,25,100,18,31,5,26,0,20,0,27,22,0,5,0,0,0,0,35,35,0,0,0,0,0,0,15,15,0,0,0,0,0,0,2016
400,13121004800,194,23,26,5,5,15,5,77,131,5,0,25,6,5,0,61,77,5,0,5,0,12,13,38,111,17,34,20,23,0,17,0,29,24,0,5,0,0,0,0,7,0,7,0,0,0,0,0,10,10,0,0,0,0,0,0,2017
401,13121005000,17,0,0,0,0,0,0,12,36,0,0,0,0,0,0,36,90,0,0,23,0,15,28,24,62,0,22,0,27,0,13,0,73,21,30,4,0,0,18,0,46,33,0,13,0,0,0,0,28,28,0,0,0,0,0,0,2014
402,13121005000,19,0,0,0,0,0,0,13,44,0,0,0,0,0,0,44,80,0,0,12,0,16,29,23,67,0,21,4,28,0,14,0,80,12,42,11,0,0,15,0,63,24,18,21,0,0,0,0,24,19,5,0,0,0,0,0,2015
403,13121005000,19,0,0,0,0,0,0,13,36,0,0,0,0,0,0,36,104,0,0,14,0,31,31,28,66,6,6,6,11,15,22,0,84,9,50,11,0,0,14,0,45,10,16,19,0,0,0,0,19,19,0,0,0,0,0,0,2016
404,13121005000,6,0,0,0,0,0,0,0,17,0,0,0,0,0,0,17,98,0,0,15,0,34,34,15,55,0,0,13,15,19,8,0,59,11,38,10,0,0,0,0,35,7,20,8,0,0,0,0,50,46,0,4,0,0,0,0,2017
405,13121003900,128,0,0,0,0,0,0,114,63,0,0,0,0,20,0,43,31,0,4,0,19,0,0,8,75,11,21,0,16,9,18,0,10,0,0,0,0,0,0,0,18,8,10,0,0,0,0,0,6,6,0,0,0,0,0,0,2014
406,13121003900,123,0,0,0,0,0,0,102,65,0,10,0,0,0,0,55,52,0,4,0,29,0,11,8,83,12,26,0,27,0,12,0,9,0,0,0,0,0,0,0,37,27,10,0,0,0,0,0,6,6,0,0,0,0,0,0,2015
407,13121003900,107,0,0,0,0,0,0,98,91,0,11,0,0,0,0,71,57,0,0,0,30,0,19,8,125,18,36,0,36,0,15,9,19,0,0,0,12,0,0,0,36,26,10,0,0,0,0,0,5,5,0,0,0,0,0,0,2016
408,13121003900,93,0,0,0,0,0,0,81,83,0,14,0,0,0,0,59,78,0,0,0,11,11,32,24,176,20,29,44,33,0,29,6,49,0,0,14,21,0,0,0,35,24,11,0,0,0,0,0,0,0,0,0,0,0,0,0,2017
409,13121004100,95,0,0,0,0,0,0,89,163,0,0,0,0,0,29,134,96,0,5,5,17,0,30,39,66,0,28,0,14,6,14,0,73,3,59,5,6,0,0,0,16,8,0,8,0,0,0,0,0,0,0,0,0,0,0,0,2014
410,13121004100,91,0,0,0,0,0,0,85,128,0,0,0,0,0,0,122,120,7,7,14,19,0,27,46,71,0,22,0,16,7,19,0,51,10,13,21,7,0,0,0,22,14,0,8,0,0,0,0,0,0,0,0,0,0,0,0,2015
411,13121004100,99,0,0,0,0,0,0,94,110,0,0,0,0,0,0,104,89,6,0,6,18,0,14,45,100,6,31,5,29,0,22,0,50,0,12,31,7,0,0,0,20,8,0,12,0,0,0,0,7,7,0,0,0,0,0,0,2016
412,13121004100,55,0,0,0,0,0,0,50,83,0,0,0,0,0,0,78,86,7,0,6,19,0,0,44,117,7,50,6,30,0,6,18,62,7,12,36,7,0,0,0,36,8,14,14,0,0,0,0,8,8,0,0,0,0,0,0,2017
413,13121004900,149,0,33,16,0,13,0,51,92,11,8,49,0,0,0,24,85,4,0,36,14,9,9,13,41,8,3,0,20,0,10,0,53,0,0,6,13,9,25,0,24,8,9,0,7,0,0,0,4,4,0,0,0,0,0,0,2014
414,13121004900,57,0,27,17,0,0,0,7,115,21,8,60,0,0,0,26,94,5,0,43,0,14,12,20,53,14,4,0,25,0,10,0,59,0,0,18,13,10,18,0,19,9,10,0,0,0,0,0,10,10,0,0,0,0,0,0,2015
415,13121004900,18,0,0,11,0,0,0,7,164,12,11,66,0,0,0,75,109,0,0,45,0,14,10,40,48,0,7,0,13,0,28,0,45,0,0,10,0,11,24,0,26,14,12,0,0,0,0,0,24,24,0,0,0,0,0,0,2016
416,13121004900,27,0,0,20,0,0,0,7,100,10,11,36,0,0,0,43,120,0,0,44,0,11,9,56,19,0,0,0,10,0,9,0,22,0,0,22,0,0,0,0,48,17,20,0,0,11,0,0,18,18,0,0,0,0,0,0,2017
417,13121004000,134,0,5,0,0,4,0,104,55,0,0,0,0,0,3,52,77,0,0,12,0,0,39,26,54,0,0,30,0,15,0,0,41,19,0,13,5,4,0,0,0,0,0,0,0,0,0,0,3,3,0,0,0,0,0,0,2014
418,13121004000,125,0,6,0,0,6,0,76,57,0,0,0,0,0,4,53,75,0,0,11,5,0,45,14,83,0,12,48,0,15,0,0,58,35,0,13,4,6,0,0,17,17,0,0,0,0,0,0,7,7,0,0,0,0,0,0,2015
419,13121004000,154,0,6,0,0,6,0,96,74,0,0,0,0,0,0,72,90,0,0,10,10,7,53,10,98,5,11,51,15,16,0,0,59,37,0,14,3,5,0,0,18,18,0,0,0,0,0,0,9,9,0,0,0,0,0,0,2016
420,13121004000,189,0,19,0,0,5,0,123,70,0,5,0,0,0,0,60,120,0,0,20,11,17,54,18,101,5,13,54,14,15,0,0,62,32,0,24,6,0,0,0,14,14,0,0,0,0,0,0,15,15,0,0,0,0,0,0,2017
421,13121004400,245,9,0,49,22,41,9,33,263,46,43,21,49,0,6,98,230,49,20,13,0,32,59,43,59,0,10,0,35,0,5,0,53,30,23,0,0,0,0,0,14,14,0,0,0,0,0,0,21,21,0,0,0,0,0,0,2014
422,13121004400,246,8,0,11,8,40,41,36,301,46,39,18,76,0,4,118,249,50,18,24,0,60,35,62,99,0,11,0,38,39,5,0,58,35,23,0,0,0,0,0,12,12,0,0,0,0,0,0,23,23,0,0,0,0,0,0,2015
423,13121004400,237,24,0,0,13,38,42,70,309,37,36,3,76,14,5,138,316,62,23,42,0,74,70,45,90,0,0,0,38,42,5,0,55,37,8,10,0,0,0,0,20,20,0,0,0,0,0,0,23,23,0,0,0,0,0,0,2016
424,13121004400,243,12,0,0,0,36,39,80,346,112,28,14,69,13,4,106,327,70,0,37,0,117,63,40,103,0,0,0,53,47,0,0,29,14,4,11,0,0,0,0,16,16,0,0,0,0,0,0,16,16,0,0,0,0,0,0,2017
425,13121005300,29,0,0,0,0,0,0,0,64,0,0,0,0,0,0,43,50,0,0,0,0,0,27,23,41,0,0,23,0,0,10,0,83,23,22,14,7,9,8,0,27,13,14,0,0,0,0,0,226,162,55,9,0,0,0,0,2014
426,13121005300,52,0,0,0,0,0,0,0,53,0,0,0,0,0,0,24,58,0,0,0,0,0,34,24,64,0,0,64,0,0,0,0,63,0,23,12,7,13,8,0,51,40,11,0,0,0,0,0,201,150,51,0,0,0,0,0,2015
427,13121005300,46,0,0,0,0,0,0,0,56,0,0,0,0,0,0,35,66,0,0,0,0,0,38,28,62,0,18,37,0,0,7,0,83,0,29,36,7,11,0,0,24,15,9,0,0,0,0,0,134,61,73,0,0,0,0,0,2016
428,13121005300,24,0,0,0,0,0,0,0,46,0,0,0,0,0,0,26,75,0,0,0,0,0,47,28,81,0,32,34,0,0,15,0,92,0,32,37,9,14,0,0,65,40,10,15,0,0,0,0,82,35,47,0,0,0,0,0,2017
429,13121008400,220,0,0,19,8,0,9,131,370,9,25,69,9,8,11,239,170,0,9,37,11,24,66,23,151,23,43,62,0,23,0,0,55,17,11,27,0,0,0,0,0,0,0,0,0,0,0,0,0,0,0,0,0,0,0,0,2014
430,13121008400,190,0,0,10,0,0,10,138,294,10,0,51,0,7,0,217,260,10,34,49,11,27,90,39,95,24,23,23,0,25,0,0,74,38,13,23,0,0,0,0,0,0,0,0,0,0,0,0,25,25,0,0,0,0,0,0,2015
431,13121008400,263,0,0,19,0,0,0,222,242,10,0,37,13,0,10,157,289,37,23,48,10,27,92,52,92,26,21,20,0,25,0,0,18,18,0,0,0,0,0,0,21,21,0,0,0,0,0,0,23,23,0,0,0,0,0,0,2016
432,13121008400,223,0,0,9,0,0,0,204,262,9,0,46,14,0,10,141,285,36,0,29,42,38,66,56,124,0,47,53,0,0,24,0,41,41,0,0,0,0,0,0,11,11,0,0,0,0,0,0,69,69,0,0,0,0,0,0,2017
433,13121008302,76,0,0,0,0,0,0,55,97,0,0,0,0,0,0,91,63,0,0,0,0,32,24,7,31,0,0,24,0,0,7,0,58,31,27,0,0,0,0,0,17,17,0,0,0,0,0,0,0,0,0,0,0,0,0,0,2014
434,13121008302,48,0,0,0,0,0,0,48,141,0,0,0,0,0,11,125,79,0,0,0,9,47,5,18,52,0,0,42,0,0,10,0,66,40,26,0,0,0,0,0,8,8,0,0,0,0,0,0,0,0,0,0,0,0,0,0,2015
435,13121008302,50,0,0,0,0,0,0,27,99,0,0,0,0,0,13,86,90,0,0,0,8,42,13,27,30,0,0,19,0,0,11,0,41,15,26,0,0,0,0,0,8,8,0,0,0,0,0,0,0,0,0,0,0,0,0,0,2016
436,13121008302,45,0,0,0,0,0,0,20,87,0,0,0,0,0,0,87,103,0,0,0,5,33,34,31,29,0,0,20,0,0,9,0,56,30,26,0,0,0,0,0,9,9,0,0,0,0,0,0,0,0,0,0,0,0,0,0,2017
437,13121005200,165,0,0,0,0,0,0,89,0,0,0,0,0,0,0,0,72,0,0,18,0,0,0,54,58,0,0,0,23,18,17,0,113,0,69,0,29,15,0,0,50,50,0,0,0,0,0,0,221,221,0,0,0,0,0,0,2014
438,13121005200,125,0,0,0,0,0,0,66,16,0,0,0,0,0,0,16,91,0,0,16,0,0,0,75,51,0,0,0,19,13,19,0,173,0,93,64,16,0,0,0,209,143,14,52,0,0,0,0,182,182,0,0,0,0,0,0,2015
439,13121005200,116,0,0,0,0,0,0,69,38,0,0,0,0,0,0,38,60,0,0,19,21,0,0,20,115,0,0,0,20,12,83,0,182,0,105,64,13,0,0,0,239,165,15,59,0,0,0,0,232,232,0,0,0,0,0,0,2016
440,13121005200,71,0,0,0,0,0,0,22,36,0,0,0,0,0,0,36,37,0,0,0,17,0,0,20,182,0,0,17,20,10,81,54,133,0,35,68,14,16,0,0,186,131,16,39,0,0,0,0,184,163,21,0,0,0,0,0,2017
441,13121008500,78,0,0,0,0,0,0,71,147,0,0,0,0,0,0,134,169,0,0,18,0,38,28,85,74,0,18,32,17,7,0,0,112,33,42,37,0,0,0,0,20,0,0,0,7,0,0,0,16,16,0,0,0,0,0,0,2014
442,13121008500,59,0,0,0,0,0,0,52,175,0,0,0,0,0,0,168,190,0,0,8,6,35,44,91,53,0,18,16,19,0,0,0,120,32,33,45,0,0,0,0,18,0,0,0,8,0,0,0,0,0,0,0,0,0,0,0,2015
443,13121008500,31,0,0,0,0,0,0,25,186,0,0,0,0,0,0,145,175,0,0,11,6,57,23,67,54,0,19,16,19,0,0,0,157,38,36,74,0,0,0,0,10,5,0,0,0,0,0,0,0,0,0,0,0,0,0,0,2016
444,13121008500,24,0,0,0,0,0,0,24,163,0,0,0,0,0,0,125,187,0,0,12,5,42,44,72,51,0,18,16,17,0,0,0,152,40,35,68,0,0,0,0,2,2,0,0,0,0,0,0,0,0,0,0,0,0,0,0,2017
445,13121008202,125,0,0,0,0,0,0,98,101,0,0,14,0,0,0,81,151,0,29,12,18,38,39,15,74,0,0,63,0,0,0,0,12,0,0,6,0,0,0,0,0,0,0,0,0,0,0,0,0,0,0,0,0,0,0,0,2014
446,13121008202,84,0,0,0,0,0,0,60,126,0,0,13,0,0,3,93,120,0,25,11,18,35,18,13,70,0,0,62,0,0,0,0,35,20,5,5,0,0,0,0,22,22,0,0,0,0,0,0,0,0,0,0,0,0,0,0,2015
447,13121008202,50,0,0,0,0,0,0,45,158,0,0,16,0,0,0,123,142,0,32,14,16,21,28,31,68,0,0,53,15,0,0,0,36,17,6,6,0,0,0,0,15,15,0,0,0,0,0,0,0,0,0,0,0,0,0,0,2016
448,13121008202,47,0,0,0,0,0,0,42,134,0,0,0,0,0,0,121,142,0,17,9,28,22,28,38,58,14,0,31,13,0,0,0,24,18,6,0,0,0,0,0,14,14,0,0,0,0,0,0,0,0,0,0,0,0,0,0,2017
449,13121008601,319,0,0,22,0,11,57,168,291,19,0,0,35,0,80,157,273,40,30,0,19,16,121,37,67,0,24,17,16,0,0,0,113,41,56,0,8,8,0,0,13,13,0,0,0,0,0,0,14,14,0,0,0,0,0,0,2014
450,13121008601,335,0,0,23,14,8,47,183,279,16,0,0,49,0,73,122,245,37,20,0,33,15,88,39,95,0,24,28,34,0,0,0,122,42,61,0,9,10,0,0,33,16,17,0,0,0,0,0,16,16,0,0,0,0,0,0,2015
451,13121008601,348,0,0,18,13,8,44,216,282,0,0,0,54,0,93,112,222,10,23,0,37,21,74,43,93,0,15,27,41,0,0,0,102,58,36,0,8,0,0,0,20,0,20,0,0,0,0,0,13,13,0,0,0,0,0,0,2016
452,13121008601,331,0,0,28,16,7,35,229,253,0,0,0,38,0,81,108,305,14,31,0,50,26,102,68,99,0,17,25,57,0,0,0,104,63,33,8,0,0,0,0,17,0,17,0,0,0,0,0,13,13,0,0,0,0,0,0,2017
453,13121008301,143,0,0,0,0,0,0,128,113,0,0,0,0,6,20,74,136,0,0,7,22,71,0,36,85,0,0,29,36,0,20,0,97,56,9,11,0,0,0,0,6,6,0,0,0,0,0,0,8,8,0,0,0,0,0,0,2014
454,13121008301,149,0,0,0,0,0,0,135,163,0,0,0,0,6,40,103,129,0,0,0,27,60,24,18,86,0,0,22,28,19,17,0,98,67,7,0,0,0,0,0,7,7,0,0,0,0,0,0,8,8,0,0,0,0,0,0,2015
455,13121008301,103,0,0,0,0,0,0,103,139,0,0,0,0,7,12,103,155,0,16,0,58,57,24,0,77,0,0,21,27,16,13,0,114,35,45,0,0,0,0,0,6,6,0,0,0,0,0,0,7,0,0,0,0,0,0,0,2016
456,13121008301,120,0,0,0,0,0,0,106,149,0,0,0,18,0,11,90,172,0,19,0,59,71,23,0,51,0,0,22,0,16,13,0,103,35,8,0,0,0,0,0,14,7,0,0,0,0,0,0,9,0,0,0,0,0,0,0,2017
457,13121005501,192,0,0,0,0,10,20,101,200,0,0,0,0,0,33,167,110,0,10,20,34,21,7,18,61,4,17,22,14,4,0,0,90,25,45,5,8,0,0,0,11,11,0,0,0,0,0,0,0,0,0,0,0,0,0,0,2014
458,13121005501,218,0,0,0,0,10,21,122,197,0,0,0,0,0,37,160,68,0,10,0,32,0,8,18,57,4,20,13,16,4,0,0,90,25,43,7,8,0,0,0,18,13,5,0,0,0,0,0,0,0,0,0,0,0,0,0,2015
459,13121005501,201,10,0,0,0,9,10,85,198,6,0,19,0,0,14,159,45,0,12,0,13,0,0,0,74,4,6,18,27,19,0,0,76,29,39,8,0,0,0,0,7,2,5,0,0,0,0,0,0,0,0,0,0,0,0,0,2016
460,13121005501,182,15,0,0,15,0,0,79,175,9,0,24,0,0,11,131,76,0,15,0,7,0,21,6,97,20,0,20,25,26,0,0,76,34,33,9,0,0,0,0,17,12,5,0,0,0,0,0,0,0,0,0,0,0,0,0,2017
461,13121005700,154,10,10,0,4,9,0,59,184,28,5,25,14,27,44,41,125,14,21,5,37,10,20,13,48,11,19,0,10,8,0,0,39,39,0,0,0,0,0,0,40,40,0,0,0,0,0,0,0,0,0,0,0,0,0,0,2014
462,13121005700,144,11,11,0,4,9,0,52,209,34,10,26,14,34,39,52,105,5,0,5,39,10,28,15,63,11,19,11,8,14,0,0,19,19,0,0,0,0,0,0,30,30,0,0,0,0,0,0,12,12,0,0,0,0,0,0,2015
463,13121005700,141,10,11,0,5,8,0,56,208,41,15,22,18,35,30,38,114,14,5,0,33,13,28,21,86,11,15,30,18,0,0,12,35,29,6,0,0,0,0,0,21,21,0,0,0,0,0,0,16,16,0,0,0,0,0,0,2016
464,13121005700,91,11,10,0,0,0,0,43,234,31,19,28,16,35,24,71,110,15,6,15,19,4,17,34,82,0,6,35,20,11,0,10,50,32,18,0,0,0,0,0,12,12,0,0,0,0,0,0,17,17,0,0,0,0,0,0,2017
465,13121006400,44,0,0,0,0,17,0,27,45,0,0,0,0,0,8,37,78,0,12,11,18,8,0,29,27,4,0,8,10,0,5,0,45,38,0,0,0,7,0,0,6,0,0,6,0,0,0,0,11,11,0,0,0,0,0,0,2014
466,13121006400,38,0,0,0,0,20,0,18,36,0,0,0,0,0,8,28,80,0,9,10,26,21,2,12,33,12,0,9,10,0,2,0,8,0,0,0,0,8,0,0,5,0,0,5,0,0,0,0,11,11,0,0,0,0,0,0,2015
467,13121006400,33,0,0,0,0,0,0,28,36,0,0,0,0,0,7,29,60,0,0,21,13,16,1,9,38,14,2,4,15,0,3,0,10,6,0,0,0,4,0,0,6,0,0,0,0,0,0,0,30,21,0,9,0,0,0,0,2016
468,13121006400,30,0,0,0,0,0,0,20,19,0,0,0,0,0,0,19,80,0,0,9,21,23,5,22,44,13,11,11,9,0,0,0,30,13,3,0,0,14,0,0,0,0,0,0,0,0,0,0,27,20,0,0,0,0,0,0,2017
469,13121006300,144,0,0,0,0,0,0,96,95,0,0,0,0,0,9,68,80,0,10,11,23,0,12,24,27,4,0,5,5,0,0,0,43,3,8,7,0,0,0,0,15,15,0,0,0,0,0,0,0,0,0,0,0,0,0,0,2014
470,13121006300,144,0,0,0,0,0,0,93,78,0,0,0,0,0,16,44,72,0,0,12,0,6,22,32,38,5,10,5,5,0,0,0,46,6,25,9,0,0,0,0,16,16,0,0,0,0,0,0,6,6,0,0,0,0,0,0,2015
471,13121006300,142,0,0,0,0,0,0,103,58,0,0,0,0,0,13,26,79,0,0,23,0,11,23,22,44,6,10,5,5,6,0,0,66,29,26,5,0,0,0,0,6,6,0,0,0,0,0,0,6,6,0,0,0,0,0,0,2016
472,13121006300,99,0,0,0,0,0,0,84,70,0,0,0,0,0,7,34,63,0,0,24,0,12,17,10,49,18,12,7,5,7,0,0,64,24,29,5,0,0,0,0,6,6,0,0,0,0,0,0,12,12,0,0,0,0,0,0,2017
473,13121006100,139,0,0,0,0,0,0,121,138,0,0,0,0,0,6,112,123,0,0,15,0,36,26,46,115,0,9,34,20,0,52,0,15,8,7,0,0,0,0,0,18,18,0,0,0,0,0,0,25,25,0,0,0,0,0,0,2014
474,13121006100,138,0,0,0,0,0,0,119,183,0,0,0,0,0,4,130,41,0,0,15,0,0,26,0,140,0,0,34,50,0,40,16,29,16,13,0,0,0,0,0,15,15,0,0,0,0,0,0,32,32,0,0,0,0,0,0,2015
475,13121006100,196,0,0,0,0,0,0,162,176,0,0,0,0,0,4,134,79,0,14,15,0,0,28,10,109,0,0,27,50,0,18,14,91,37,36,0,11,0,0,0,15,15,0,0,0,0,0,0,42,42,0,0,0,0,0,0,2016
476,13121006100,191,0,0,0,0,0,0,147,121,0,0,0,0,0,2,86,125,0,15,16,16,0,24,43,99,0,0,27,53,0,7,12,105,32,45,0,10,0,10,0,13,13,0,0,0,0,0,0,41,41,0,0,0,0,0,0,2017
477,13121005502,295,9,10,39,11,32,10,148,357,26,32,23,64,31,54,115,164,29,23,18,55,0,31,8,74,20,23,20,11,0,0,0,118,48,70,0,0,0,0,0,12,0,12,0,0,0,0,0,0,0,0,0,0,0,0,0,2014
478,13121005502,305,6,6,31,0,7,17,182,350,19,27,20,14,28,89,143,151,8,24,15,53,0,32,19,54,5,26,13,10,0,0,0,106,42,64,0,0,0,0,0,0,0,0,0,0,0,0,0,0,0,0,0,0,0,0,0,2015
479,13121005502,324,29,0,20,0,7,16,177,230,15,15,14,0,17,75,84,151,8,23,23,58,0,22,17,66,15,34,8,9,0,0,0,90,51,39,0,0,0,0,0,0,0,0,0,0,0,0,0,0,0,0,0,0,0,0,0,2016
480,13121005502,276,25,0,23,8,8,17,130,242,14,16,8,0,15,62,117,166,8,34,35,35,0,45,9,80,6,47,17,10,0,0,0,98,51,47,0,0,0,0,0,40,40,0,0,0,0,0,0,0,0,0,0,0,0,0,0,2017
481,13121005800,93,0,0,0,0,0,0,68,121,0,0,0,0,0,15,106,81,0,16,0,18,0,0,47,0,0,0,0,0,0,0,0,35,5,0,14,16,0,0,0,38,0,7,27,0,0,0,4,0,0,0,0,0,0,0,0,2014
482,13121005800,114,0,0,0,0,0,0,74,108,0,0,0,0,0,26,82,56,0,20,0,13,13,0,10,0,0,0,0,0,0,0,0,48,5,9,19,15,0,0,0,40,0,13,24,0,0,0,3,22,22,0,0,0,0,0,0,2015
483,13121005800,88,0,0,0,0,0,0,70,63,0,0,3,0,0,25,35,85,0,22,0,14,30,12,7,16,0,0,0,0,0,16,0,50,7,12,15,16,0,0,0,43,0,15,27,0,0,0,1,23,23,0,0,0,0,0,0,2016
484,13121005800,75,0,0,0,0,0,0,57,57,0,0,5,0,0,18,34,63,0,5,11,0,28,12,7,28,0,3,0,9,0,16,0,60,0,20,17,23,0,0,0,43,0,15,26,0,0,0,2,20,20,0,0,0,0,0,0,2017
485,13121006500,91,0,0,0,0,0,0,39,39,0,0,0,0,0,0,39,89,0,0,0,0,0,59,30,56,0,8,25,14,9,0,0,51,16,0,17,0,0,9,0,12,12,0,0,0,0,0,0,47,47,0,0,0,0,0,0,2014
486,13121006500,99,0,0,0,0,0,0,42,43,0,0,0,0,0,0,43,80,0,0,0,0,0,48,32,101,0,10,28,27,28,0,0,52,17,0,26,0,0,0,0,0,0,0,0,0,0,0,0,52,52,0,0,0,0,0,0,2015
487,13121006500,212,0,0,0,0,0,0,130,71,0,0,0,0,0,0,71,57,0,0,0,0,0,27,30,113,0,10,27,38,29,0,0,49,18,0,22,0,0,0,0,10,10,0,0,0,0,0,0,54,54,0,0,0,0,0,0,2016
488,13121006500,203,0,0,0,0,0,0,124,108,0,0,0,0,0,0,103,91,0,0,0,0,21,47,23,133,0,15,28,31,23,27,0,10,0,0,0,0,0,0,0,8,8,0,0,0,0,0,0,60,60,0,0,0,0,0,0,2017
489,13121008602,64,0,0,0,0,0,0,25,51,0,0,0,0,0,0,51,88,0,7,0,20,11,22,28,41,0,13,0,19,0,9,0,31,21,10,0,0,0,0,0,0,0,0,0,0,0,0,0,0,0,0,0,0,0,0,0,2014
490,13121008602,48,0,0,0,0,0,0,32,54,0,0,0,0,0,0,54,98,0,5,4,46,14,24,5,76,0,14,24,30,0,8,0,29,21,8,0,0,0,0,0,0,0,0,0,0,0,0,0,0,0,0,0,0,0,0,0,2015
491,13121008602,48,0,0,0,0,0,0,29,51,0,0,0,0,0,0,51,127,0,6,5,43,23,34,16,93,0,0,26,57,0,10,0,26,4,22,0,0,0,0,0,0,0,0,0,0,0,0,0,0,0,0,0,0,0,0,0,2016
492,13121008602,49,0,0,0,0,0,0,35,42,0,0,0,0,0,0,42,152,0,6,4,48,16,56,22,138,5,0,33,83,6,0,11,23,5,18,0,0,0,0,0,0,0,0,0,0,0,0,0,0,0,0,0,0,0,0,0,2017
493,13121008800,67,0,0,19,0,0,0,27,47,0,15,0,0,0,0,32,81,0,0,13,0,0,30,38,23,16,0,0,7,0,0,0,23,0,23,0,0,0,0,0,105,36,0,58,11,0,0,0,137,137,0,0,0,0,0,0,2014
494,13121008800,65,0,0,21,0,0,0,28,41,0,0,16,0,0,0,25,127,0,0,8,0,0,37,82,50,0,0,0,50,0,0,0,51,0,19,0,0,0,32,0,92,15,0,59,18,0,0,0,106,106,0,0,0,0,0,0,2015
495,13121008800,57,0,0,26,0,0,0,15,23,0,0,16,0,0,0,7,155,0,0,4,0,0,39,112,68,0,0,0,55,0,0,13,94,0,23,22,0,18,31,0,144,16,13,42,73,0,0,0,125,85,0,40,0,0,0,0,2016
496,13121008800,75,0,0,25,0,0,0,31,39,0,0,20,0,0,0,19,162,0,0,0,0,0,45,117,20,0,0,0,10,0,0,10,99,0,2,20,32,16,29,0,117,19,10,21,67,0,0,0,162,75,48,39,0,0,0,0,2017
497,13121009200,353,0,0,61,20,0,0,127,288,49,20,13,29,0,0,177,432,22,0,0,55,38,70,247,338,20,70,66,110,46,0,26,668,126,155,284,30,48,25,0,274,153,38,57,11,15,0,0,403,394,9,0,0,0,0,0,2014
498,13121009200,310,0,0,56,17,0,0,101,229,48,17,14,0,0,0,150,442,24,0,0,52,49,72,245,381,17,104,71,114,55,0,20,644,208,130,231,24,37,14,0,402,230,97,50,10,15,0,0,324,324,0,0,0,0,0,0,2015
499,13121009200,259,0,0,52,17,0,0,82,131,0,0,14,0,0,0,117,369,28,0,0,28,34,61,218,372,16,45,102,104,58,36,11,834,267,277,153,31,87,19,0,349,165,124,50,10,0,0,0,426,396,21,0,9,0,0,0,2016
500,13121009200,256,0,0,14,0,0,0,120,156,0,0,15,0,0,46,95,311,23,0,32,0,34,60,162,359,16,50,28,153,43,58,11,760,188,292,150,13,91,26,0,451,213,150,51,22,15,0,0,340,296,30,0,14,0,0,0,2017
501,13121007500,536,0,0,51,51,0,0,308,255,32,0,32,43,9,33,106,237,0,18,101,18,23,8,69,51,9,10,9,7,16,0,0,52,26,16,10,0,0,0,0,19,0,19,0,0,0,0,0,0,0,0,0,0,0,0,0,2014
502,13121007500,494,0,0,63,17,0,10,319,268,44,0,29,27,10,4,154,255,0,3,110,17,45,49,31,75,36,11,12,16,0,0,0,50,29,9,12,0,0,0,0,12,0,12,0,0,0,0,0,0,0,0,0,0,0,0,0,2015
503,13121007500,394,0,0,53,0,0,15,248,285,42,0,42,36,0,0,165,215,0,0,68,0,44,75,28,78,51,9,0,18,0,0,0,44,22,12,10,0,0,0,0,17,4,13,0,0,0,0,0,27,27,0,0,0,0,0,0,2016
504,13121007500,261,0,0,36,0,0,16,162,318,45,11,46,46,0,0,170,279,0,23,49,22,32,73,80,93,54,10,0,29,0,0,0,61,22,22,17,0,0,0,0,6,6,0,0,0,0,0,0,28,28,0,0,0,0,0,0,2017
505,13121008101,70,0,0,0,0,0,4,31,11,0,6,0,0,0,0,0,34,3,0,0,4,11,0,12,4,4,0,0,0,0,0,0,16,12,0,0,4,0,0,0,0,0,0,0,0,0,0,0,0,0,0,0,0,0,0,0,2014
506,13121008101,81,0,0,0,0,0,4,40,13,0,7,0,0,0,0,2,13,4,0,0,5,0,0,0,5,5,0,0,0,0,0,0,22,16,0,0,6,0,0,0,0,0,0,0,0,0,0,0,0,0,0,0,0,0,0,0,2015
507,13121008101,79,0,0,0,0,0,0,42,3,0,0,0,0,0,0,3,20,4,0,0,4,0,0,0,4,4,0,0,0,0,0,0,21,13,0,0,8,0,0,0,0,0,0,0,0,0,0,0,0,0,0,0,0,0,0,0,2016
508,13121008101,51,0,0,0,0,0,0,28,8,0,0,0,0,0,0,8,28,18,0,0,5,0,0,0,12,5,0,0,0,0,0,7,24,20,4,0,0,0,0,0,0,0,0,0,0,0,0,0,0,0,0,0,0,0,0,0,2017
509,13121006000,219,0,0,0,0,0,0,188,118,0,0,0,18,0,10,77,149,18,0,0,35,27,41,28,131,24,52,0,0,23,17,15,62,33,18,11,0,0,0,0,18,0,18,0,0,0,0,0,14,14,0,0,0,0,0,0,2014
510,13121006000,158,0,0,0,0,0,0,149,143,0,0,0,9,0,18,107,193,19,0,52,29,36,23,34,160,27,58,0,6,27,20,22,53,22,31,0,0,0,0,0,0,0,0,0,0,0,0,0,18,18,0,0,0,0,0,0,2015
511,13121006000,96,0,0,0,0,0,0,87,149,0,10,0,0,11,19,99,231,22,0,61,42,55,19,32,161,8,85,23,8,8,13,16,133,68,65,0,0,0,0,0,12,12,0,0,0,0,0,0,30,30,0,0,0,0,0,0,2016
512,13121006000,78,0,0,0,0,0,0,78,154,0,9,0,0,9,19,108,207,0,0,59,60,26,17,45,163,29,66,0,9,22,14,23,140,41,62,21,16,0,0,0,40,30,10,0,0,0,0,0,27,27,0,0,0,0,0,0,2017
