,GEOID,RENT ASKED_Estimate!!Total,RENT ASKED_Estimate!!Total!!Less than $100,RENT ASKED_Estimate!!Total!!$100 to $149,RENT ASKED_Estimate!!Total!!$150 to $199,RENT ASKED_Estimate!!Total!!$200 to $249,RENT ASKED_Estimate!!Total!!$250 to $299,RENT ASKED_Estimate!!Total!!$300 to $349,RENT ASKED_Estimate!!Total!!$350 to $399,RENT ASKED_Estimate!!Total!!$400 to $449,RENT ASKED_Estimate!!Total!!$450 to $499,RENT ASKED_Estimate!!Total!!$500 to $549,RENT ASKED_Estimate!!Total!!$550 to $599,RENT ASKED_Estimate!!Total!!$600 to $649,RENT ASKED_Estimate!!Total!!$650 to $699,RENT ASKED_Estimate!!Total!!$700 to $749,RENT ASKED_Estimate!!Total!!$750 to $799,RENT ASKED_Estimate!!Total!!$800 to $899,RENT ASKED_Estimate!!Total!!$900 to $999,"RENT ASKED_Estimate!!Total!!$1,000 to $1,249","RENT ASKED_Estimate!!Total!!$1,250 to $1,499","RENT ASKED_Estimate!!Total!!$1,500 to $1,999","RENT ASKED_Estimate!!Total!!$2,000 to $2,499",YEAR
0,13121006601,39.0,0.0,0.0,0.0,0.0,0.0,0.0,0.0,0.0,0.0,0.0,14.0,0.0,0.0,0.0,0.0,25.0,0.0,0.0,0.0,0.0,0.0,2012.0
1,13121006601,16.0,0.0,0.0,0.0,0.0,0.0,0.0,0.0,0.0,0.0,0.0,16.0,0.0,0.0,0.0,0.0,0.0,0.0,0.0,0.0,0.0,0.0,2013.0
2,13121006601,13.0,0.0,0.0,0.0,0.0,0.0,0.0,0.0,0.0,0.0,0.0,13.0,0.0,0.0,0.0,0.0,0.0,0.0,0.0,0.0,0.0,0.0,2014.0
3,13121006601,38.0,0.0,0.0,0.0,0.0,0.0,4.0,0.0,0.0,0.0,0.0,13.0,0.0,0.0,11.0,0.0,0.0,10.0,0.0,0.0,0.0,0.0,2015.0
4,13121006601,27.0,0.0,0.0,0.0,0.0,0.0,4.0,0.0,0.0,0.0,0.0,0.0,0.0,0.0,11.0,0.0,0.0,12.0,0.0,0.0,0.0,0.0,2016.0
5,13121006601,27.0,0.0,0.0,0.0,0.0,0.0,0.0,4.0,0.0,0.0,0.0,0.0,0.0,0.0,11.0,0.0,0.0,0.0,12.0,0.0,0.0,0.0,2017.0
6,13121006700,136.0,0.0,0.0,0.0,0.0,0.0,0.0,0.0,0.0,0.0,25.0,18.0,22.0,45.0,0.0,26.0,0.0,0.0,0.0,0.0,0.0,0.0,2012.0
7,13121006700,102.0,0.0,0.0,0.0,0.0,0.0,0.0,0.0,0.0,0.0,23.0,15.0,0.0,33.0,31.0,0.0,0.0,0.0,0.0,0.0,0.0,0.0,2013.0
8,13121006700,58.0,0.0,0.0,0.0,0.0,0.0,0.0,0.0,0.0,19.0,0.0,17.0,0.0,0.0,22.0,0.0,0.0,0.0,0.0,0.0,0.0,0.0,2014.0
9,13121006700,100.0,0.0,0.0,20.0,0.0,0.0,0.0,0.0,0.0,19.0,0.0,16.0,0.0,0.0,19.0,26.0,0.0,0.0,0.0,0.0,0.0,0.0,2015.0
10,13121006700,101.0,0.0,0.0,21.0,0.0,0.0,0.0,0.0,0.0,21.0,0.0,0.0,17.0,0.0,21.0,21.0,0.0,0.0,0.0,0.0,0.0,0.0,2016.0
11,13121006700,81.0,0.0,0.0,21.0,0.0,0.0,0.0,0.0,0.0,21.0,0.0,0.0,0.0,0.0,20.0,0.0,19.0,0.0,0.0,0.0,0.0,0.0,2017.0
12,13121009300,240.0,0.0,0.0,0.0,0.0,0.0,0.0,0.0,0.0,0.0,0.0,0.0,0.0,0.0,0.0,0.0,43.0,29.0,0.0,129.0,39.0,0.0,2012.0
13,13121009300,195.0,0.0,0.0,0.0,0.0,0.0,0.0,0.0,0.0,0.0,0.0,0.0,0.0,0.0,0.0,0.0,49.0,0.0,0.0,106.0,40.0,0.0,2013.0
14,13121009300,101.0,0.0,0.0,0.0,0.0,0.0,0.0,0.0,0.0,0.0,0.0,0.0,0.0,0.0,0.0,0.0,0.0,0.0,0.0,101.0,0.0,0.0,2014.0
15,13121009300,36.0,0.0,0.0,0.0,0.0,0.0,0.0,0.0,0.0,0.0,0.0,0.0,0.0,0.0,0.0,0.0,0.0,0.0,0.0,36.0,0.0,0.0,2015.0
16,13121009300,51.0,0.0,0.0,0.0,0.0,0.0,0.0,0.0,0.0,0.0,0.0,0.0,0.0,0.0,0.0,0.0,0.0,0.0,51.0,0.0,0.0,0.0,2016.0
17,13121009300,58.0,0.0,0.0,0.0,0.0,0.0,0.0,0.0,0.0,0.0,0.0,0.0,0.0,0.0,0.0,0.0,0.0,0.0,58.0,0.0,0.0,0.0,2017.0
18,13121009402,300.0,0.0,0.0,0.0,0.0,0.0,0.0,0.0,0.0,0.0,0.0,0.0,0.0,0.0,0.0,0.0,27.0,75.0,68.0,109.0,0.0,21.0,2012.0
19,13121009402,388.0,0.0,0.0,0.0,0.0,0.0,0.0,0.0,0.0,0.0,0.0,0.0,0.0,0.0,0.0,22.0,73.0,79.0,49.0,147.0,0.0,18.0,2013.0
20,13121009402,443.0,0.0,0.0,0.0,0.0,0.0,0.0,0.0,0.0,0.0,0.0,0.0,0.0,0.0,0.0,16.0,84.0,100.0,35.0,136.0,53.0,19.0,2014.0
21,13121009402,310.0,0.0,0.0,0.0,0.0,0.0,0.0,0.0,0.0,0.0,0.0,0.0,0.0,0.0,0.0,15.0,79.0,62.0,0.0,107.0,47.0,0.0,2015.0
22,13121009402,276.0,0.0,0.0,0.0,0.0,0.0,0.0,0.0,0.0,0.0,0.0,0.0,0.0,0.0,0.0,15.0,40.0,45.0,47.0,84.0,45.0,0.0,2016.0
23,13121009402,304.0,0.0,0.0,0.0,0.0,0.0,0.0,0.0,0.0,0.0,0.0,0.0,0.0,0.0,0.0,16.0,44.0,47.0,76.0,72.0,49.0,0.0,2017.0
25,13089023700,300.0,0.0,0.0,0.0,0.0,0.0,0.0,0.0,0.0,0.0,0.0,29.0,27.0,83.0,29.0,0.0,102.0,0.0,30.0,0.0,0.0,0.0,2012.0
26,13089023700,189.0,0.0,0.0,0.0,0.0,0.0,0.0,0.0,0.0,0.0,0.0,30.0,27.0,0.0,29.0,0.0,32.0,53.0,18.0,0.0,0.0,0.0,2013.0
27,13089023700,147.0,0.0,0.0,0.0,0.0,0.0,0.0,0.0,0.0,0.0,0.0,27.0,0.0,34.0,0.0,0.0,24.0,42.0,20.0,0.0,0.0,0.0,2014.0
28,13089023700,24.0,0.0,0.0,0.0,0.0,0.0,0.0,0.0,0.0,0.0,0.0,0.0,0.0,0.0,0.0,0.0,24.0,0.0,0.0,0.0,0.0,0.0,2015.0
29,13089023700,13.0,0.0,0.0,0.0,0.0,0.0,0.0,0.0,0.0,0.0,0.0,0.0,0.0,0.0,0.0,0.0,13.0,0.0,0.0,0.0,0.0,0.0,2016.0
30,13089023700,41.0,0.0,0.0,0.0,0.0,0.0,0.0,0.0,0.0,0.0,0.0,0.0,0.0,0.0,0.0,0.0,41.0,0.0,0.0,0.0,0.0,0.0,2017.0
31,13121001300,108.0,0.0,0.0,0.0,0.0,0.0,0.0,0.0,0.0,0.0,0.0,0.0,0.0,0.0,0.0,0.0,0.0,34.0,74.0,0.0,0.0,0.0,2012.0
32,13121001300,104.0,0.0,0.0,0.0,0.0,0.0,0.0,0.0,0.0,0.0,0.0,0.0,0.0,0.0,0.0,0.0,34.0,0.0,70.0,0.0,0.0,0.0,2013.0
33,13121001300,145.0,0.0,0.0,0.0,0.0,0.0,0.0,0.0,0.0,0.0,0.0,0.0,0.0,0.0,0.0,0.0,32.0,0.0,34.0,79.0,0.0,0.0,2014.0
34,13121001300,160.0,0.0,0.0,0.0,0.0,0.0,0.0,0.0,0.0,0.0,0.0,0.0,33.0,0.0,0.0,0.0,38.0,0.0,17.0,72.0,0.0,0.0,2015.0
35,13121001300,132.0,0.0,0.0,0.0,0.0,0.0,0.0,0.0,0.0,0.0,0.0,0.0,0.0,32.0,0.0,0.0,0.0,43.0,26.0,31.0,0.0,0.0,2016.0
36,13121001300,143.0,0.0,0.0,0.0,0.0,0.0,0.0,0.0,0.0,0.0,0.0,0.0,0.0,32.0,0.0,0.0,0.0,46.0,34.0,31.0,0.0,0.0,2017.0
37,13121001400,83.0,0.0,0.0,0.0,0.0,0.0,0.0,0.0,0.0,0.0,0.0,0.0,0.0,0.0,0.0,0.0,0.0,27.0,56.0,0.0,0.0,0.0,2012.0
38,13121001400,71.0,0.0,0.0,0.0,0.0,0.0,0.0,0.0,0.0,0.0,0.0,0.0,0.0,0.0,23.0,0.0,0.0,26.0,0.0,22.0,0.0,0.0,2013.0
39,13121001400,43.0,0.0,0.0,0.0,0.0,0.0,0.0,0.0,0.0,0.0,0.0,0.0,0.0,0.0,20.0,0.0,0.0,0.0,23.0,0.0,0.0,0.0,2014.0
40,13121001400,46.0,0.0,0.0,0.0,0.0,0.0,0.0,0.0,0.0,0.0,0.0,0.0,0.0,0.0,21.0,0.0,0.0,0.0,25.0,0.0,0.0,0.0,2015.0
41,13121001400,81.0,0.0,0.0,0.0,0.0,0.0,0.0,0.0,0.0,0.0,0.0,0.0,0.0,0.0,28.0,0.0,0.0,0.0,26.0,0.0,27.0,0.0,2016.0
42,13121001400,108.0,0.0,0.0,0.0,0.0,0.0,0.0,0.0,0.0,0.0,0.0,0.0,0.0,0.0,27.0,0.0,0.0,26.0,28.0,0.0,27.0,0.0,2017.0
43,13121001800,172.0,0.0,0.0,0.0,0.0,0.0,0.0,0.0,0.0,0.0,0.0,0.0,0.0,0.0,0.0,0.0,42.0,44.0,86.0,0.0,0.0,0.0,2012.0
44,13121001800,158.0,0.0,0.0,0.0,0.0,0.0,0.0,0.0,0.0,0.0,0.0,0.0,42.0,0.0,0.0,0.0,39.0,0.0,77.0,0.0,0.0,0.0,2013.0
45,13121001800,146.0,0.0,0.0,0.0,0.0,0.0,0.0,0.0,0.0,0.0,0.0,0.0,0.0,48.0,0.0,0.0,0.0,37.0,36.0,25.0,0.0,0.0,2014.0
46,13121001800,146.0,0.0,0.0,0.0,0.0,0.0,0.0,0.0,0.0,0.0,0.0,40.0,0.0,35.0,0.0,0.0,0.0,40.0,0.0,31.0,0.0,0.0,2015.0
47,13121001800,194.0,0.0,0.0,0.0,0.0,0.0,37.0,0.0,0.0,0.0,0.0,37.0,0.0,59.0,0.0,0.0,0.0,35.0,0.0,26.0,0.0,0.0,2016.0
48,13121001800,145.0,0.0,0.0,0.0,0.0,0.0,38.0,0.0,0.0,0.0,0.0,39.0,0.0,31.0,0.0,0.0,0.0,37.0,0.0,0.0,0.0,0.0,2017.0
49,13121001600,37.0,0.0,0.0,0.0,0.0,0.0,0.0,0.0,0.0,0.0,0.0,0.0,0.0,37.0,0.0,0.0,0.0,0.0,0.0,0.0,0.0,0.0,2012.0
50,13121001600,38.0,0.0,0.0,0.0,0.0,0.0,0.0,0.0,0.0,0.0,0.0,0.0,0.0,38.0,0.0,0.0,0.0,0.0,0.0,0.0,0.0,0.0,2013.0
51,13121001600,34.0,0.0,0.0,0.0,0.0,0.0,0.0,0.0,0.0,0.0,0.0,0.0,0.0,34.0,0.0,0.0,0.0,0.0,0.0,0.0,0.0,0.0,2014.0
52,13121001600,30.0,0.0,0.0,0.0,0.0,0.0,0.0,0.0,0.0,0.0,0.0,0.0,0.0,30.0,0.0,0.0,0.0,0.0,0.0,0.0,0.0,0.0,2015.0
53,13121001600,24.0,0.0,0.0,0.0,0.0,0.0,0.0,0.0,0.0,0.0,0.0,0.0,0.0,0.0,0.0,0.0,0.0,24.0,0.0,0.0,0.0,0.0,2016.0
54,13121001600,28.0,0.0,0.0,0.0,0.0,0.0,0.0,0.0,0.0,0.0,0.0,0.0,0.0,0.0,0.0,0.0,0.0,28.0,0.0,0.0,0.0,0.0,2017.0
55,13121001500,380.0,0.0,0.0,27.0,0.0,0.0,0.0,0.0,42.0,0.0,0.0,0.0,121.0,42.0,0.0,0.0,107.0,41.0,0.0,0.0,0.0,0.0,2012.0
56,13121001500,444.0,0.0,0.0,30.0,0.0,0.0,0.0,0.0,41.0,45.0,0.0,0.0,76.0,133.0,0.0,0.0,69.0,50.0,0.0,0.0,0.0,0.0,2013.0
57,13121001500,390.0,0.0,0.0,0.0,28.0,0.0,0.0,0.0,46.0,21.0,0.0,0.0,44.0,150.0,0.0,0.0,0.0,101.0,0.0,0.0,0.0,0.0,2014.0
58,13121001500,297.0,0.0,0.0,0.0,32.0,0.0,0.0,0.0,46.0,32.0,0.0,0.0,46.0,110.0,0.0,0.0,0.0,31.0,0.0,0.0,0.0,0.0,2015.0
59,13121001500,253.0,0.0,0.0,0.0,0.0,0.0,0.0,0.0,43.0,20.0,0.0,0.0,44.0,106.0,0.0,0.0,0.0,40.0,0.0,0.0,0.0,0.0,2016.0
60,13121001500,137.0,0.0,0.0,0.0,0.0,0.0,0.0,0.0,0.0,25.0,0.0,0.0,0.0,53.0,18.0,0.0,0.0,41.0,0.0,0.0,0.0,0.0,2017.0
61,13121001900,222.0,0.0,0.0,0.0,0.0,0.0,0.0,0.0,0.0,0.0,36.0,0.0,0.0,0.0,0.0,0.0,19.0,35.0,71.0,18.0,43.0,0.0,2012.0
62,13121001900,142.0,0.0,0.0,0.0,0.0,0.0,0.0,0.0,0.0,0.0,36.0,0.0,0.0,0.0,0.0,0.0,18.0,35.0,35.0,18.0,0.0,0.0,2013.0
63,13121001900,118.0,0.0,0.0,0.0,0.0,0.0,0.0,0.0,0.0,0.0,0.0,0.0,0.0,0.0,0.0,0.0,32.0,32.0,37.0,17.0,0.0,0.0,2014.0
64,13121001900,133.0,0.0,0.0,0.0,0.0,0.0,0.0,0.0,0.0,15.0,0.0,0.0,0.0,0.0,0.0,0.0,28.0,47.0,0.0,27.0,16.0,0.0,2015.0
65,13121001900,153.0,0.0,0.0,13.0,0.0,0.0,0.0,0.0,0.0,14.0,0.0,0.0,0.0,0.0,0.0,0.0,29.0,29.0,0.0,22.0,46.0,0.0,2016.0
66,13121001900,172.0,0.0,0.0,14.0,0.0,0.0,0.0,0.0,0.0,15.0,0.0,0.0,0.0,0.0,0.0,0.0,30.0,15.0,15.0,40.0,43.0,0.0,2017.0
67,13121000500,192.0,0.0,0.0,0.0,0.0,0.0,0.0,0.0,0.0,0.0,0.0,0.0,0.0,0.0,26.0,0.0,0.0,35.0,37.0,13.0,46.0,35.0,2012.0
68,13121000500,170.0,0.0,0.0,0.0,0.0,0.0,0.0,0.0,0.0,0.0,0.0,0.0,0.0,0.0,26.0,0.0,0.0,34.0,37.0,13.0,22.0,38.0,2013.0
69,13121000500,176.0,0.0,0.0,0.0,0.0,0.0,0.0,0.0,0.0,0.0,0.0,0.0,0.0,0.0,0.0,26.0,0.0,35.0,75.0,0.0,0.0,40.0,2014.0
70,13121000500,105.0,0.0,0.0,0.0,0.0,0.0,0.0,0.0,0.0,0.0,0.0,0.0,0.0,0.0,0.0,0.0,0.0,32.0,35.0,0.0,0.0,38.0,2015.0
71,13121000500,72.0,0.0,0.0,0.0,0.0,0.0,0.0,0.0,0.0,0.0,0.0,0.0,0.0,0.0,0.0,0.0,0.0,0.0,35.0,0.0,0.0,37.0,2016.0
72,13121000500,138.0,0.0,0.0,0.0,0.0,0.0,0.0,0.0,0.0,0.0,0.0,0.0,0.0,0.0,0.0,0.0,0.0,0.0,39.0,0.0,17.0,82.0,2017.0
73,13121003600,137.0,0.0,0.0,0.0,0.0,0.0,0.0,0.0,0.0,0.0,0.0,29.0,0.0,21.0,0.0,10.0,0.0,0.0,77.0,0.0,0.0,0.0,2012.0
74,13121003600,193.0,0.0,0.0,0.0,0.0,0.0,0.0,0.0,0.0,0.0,0.0,31.0,11.0,24.0,0.0,20.0,28.0,0.0,79.0,0.0,0.0,0.0,2013.0
75,13121003600,168.0,0.0,0.0,0.0,0.0,0.0,0.0,0.0,0.0,0.0,0.0,9.0,8.0,27.0,0.0,0.0,45.0,0.0,79.0,0.0,0.0,0.0,2014.0
76,13121003600,112.0,0.0,0.0,0.0,0.0,0.0,0.0,0.0,0.0,0.0,0.0,9.0,10.0,11.0,0.0,0.0,44.0,0.0,27.0,11.0,0.0,0.0,2015.0
77,13121003600,132.0,0.0,0.0,0.0,0.0,0.0,0.0,0.0,0.0,0.0,0.0,0.0,10.0,10.0,11.0,0.0,41.0,22.0,27.0,11.0,0.0,0.0,2016.0
78,13121003600,104.0,0.0,0.0,0.0,0.0,0.0,0.0,0.0,0.0,0.0,0.0,0.0,0.0,0.0,21.0,0.0,35.0,21.0,16.0,11.0,0.0,0.0,2017.0
79,13121010002,155.0,0.0,0.0,0.0,0.0,0.0,0.0,0.0,0.0,0.0,0.0,0.0,0.0,0.0,0.0,0.0,76.0,0.0,50.0,0.0,0.0,29.0,2012.0
80,13121010002,161.0,0.0,0.0,0.0,0.0,0.0,0.0,0.0,0.0,0.0,0.0,0.0,0.0,0.0,0.0,0.0,0.0,82.0,49.0,0.0,0.0,30.0,2013.0
81,13121010002,281.0,0.0,0.0,0.0,0.0,0.0,0.0,0.0,0.0,0.0,0.0,0.0,0.0,0.0,0.0,0.0,0.0,73.0,31.0,0.0,111.0,66.0,2014.0
82,13121010002,393.0,0.0,0.0,0.0,0.0,0.0,0.0,0.0,0.0,0.0,0.0,0.0,0.0,0.0,0.0,0.0,0.0,69.0,108.0,0.0,107.0,37.0,2015.0
83,13121010002,360.0,0.0,0.0,0.0,0.0,0.0,0.0,0.0,0.0,0.0,0.0,0.0,0.0,0.0,0.0,0.0,0.0,0.0,109.0,36.0,106.0,36.0,2016.0
84,13121010002,384.0,0.0,0.0,0.0,0.0,0.0,0.0,0.0,0.0,0.0,0.0,0.0,0.0,0.0,0.0,0.0,0.0,0.0,103.0,67.0,110.0,35.0,2017.0
85,13121010001,40.0,0.0,0.0,0.0,0.0,0.0,0.0,0.0,0.0,40.0,0.0,0.0,0.0,0.0,0.0,0.0,0.0,0.0,0.0,0.0,0.0,0.0,2012.0
86,13121010001,0.0,0.0,0.0,0.0,0.0,0.0,0.0,0.0,0.0,0.0,0.0,0.0,0.0,0.0,0.0,0.0,0.0,0.0,0.0,0.0,0.0,0.0,2013.0
87,13121010001,43.0,0.0,0.0,0.0,0.0,0.0,0.0,0.0,0.0,0.0,0.0,0.0,0.0,0.0,0.0,0.0,0.0,0.0,43.0,0.0,0.0,0.0,2014.0
88,13121010001,43.0,0.0,0.0,0.0,0.0,0.0,0.0,0.0,0.0,0.0,0.0,0.0,0.0,0.0,0.0,0.0,0.0,0.0,43.0,0.0,0.0,0.0,2015.0
89,13121010001,90.0,0.0,0.0,0.0,0.0,0.0,0.0,0.0,0.0,0.0,0.0,0.0,0.0,0.0,0.0,0.0,0.0,0.0,44.0,0.0,46.0,0.0,2016.0
90,13121010001,147.0,0.0,0.0,0.0,0.0,0.0,0.0,0.0,0.0,0.0,0.0,0.0,0.0,0.0,0.0,0.0,0.0,0.0,58.0,0.0,89.0,0.0,2017.0
91,13121009802,0.0,0.0,0.0,0.0,0.0,0.0,0.0,0.0,0.0,0.0,0.0,0.0,0.0,0.0,0.0,0.0,0.0,0.0,0.0,0.0,0.0,0.0,2012.0
92,13121009802,0.0,0.0,0.0,0.0,0.0,0.0,0.0,0.0,0.0,0.0,0.0,0.0,0.0,0.0,0.0,0.0,0.0,0.0,0.0,0.0,0.0,0.0,2013.0
93,13121009802,34.0,0.0,0.0,0.0,0.0,0.0,0.0,0.0,0.0,0.0,0.0,0.0,0.0,0.0,0.0,0.0,0.0,0.0,0.0,0.0,27.0,7.0,2014.0
94,13121009802,81.0,0.0,0.0,0.0,0.0,0.0,0.0,0.0,0.0,0.0,0.0,0.0,0.0,0.0,0.0,0.0,0.0,0.0,0.0,25.0,25.0,31.0,2015.0
95,13121009802,106.0,0.0,0.0,0.0,0.0,0.0,0.0,0.0,0.0,0.0,0.0,0.0,0.0,0.0,0.0,0.0,0.0,0.0,0.0,25.0,50.0,31.0,2016.0
96,13121009802,164.0,0.0,0.0,0.0,0.0,0.0,0.0,0.0,0.0,0.0,0.0,0.0,0.0,0.0,0.0,0.0,0.0,0.0,0.0,27.0,105.0,32.0,2017.0
97,13121006801,0.0,0.0,0.0,0.0,0.0,0.0,0.0,0.0,0.0,0.0,0.0,0.0,0.0,0.0,0.0,0.0,0.0,0.0,0.0,0.0,0.0,0.0,2012.0
98,13121006801,0.0,0.0,0.0,0.0,0.0,0.0,0.0,0.0,0.0,0.0,0.0,0.0,0.0,0.0,0.0,0.0,0.0,0.0,0.0,0.0,0.0,0.0,2013.0
99,13121006801,0.0,0.0,0.0,0.0,0.0,0.0,0.0,0.0,0.0,0.0,0.0,0.0,0.0,0.0,0.0,0.0,0.0,0.0,0.0,0.0,0.0,0.0,2014.0
100,13121006801,0.0,0.0,0.0,0.0,0.0,0.0,0.0,0.0,0.0,0.0,0.0,0.0,0.0,0.0,0.0,0.0,0.0,0.0,0.0,0.0,0.0,0.0,2015.0
101,13121006801,0.0,0.0,0.0,0.0,0.0,0.0,0.0,0.0,0.0,0.0,0.0,0.0,0.0,0.0,0.0,0.0,0.0,0.0,0.0,0.0,0.0,0.0,2016.0
102,13121006801,0.0,0.0,0.0,0.0,0.0,0.0,0.0,0.0,0.0,0.0,0.0,0.0,0.0,0.0,0.0,0.0,0.0,0.0,0.0,0.0,0.0,0.0,2017.0
103,13121009700,18.0,0.0,0.0,0.0,0.0,0.0,0.0,0.0,0.0,0.0,0.0,0.0,0.0,0.0,0.0,0.0,18.0,0.0,0.0,0.0,0.0,0.0,2012.0
104,13121009700,87.0,0.0,0.0,0.0,0.0,0.0,0.0,0.0,0.0,0.0,0.0,0.0,0.0,0.0,0.0,0.0,19.0,26.0,42.0,0.0,0.0,0.0,2013.0
105,13121009700,77.0,0.0,0.0,0.0,0.0,0.0,0.0,0.0,0.0,0.0,0.0,0.0,0.0,0.0,0.0,0.0,21.0,26.0,30.0,0.0,0.0,0.0,2014.0
106,13121009700,78.0,0.0,0.0,0.0,0.0,0.0,0.0,0.0,0.0,0.0,0.0,0.0,0.0,0.0,0.0,0.0,0.0,28.0,23.0,27.0,0.0,0.0,2015.0
107,13121009700,82.0,0.0,0.0,0.0,0.0,0.0,0.0,0.0,0.0,0.0,0.0,0.0,0.0,0.0,0.0,0.0,0.0,23.0,29.0,30.0,0.0,0.0,2016.0
108,13121009700,83.0,0.0,0.0,0.0,0.0,0.0,0.0,0.0,0.0,0.0,0.0,0.0,0.0,0.0,0.0,0.0,0.0,29.0,22.0,32.0,0.0,0.0,2017.0
109,13121007100,0.0,0.0,0.0,0.0,0.0,0.0,0.0,0.0,0.0,0.0,0.0,0.0,0.0,0.0,0.0,0.0,0.0,0.0,0.0,0.0,0.0,0.0,2012.0
110,13121007100,10.0,0.0,0.0,0.0,0.0,0.0,0.0,0.0,0.0,0.0,0.0,0.0,0.0,0.0,0.0,10.0,0.0,0.0,0.0,0.0,0.0,0.0,2013.0
111,13121007100,30.0,0.0,0.0,0.0,0.0,0.0,0.0,0.0,0.0,0.0,0.0,0.0,19.0,0.0,0.0,0.0,11.0,0.0,0.0,0.0,0.0,0.0,2014.0
112,13121007100,30.0,0.0,0.0,0.0,0.0,0.0,0.0,0.0,0.0,0.0,0.0,0.0,18.0,0.0,0.0,0.0,12.0,0.0,0.0,0.0,0.0,0.0,2015.0
113,13121007100,34.0,0.0,0.0,0.0,0.0,0.0,0.0,0.0,0.0,0.0,0.0,0.0,0.0,22.0,0.0,0.0,12.0,0.0,0.0,0.0,0.0,0.0,2016.0
114,13121007100,34.0,0.0,0.0,0.0,0.0,0.0,0.0,0.0,0.0,0.0,0.0,0.0,0.0,22.0,0.0,0.0,12.0,0.0,0.0,0.0,0.0,0.0,2017.0
115,13121006200,39.0,0.0,0.0,0.0,0.0,0.0,0.0,0.0,0.0,13.0,13.0,4.0,0.0,0.0,0.0,0.0,0.0,0.0,9.0,0.0,0.0,0.0,2012.0
116,13121006200,30.0,0.0,0.0,0.0,0.0,0.0,0.0,7.0,0.0,0.0,0.0,4.0,8.0,0.0,0.0,0.0,0.0,0.0,11.0,0.0,0.0,0.0,2013.0
117,13121006200,30.0,0.0,0.0,0.0,0.0,0.0,0.0,8.0,0.0,0.0,0.0,5.0,9.0,0.0,0.0,0.0,0.0,0.0,8.0,0.0,0.0,0.0,2014.0
118,13121006200,34.0,0.0,0.0,0.0,0.0,0.0,0.0,10.0,0.0,0.0,0.0,6.0,10.0,0.0,0.0,0.0,0.0,0.0,8.0,0.0,0.0,0.0,2015.0
119,13121006200,30.0,0.0,0.0,0.0,0.0,0.0,0.0,10.0,0.0,0.0,0.0,0.0,11.0,0.0,0.0,0.0,0.0,0.0,9.0,0.0,0.0,0.0,2016.0
120,13121006200,23.0,0.0,0.0,0.0,0.0,0.0,0.0,11.0,0.0,0.0,0.0,0.0,12.0,0.0,0.0,0.0,0.0,0.0,0.0,0.0,0.0,0.0,2017.0
121,13121001100,61.0,0.0,0.0,0.0,0.0,0.0,0.0,0.0,0.0,0.0,0.0,0.0,43.0,0.0,0.0,0.0,0.0,0.0,18.0,0.0,0.0,0.0,2012.0
122,13121001100,115.0,0.0,0.0,0.0,0.0,0.0,0.0,0.0,0.0,0.0,0.0,0.0,43.0,0.0,48.0,0.0,0.0,0.0,24.0,0.0,0.0,0.0,2013.0
123,13121001100,114.0,0.0,0.0,0.0,0.0,0.0,0.0,0.0,0.0,0.0,0.0,0.0,42.0,0.0,46.0,0.0,0.0,0.0,26.0,0.0,0.0,0.0,2014.0
124,13121001100,143.0,0.0,0.0,0.0,0.0,0.0,0.0,0.0,0.0,0.0,0.0,0.0,43.0,44.0,56.0,0.0,0.0,0.0,0.0,0.0,0.0,0.0,2015.0
125,13121001100,134.0,0.0,0.0,0.0,0.0,0.0,0.0,0.0,0.0,0.0,0.0,0.0,39.0,0.0,95.0,0.0,0.0,0.0,0.0,0.0,0.0,0.0,2016.0
126,13121001100,126.0,0.0,0.0,0.0,0.0,0.0,0.0,0.0,0.0,0.0,0.0,0.0,0.0,0.0,43.0,46.0,0.0,0.0,0.0,0.0,37.0,0.0,2017.0
127,13121002500,215.0,0.0,0.0,0.0,0.0,0.0,0.0,0.0,0.0,33.0,23.0,25.0,27.0,19.0,0.0,61.0,27.0,0.0,0.0,0.0,0.0,0.0,2012.0
128,13121002500,245.0,13.0,0.0,0.0,0.0,9.0,9.0,0.0,0.0,30.0,23.0,34.0,8.0,42.0,0.0,36.0,41.0,0.0,0.0,0.0,0.0,0.0,2013.0
129,13121002500,250.0,9.0,0.0,0.0,0.0,9.0,10.0,0.0,0.0,31.0,20.0,28.0,0.0,49.0,0.0,35.0,43.0,0.0,0.0,16.0,0.0,0.0,2014.0
130,13121002500,159.0,9.0,0.0,0.0,0.0,9.0,9.0,0.0,0.0,12.0,14.0,28.0,0.0,29.0,0.0,35.0,0.0,0.0,0.0,14.0,0.0,0.0,2015.0
131,13121002500,157.0,11.0,0.0,0.0,0.0,10.0,10.0,0.0,0.0,0.0,0.0,10.0,0.0,10.0,7.0,18.0,9.0,56.0,0.0,16.0,0.0,0.0,2016.0
132,13121002500,111.0,9.0,0.0,0.0,0.0,0.0,20.0,0.0,0.0,0.0,0.0,0.0,0.0,0.0,0.0,0.0,9.0,42.0,9.0,12.0,10.0,0.0,2017.0
133,13121004200,125.0,0.0,0.0,27.0,0.0,26.0,0.0,0.0,0.0,0.0,0.0,0.0,0.0,0.0,17.0,0.0,17.0,16.0,22.0,0.0,0.0,0.0,2012.0
134,13121004200,87.0,0.0,0.0,0.0,34.0,0.0,0.0,0.0,0.0,0.0,0.0,0.0,0.0,0.0,0.0,15.0,0.0,16.0,22.0,0.0,0.0,0.0,2013.0
135,13121004200,105.0,0.0,0.0,0.0,37.0,0.0,0.0,0.0,0.0,0.0,0.0,0.0,0.0,0.0,0.0,15.0,0.0,29.0,24.0,0.0,0.0,0.0,2014.0
136,13121004200,87.0,0.0,0.0,0.0,0.0,0.0,0.0,0.0,0.0,0.0,0.0,0.0,0.0,0.0,0.0,17.0,12.0,32.0,26.0,0.0,0.0,0.0,2015.0
137,13121004200,34.0,0.0,0.0,0.0,0.0,0.0,0.0,0.0,0.0,0.0,0.0,0.0,0.0,0.0,0.0,0.0,17.0,17.0,0.0,0.0,0.0,0.0,2016.0
138,13121004200,52.0,0.0,0.0,0.0,0.0,0.0,0.0,0.0,0.0,0.0,0.0,0.0,0.0,0.0,0.0,0.0,33.0,19.0,0.0,0.0,0.0,0.0,2017.0
139,13121009101,90.0,0.0,0.0,0.0,0.0,0.0,0.0,0.0,0.0,0.0,0.0,0.0,0.0,0.0,0.0,0.0,0.0,42.0,48.0,0.0,0.0,0.0,2012.0
140,13121009101,180.0,0.0,0.0,0.0,0.0,0.0,0.0,0.0,0.0,0.0,0.0,0.0,31.0,13.0,0.0,0.0,0.0,0.0,99.0,37.0,0.0,0.0,2013.0
141,13121009101,144.0,0.0,0.0,0.0,0.0,0.0,0.0,0.0,0.0,0.0,0.0,0.0,19.0,15.0,0.0,0.0,0.0,0.0,35.0,33.0,42.0,0.0,2014.0
142,13121009101,304.0,0.0,0.0,0.0,0.0,0.0,0.0,0.0,0.0,0.0,0.0,0.0,65.0,12.0,0.0,0.0,0.0,0.0,56.0,79.0,79.0,0.0,2015.0
143,13121009101,328.0,0.0,0.0,0.0,0.0,0.0,0.0,0.0,0.0,0.0,0.0,0.0,26.0,0.0,9.0,0.0,0.0,0.0,46.0,111.0,119.0,0.0,2016.0
144,13121009101,442.0,0.0,0.0,0.0,0.0,0.0,0.0,0.0,0.0,0.0,0.0,0.0,0.0,17.0,11.0,0.0,0.0,0.0,39.0,84.0,273.0,0.0,2017.0
145,13121008904,203.0,0.0,0.0,0.0,0.0,0.0,0.0,0.0,0.0,0.0,0.0,0.0,0.0,31.0,27.0,34.0,0.0,13.0,34.0,64.0,0.0,0.0,2012.0
146,13121008904,182.0,0.0,0.0,0.0,0.0,0.0,0.0,0.0,0.0,0.0,0.0,0.0,0.0,0.0,43.0,28.0,0.0,11.0,31.0,69.0,0.0,0.0,2013.0
147,13121008904,219.0,0.0,0.0,0.0,0.0,0.0,0.0,0.0,0.0,0.0,0.0,0.0,0.0,0.0,49.0,34.0,0.0,12.0,32.0,92.0,0.0,0.0,2014.0
148,13121008904,243.0,0.0,0.0,0.0,0.0,0.0,0.0,0.0,0.0,0.0,0.0,0.0,0.0,0.0,54.0,32.0,0.0,0.0,35.0,92.0,30.0,0.0,2015.0
149,13121008904,159.0,0.0,0.0,0.0,0.0,0.0,0.0,0.0,0.0,0.0,0.0,0.0,0.0,0.0,31.0,0.0,0.0,0.0,0.0,96.0,32.0,0.0,2016.0
150,13121008904,104.0,0.0,0.0,0.0,0.0,0.0,0.0,0.0,0.0,0.0,0.0,0.0,0.0,0.0,0.0,0.0,0.0,0.0,0.0,70.0,34.0,0.0,2017.0
151,13121003700,0.0,0.0,0.0,0.0,0.0,0.0,0.0,0.0,0.0,0.0,0.0,0.0,0.0,0.0,0.0,0.0,0.0,0.0,0.0,0.0,0.0,0.0,2012.0
152,13121003700,0.0,0.0,0.0,0.0,0.0,0.0,0.0,0.0,0.0,0.0,0.0,0.0,0.0,0.0,0.0,0.0,0.0,0.0,0.0,0.0,0.0,0.0,2013.0
153,13121003700,0.0,0.0,0.0,0.0,0.0,0.0,0.0,0.0,0.0,0.0,0.0,0.0,0.0,0.0,0.0,0.0,0.0,0.0,0.0,0.0,0.0,0.0,2014.0
154,13121003700,0.0,0.0,0.0,0.0,0.0,0.0,0.0,0.0,0.0,0.0,0.0,0.0,0.0,0.0,0.0,0.0,0.0,0.0,0.0,0.0,0.0,0.0,2015.0
155,13121003700,0.0,0.0,0.0,0.0,0.0,0.0,0.0,0.0,0.0,0.0,0.0,0.0,0.0,0.0,0.0,0.0,0.0,0.0,0.0,0.0,0.0,0.0,2016.0
156,13121003700,0.0,0.0,0.0,0.0,0.0,0.0,0.0,0.0,0.0,0.0,0.0,0.0,0.0,0.0,0.0,0.0,0.0,0.0,0.0,0.0,0.0,0.0,2017.0
157,13121010211,31.0,0.0,0.0,0.0,0.0,0.0,0.0,0.0,0.0,0.0,0.0,0.0,0.0,0.0,0.0,0.0,0.0,27.0,0.0,0.0,4.0,0.0,2012.0
158,13121010211,57.0,0.0,0.0,0.0,0.0,0.0,0.0,0.0,0.0,0.0,0.0,0.0,0.0,0.0,19.0,0.0,0.0,22.0,0.0,0.0,16.0,0.0,2013.0
159,13121010211,67.0,0.0,0.0,0.0,0.0,0.0,0.0,0.0,0.0,0.0,16.0,0.0,0.0,0.0,21.0,0.0,0.0,0.0,0.0,0.0,30.0,0.0,2014.0
160,13121010211,33.0,0.0,0.0,0.0,0.0,0.0,0.0,0.0,0.0,0.0,19.0,0.0,0.0,0.0,14.0,0.0,0.0,0.0,0.0,0.0,0.0,0.0,2015.0
161,13121010211,40.0,0.0,0.0,0.0,0.0,0.0,0.0,0.0,0.0,0.0,22.0,0.0,0.0,0.0,0.0,18.0,0.0,0.0,0.0,0.0,0.0,0.0,2016.0
162,13121010211,36.0,0.0,0.0,0.0,0.0,0.0,0.0,0.0,0.0,0.0,21.0,0.0,0.0,0.0,0.0,15.0,0.0,0.0,0.0,0.0,0.0,0.0,2017.0
163,13121012000,86.0,0.0,0.0,0.0,0.0,0.0,0.0,0.0,15.0,0.0,0.0,0.0,0.0,29.0,0.0,35.0,7.0,0.0,0.0,0.0,0.0,0.0,2012.0
164,13121012000,77.0,0.0,0.0,0.0,0.0,0.0,0.0,0.0,15.0,0.0,0.0,0.0,0.0,9.0,0.0,45.0,8.0,0.0,0.0,0.0,0.0,0.0,2013.0
165,13121012000,80.0,0.0,0.0,0.0,0.0,0.0,0.0,0.0,0.0,15.0,14.0,0.0,0.0,10.0,0.0,0.0,26.0,15.0,0.0,0.0,0.0,0.0,2014.0
166,13121012000,93.0,0.0,0.0,0.0,0.0,0.0,0.0,0.0,0.0,14.0,14.0,0.0,0.0,9.0,0.0,0.0,48.0,8.0,0.0,0.0,0.0,0.0,2015.0
167,13121012000,104.0,0.0,0.0,0.0,0.0,0.0,0.0,0.0,0.0,45.0,14.0,0.0,0.0,0.0,0.0,0.0,14.0,31.0,0.0,0.0,0.0,0.0,2016.0
168,13121012000,132.0,0.0,0.0,0.0,0.0,0.0,0.0,0.0,14.0,45.0,14.0,0.0,13.0,0.0,0.0,0.0,15.0,31.0,0.0,0.0,0.0,0.0,2017.0
169,13121009000,122.0,0.0,0.0,0.0,0.0,0.0,0.0,0.0,0.0,0.0,0.0,0.0,0.0,0.0,0.0,8.0,0.0,24.0,29.0,61.0,0.0,0.0,2012.0
170,13121009000,98.0,0.0,0.0,0.0,0.0,0.0,0.0,0.0,0.0,0.0,0.0,0.0,0.0,0.0,0.0,0.0,10.0,0.0,56.0,32.0,0.0,0.0,2013.0
171,13121009000,64.0,0.0,0.0,0.0,0.0,0.0,0.0,0.0,0.0,0.0,0.0,0.0,0.0,0.0,0.0,0.0,10.0,0.0,54.0,0.0,0.0,0.0,2014.0
172,13121009000,32.0,0.0,0.0,0.0,0.0,0.0,0.0,0.0,0.0,0.0,0.0,0.0,0.0,0.0,0.0,0.0,10.0,0.0,22.0,0.0,0.0,0.0,2015.0
173,13121009000,18.0,0.0,0.0,0.0,0.0,0.0,0.0,0.0,0.0,0.0,0.0,0.0,0.0,0.0,0.0,0.0,10.0,0.0,0.0,0.0,0.0,0.0,2016.0
174,13121009000,9.0,0.0,0.0,0.0,0.0,0.0,0.0,0.0,0.0,0.0,0.0,0.0,0.0,0.0,0.0,0.0,0.0,0.0,0.0,0.0,0.0,0.0,2017.0
175,13121007002,80.0,0.0,0.0,0.0,0.0,0.0,0.0,0.0,0.0,0.0,0.0,0.0,0.0,0.0,0.0,35.0,0.0,0.0,0.0,45.0,0.0,0.0,2012.0
176,13121007002,72.0,0.0,0.0,0.0,0.0,0.0,0.0,0.0,0.0,0.0,0.0,0.0,0.0,16.0,0.0,17.0,0.0,0.0,0.0,39.0,0.0,0.0,2013.0
177,13121007002,88.0,0.0,0.0,0.0,0.0,0.0,0.0,0.0,0.0,0.0,0.0,0.0,0.0,38.0,0.0,16.0,0.0,0.0,0.0,34.0,0.0,0.0,2014.0
178,13121007002,77.0,0.0,0.0,0.0,0.0,0.0,0.0,0.0,0.0,0.0,0.0,0.0,0.0,58.0,0.0,19.0,0.0,0.0,0.0,0.0,0.0,0.0,2015.0
179,13121007002,56.0,0.0,0.0,0.0,0.0,0.0,0.0,0.0,0.0,0.0,0.0,0.0,0.0,37.0,0.0,19.0,0.0,0.0,0.0,0.0,0.0,0.0,2016.0
180,13121007002,62.0,0.0,0.0,0.0,0.0,0.0,0.0,0.0,0.0,0.0,0.0,0.0,0.0,18.0,21.0,23.0,0.0,0.0,0.0,0.0,0.0,0.0,2017.0
181,13121009900,209.0,0.0,0.0,0.0,0.0,0.0,0.0,0.0,0.0,0.0,0.0,0.0,0.0,0.0,0.0,0.0,35.0,33.0,33.0,75.0,0.0,33.0,2012.0
182,13121009900,105.0,0.0,0.0,0.0,0.0,0.0,0.0,0.0,0.0,0.0,0.0,0.0,0.0,0.0,0.0,0.0,0.0,0.0,36.0,32.0,0.0,37.0,2013.0
183,13121009900,111.0,0.0,0.0,0.0,0.0,0.0,0.0,0.0,0.0,0.0,0.0,0.0,0.0,0.0,0.0,0.0,0.0,0.0,42.0,28.0,0.0,41.0,2014.0
184,13121009900,31.0,0.0,0.0,0.0,0.0,0.0,0.0,0.0,0.0,0.0,0.0,0.0,0.0,0.0,0.0,0.0,0.0,0.0,0.0,31.0,0.0,0.0,2015.0
185,13121009900,0.0,0.0,0.0,0.0,0.0,0.0,0.0,0.0,0.0,0.0,0.0,0.0,0.0,0.0,0.0,0.0,0.0,0.0,0.0,0.0,0.0,0.0,2016.0
186,13121009900,0.0,0.0,0.0,0.0,0.0,0.0,0.0,0.0,0.0,0.0,0.0,0.0,0.0,0.0,0.0,0.0,0.0,0.0,0.0,0.0,0.0,0.0,2017.0
187,13121010303,296.0,0.0,0.0,0.0,0.0,0.0,0.0,0.0,0.0,0.0,0.0,0.0,0.0,63.0,30.0,0.0,98.0,45.0,0.0,60.0,0.0,0.0,2012.0
188,13121010303,339.0,0.0,0.0,0.0,0.0,0.0,0.0,0.0,0.0,0.0,0.0,0.0,0.0,0.0,88.0,0.0,117.0,84.0,0.0,50.0,0.0,0.0,2013.0
189,13121010303,285.0,0.0,0.0,0.0,0.0,0.0,0.0,0.0,0.0,0.0,0.0,0.0,0.0,0.0,91.0,50.0,65.0,25.0,0.0,54.0,0.0,0.0,2014.0
190,13121010303,334.0,0.0,44.0,0.0,0.0,0.0,0.0,0.0,0.0,0.0,0.0,0.0,0.0,0.0,117.0,49.0,69.0,0.0,0.0,55.0,0.0,0.0,2015.0
191,13121010303,286.0,0.0,40.0,0.0,0.0,0.0,0.0,0.0,0.0,0.0,0.0,0.0,0.0,0.0,41.0,50.0,69.0,86.0,0.0,0.0,0.0,0.0,2016.0
192,13121010303,181.0,0.0,46.0,0.0,0.0,0.0,0.0,0.0,0.0,0.0,0.0,0.0,0.0,0.0,0.0,0.0,46.0,89.0,0.0,0.0,0.0,0.0,2017.0
193,13121001700,272.0,0.0,0.0,0.0,0.0,0.0,0.0,20.0,0.0,0.0,16.0,0.0,0.0,33.0,0.0,0.0,21.0,0.0,98.0,0.0,84.0,0.0,2012.0
194,13121001700,237.0,0.0,0.0,0.0,0.0,0.0,0.0,32.0,0.0,0.0,0.0,18.0,0.0,37.0,0.0,23.0,17.0,0.0,81.0,0.0,29.0,0.0,2013.0
195,13121001700,251.0,0.0,0.0,0.0,0.0,0.0,0.0,30.0,0.0,0.0,0.0,35.0,0.0,0.0,35.0,44.0,17.0,0.0,61.0,0.0,29.0,0.0,2014.0
196,13121001700,202.0,0.0,0.0,0.0,0.0,0.0,0.0,25.0,0.0,0.0,0.0,50.0,0.0,0.0,0.0,46.0,16.0,26.0,39.0,0.0,0.0,0.0,2015.0
197,13121001700,196.0,0.0,0.0,0.0,0.0,0.0,0.0,31.0,0.0,0.0,0.0,37.0,0.0,0.0,0.0,41.0,17.0,29.0,41.0,0.0,0.0,0.0,2016.0
198,13121001700,164.0,0.0,0.0,0.0,0.0,0.0,0.0,0.0,0.0,0.0,0.0,19.0,16.0,0.0,0.0,41.0,17.0,0.0,27.0,0.0,27.0,17.0,2017.0
199,13121000600,279.0,0.0,0.0,0.0,0.0,0.0,0.0,0.0,0.0,0.0,0.0,0.0,0.0,0.0,0.0,39.0,55.0,14.0,73.0,53.0,16.0,29.0,2012.0
200,13121000600,378.0,0.0,0.0,0.0,0.0,0.0,0.0,0.0,0.0,0.0,0.0,0.0,0.0,0.0,0.0,0.0,105.0,39.0,136.0,69.0,29.0,0.0,2013.0
201,13121000600,335.0,0.0,0.0,0.0,0.0,0.0,0.0,0.0,0.0,0.0,0.0,0.0,0.0,0.0,0.0,0.0,88.0,27.0,82.0,99.0,39.0,0.0,2014.0
202,13121000600,361.0,0.0,0.0,0.0,0.0,0.0,0.0,0.0,0.0,0.0,0.0,0.0,0.0,0.0,0.0,0.0,117.0,27.0,75.0,119.0,23.0,0.0,2015.0
203,13121000600,371.0,0.0,0.0,0.0,0.0,0.0,0.0,0.0,0.0,0.0,0.0,0.0,0.0,0.0,0.0,13.0,159.0,24.0,36.0,118.0,21.0,0.0,2016.0
204,13121000600,347.0,0.0,0.0,0.0,0.0,0.0,0.0,0.0,0.0,0.0,0.0,0.0,0.0,0.0,0.0,14.0,80.0,25.0,0.0,141.0,87.0,0.0,2017.0
205,13121000200,190.0,0.0,0.0,0.0,0.0,0.0,0.0,0.0,0.0,0.0,0.0,0.0,43.0,0.0,0.0,43.0,0.0,0.0,0.0,0.0,0.0,104.0,2012.0
206,13121000200,125.0,0.0,0.0,0.0,0.0,0.0,0.0,0.0,0.0,0.0,0.0,0.0,35.0,0.0,0.0,34.0,0.0,0.0,0.0,0.0,0.0,56.0,2013.0
207,13121000200,143.0,0.0,0.0,0.0,0.0,0.0,0.0,0.0,0.0,0.0,0.0,0.0,0.0,38.0,0.0,38.0,0.0,0.0,0.0,0.0,0.0,67.0,2014.0
208,13121000200,51.0,0.0,0.0,0.0,0.0,0.0,0.0,0.0,0.0,0.0,0.0,0.0,0.0,0.0,0.0,0.0,0.0,0.0,0.0,0.0,0.0,51.0,2015.0
209,13121000200,0.0,0.0,0.0,0.0,0.0,0.0,0.0,0.0,0.0,0.0,0.0,0.0,0.0,0.0,0.0,0.0,0.0,0.0,0.0,0.0,0.0,0.0,2016.0
210,13121000200,46.0,0.0,0.0,0.0,0.0,0.0,0.0,0.0,0.0,0.0,0.0,0.0,0.0,0.0,0.0,0.0,0.0,0.0,0.0,46.0,0.0,0.0,2017.0
211,13121000400,24.0,0.0,0.0,0.0,0.0,0.0,0.0,0.0,0.0,0.0,0.0,24.0,0.0,0.0,0.0,0.0,0.0,0.0,0.0,0.0,0.0,0.0,2012.0
212,13121000400,9.0,0.0,0.0,0.0,0.0,0.0,0.0,0.0,0.0,0.0,0.0,0.0,0.0,0.0,0.0,0.0,0.0,0.0,0.0,9.0,0.0,0.0,2013.0
213,13121000400,52.0,0.0,0.0,0.0,0.0,0.0,0.0,0.0,0.0,0.0,0.0,0.0,0.0,0.0,0.0,0.0,0.0,0.0,0.0,52.0,0.0,0.0,2014.0
214,13121000400,90.0,0.0,0.0,0.0,0.0,0.0,0.0,0.0,0.0,0.0,0.0,0.0,0.0,0.0,0.0,0.0,25.0,0.0,0.0,65.0,0.0,0.0,2015.0
215,13121000400,120.0,0.0,0.0,0.0,0.0,0.0,0.0,0.0,0.0,0.0,0.0,0.0,0.0,0.0,0.0,0.0,24.0,0.0,31.0,65.0,0.0,0.0,2016.0
216,13121000400,93.0,0.0,0.0,0.0,0.0,0.0,0.0,0.0,0.0,0.0,0.0,0.0,0.0,0.0,0.0,0.0,13.0,0.0,28.0,52.0,0.0,0.0,2017.0
217,13121000100,74.0,0.0,0.0,0.0,0.0,0.0,0.0,0.0,0.0,0.0,0.0,0.0,0.0,0.0,28.0,0.0,46.0,0.0,0.0,0.0,0.0,0.0,2012.0
218,13121000100,34.0,0.0,0.0,0.0,0.0,0.0,0.0,0.0,0.0,0.0,0.0,0.0,0.0,0.0,34.0,0.0,0.0,0.0,0.0,0.0,0.0,0.0,2013.0
219,13121000100,59.0,0.0,0.0,0.0,0.0,0.0,0.0,0.0,0.0,0.0,0.0,0.0,0.0,30.0,29.0,0.0,0.0,0.0,0.0,0.0,0.0,0.0,2014.0
220,13121000100,63.0,0.0,0.0,0.0,0.0,0.0,0.0,0.0,0.0,0.0,0.0,0.0,0.0,32.0,31.0,0.0,0.0,0.0,0.0,0.0,0.0,0.0,2015.0
221,13121000100,63.0,0.0,0.0,0.0,0.0,0.0,0.0,0.0,0.0,0.0,0.0,0.0,0.0,32.0,31.0,0.0,0.0,0.0,0.0,0.0,0.0,0.0,2016.0
222,13121000100,34.0,0.0,0.0,0.0,0.0,0.0,0.0,0.0,0.0,0.0,0.0,0.0,0.0,0.0,34.0,0.0,0.0,0.0,0.0,0.0,0.0,0.0,2017.0
223,13121010206,0.0,0.0,0.0,0.0,0.0,0.0,0.0,0.0,0.0,0.0,0.0,0.0,0.0,0.0,0.0,0.0,0.0,0.0,0.0,0.0,0.0,0.0,2012.0
224,13121010206,0.0,0.0,0.0,0.0,0.0,0.0,0.0,0.0,0.0,0.0,0.0,0.0,0.0,0.0,0.0,0.0,0.0,0.0,0.0,0.0,0.0,0.0,2013.0
225,13121010206,0.0,0.0,0.0,0.0,0.0,0.0,0.0,0.0,0.0,0.0,0.0,0.0,0.0,0.0,0.0,0.0,0.0,0.0,0.0,0.0,0.0,0.0,2014.0
226,13121010206,0.0,0.0,0.0,0.0,0.0,0.0,0.0,0.0,0.0,0.0,0.0,0.0,0.0,0.0,0.0,0.0,0.0,0.0,0.0,0.0,0.0,0.0,2015.0
227,13121010206,0.0,0.0,0.0,0.0,0.0,0.0,0.0,0.0,0.0,0.0,0.0,0.0,0.0,0.0,0.0,0.0,0.0,0.0,0.0,0.0,0.0,0.0,2016.0
228,13121010206,0.0,0.0,0.0,0.0,0.0,0.0,0.0,0.0,0.0,0.0,0.0,0.0,0.0,0.0,0.0,0.0,0.0,0.0,0.0,0.0,0.0,0.0,2017.0
229,13121006602,52.0,0.0,0.0,0.0,0.0,0.0,0.0,0.0,0.0,24.0,0.0,0.0,28.0,0.0,0.0,0.0,0.0,0.0,0.0,0.0,0.0,0.0,2012.0
230,13121006602,40.0,0.0,0.0,0.0,0.0,0.0,0.0,0.0,0.0,21.0,0.0,0.0,19.0,0.0,0.0,0.0,0.0,0.0,0.0,0.0,0.0,0.0,2013.0
231,13121006602,22.0,0.0,0.0,0.0,0.0,0.0,0.0,0.0,0.0,0.0,0.0,0.0,0.0,22.0,0.0,0.0,0.0,0.0,0.0,0.0,0.0,0.0,2014.0
232,13121006602,0.0,0.0,0.0,0.0,0.0,0.0,0.0,0.0,0.0,0.0,0.0,0.0,0.0,0.0,0.0,0.0,0.0,0.0,0.0,0.0,0.0,0.0,2015.0
233,13121006602,0.0,0.0,0.0,0.0,0.0,0.0,0.0,0.0,0.0,0.0,0.0,0.0,0.0,0.0,0.0,0.0,0.0,0.0,0.0,0.0,0.0,0.0,2016.0
234,13121006602,14.0,0.0,0.0,0.0,0.0,0.0,0.0,0.0,0.0,0.0,0.0,0.0,6.0,8.0,0.0,0.0,0.0,0.0,0.0,0.0,0.0,0.0,2017.0
235,13121002900,222.0,0.0,0.0,0.0,0.0,0.0,0.0,0.0,0.0,0.0,0.0,0.0,0.0,0.0,57.0,0.0,22.0,0.0,60.0,41.0,16.0,26.0,2012.0
236,13121002900,155.0,0.0,0.0,0.0,0.0,0.0,0.0,0.0,0.0,0.0,0.0,0.0,0.0,0.0,0.0,21.0,48.0,0.0,39.0,47.0,0.0,0.0,2013.0
237,13121002900,63.0,0.0,0.0,0.0,0.0,0.0,0.0,0.0,0.0,0.0,0.0,0.0,0.0,0.0,0.0,0.0,19.0,0.0,18.0,26.0,0.0,0.0,2014.0
238,13121002900,87.0,0.0,0.0,0.0,0.0,0.0,0.0,0.0,0.0,0.0,0.0,0.0,0.0,0.0,0.0,0.0,22.0,0.0,20.0,29.0,0.0,16.0,2015.0
239,13121002900,128.0,0.0,0.0,0.0,0.0,0.0,0.0,0.0,0.0,0.0,0.0,0.0,0.0,0.0,0.0,0.0,23.0,0.0,20.0,30.0,21.0,34.0,2016.0
240,13121002900,106.0,0.0,0.0,0.0,0.0,0.0,0.0,0.0,0.0,0.0,0.0,9.0,0.0,0.0,0.0,0.0,23.0,0.0,0.0,9.0,21.0,44.0,2017.0
241,13121007705,144.0,0.0,0.0,0.0,0.0,36.0,0.0,0.0,0.0,0.0,0.0,0.0,0.0,0.0,73.0,0.0,35.0,0.0,0.0,0.0,0.0,0.0,2012.0
242,13121007705,196.0,0.0,0.0,0.0,0.0,31.0,0.0,0.0,0.0,0.0,0.0,23.0,23.0,0.0,84.0,0.0,35.0,0.0,0.0,0.0,0.0,0.0,2013.0
243,13121007705,177.0,0.0,0.0,0.0,23.0,27.0,0.0,0.0,0.0,0.0,0.0,24.0,25.0,22.0,56.0,0.0,0.0,0.0,0.0,0.0,0.0,0.0,2014.0
244,13121007705,194.0,0.0,0.0,0.0,22.0,0.0,0.0,0.0,0.0,22.0,0.0,23.0,24.0,22.0,38.0,0.0,22.0,21.0,0.0,0.0,0.0,0.0,2015.0
245,13121007705,224.0,0.0,0.0,0.0,22.0,0.0,0.0,0.0,0.0,17.0,0.0,0.0,47.0,22.0,8.0,39.0,48.0,21.0,0.0,0.0,0.0,0.0,2016.0
246,13121007705,322.0,0.0,0.0,0.0,24.0,0.0,0.0,0.0,0.0,0.0,20.0,0.0,51.0,46.0,0.0,62.0,96.0,23.0,0.0,0.0,0.0,0.0,2017.0
247,13121009603,410.0,0.0,0.0,0.0,0.0,0.0,0.0,0.0,0.0,0.0,0.0,0.0,31.0,78.0,0.0,81.0,61.0,0.0,127.0,32.0,0.0,0.0,2012.0
248,13121009603,378.0,0.0,0.0,0.0,0.0,0.0,0.0,0.0,0.0,0.0,0.0,0.0,32.0,103.0,0.0,80.0,62.0,0.0,72.0,29.0,0.0,0.0,2013.0
249,13121009603,327.0,0.0,0.0,0.0,0.0,0.0,0.0,0.0,0.0,0.0,0.0,0.0,32.0,0.0,52.0,78.0,30.0,0.0,107.0,28.0,0.0,0.0,2014.0
250,13121009603,206.0,0.0,0.0,0.0,0.0,0.0,0.0,0.0,0.0,0.0,0.0,0.0,33.0,0.0,27.0,83.0,0.0,0.0,32.0,31.0,0.0,0.0,2015.0
251,13121009603,158.0,0.0,0.0,0.0,0.0,0.0,0.0,0.0,0.0,0.0,0.0,0.0,35.0,0.0,25.0,0.0,0.0,0.0,34.0,30.0,34.0,0.0,2016.0
252,13121009603,170.0,0.0,0.0,0.0,0.0,0.0,0.0,0.0,0.0,0.0,0.0,0.0,0.0,0.0,44.0,0.0,0.0,0.0,33.0,26.0,34.0,33.0,2017.0
253,13121009601,216.0,0.0,0.0,0.0,0.0,0.0,0.0,0.0,0.0,0.0,0.0,0.0,0.0,0.0,0.0,0.0,32.0,114.0,37.0,0.0,33.0,0.0,2012.0
254,13121009601,233.0,0.0,0.0,0.0,0.0,0.0,0.0,0.0,0.0,0.0,0.0,0.0,0.0,0.0,0.0,0.0,28.0,132.0,0.0,44.0,29.0,0.0,2013.0
255,13121009601,257.0,0.0,0.0,0.0,0.0,0.0,0.0,0.0,0.0,0.0,0.0,0.0,0.0,0.0,0.0,0.0,19.0,30.0,122.0,56.0,30.0,0.0,2014.0
256,13121009601,208.0,0.0,0.0,0.0,0.0,0.0,0.0,0.0,0.0,0.0,0.0,0.0,0.0,0.0,0.0,0.0,19.0,0.0,129.0,19.0,41.0,0.0,2015.0
257,13121009601,164.0,0.0,0.0,0.0,0.0,0.0,0.0,0.0,0.0,0.0,0.0,0.0,0.0,0.0,0.0,0.0,0.0,21.0,16.0,21.0,85.0,21.0,2016.0
258,13121009601,156.0,0.0,0.0,0.0,0.0,0.0,0.0,0.0,0.0,0.0,0.0,0.0,0.0,0.0,0.0,0.0,0.0,19.0,17.0,27.0,74.0,19.0,2017.0
259,13121009801,34.0,0.0,0.0,0.0,0.0,0.0,0.0,0.0,0.0,0.0,0.0,0.0,0.0,0.0,0.0,0.0,34.0,0.0,0.0,0.0,0.0,0.0,2012.0
260,13121009801,19.0,0.0,0.0,0.0,0.0,0.0,0.0,0.0,0.0,0.0,0.0,0.0,0.0,0.0,0.0,0.0,19.0,0.0,0.0,0.0,0.0,0.0,2013.0
261,13121009801,31.0,0.0,0.0,0.0,0.0,0.0,0.0,0.0,0.0,0.0,0.0,0.0,0.0,0.0,0.0,0.0,31.0,0.0,0.0,0.0,0.0,0.0,2014.0
262,13121009801,0.0,0.0,0.0,0.0,0.0,0.0,0.0,0.0,0.0,0.0,0.0,0.0,0.0,0.0,0.0,0.0,0.0,0.0,0.0,0.0,0.0,0.0,2015.0
263,13121009801,0.0,0.0,0.0,0.0,0.0,0.0,0.0,0.0,0.0,0.0,0.0,0.0,0.0,0.0,0.0,0.0,0.0,0.0,0.0,0.0,0.0,0.0,2016.0
264,13121009801,0.0,0.0,0.0,0.0,0.0,0.0,0.0,0.0,0.0,0.0,0.0,0.0,0.0,0.0,0.0,0.0,0.0,0.0,0.0,0.0,0.0,0.0,2017.0
265,13121011900,140.0,0.0,0.0,0.0,0.0,0.0,0.0,0.0,0.0,0.0,54.0,0.0,0.0,24.0,0.0,0.0,52.0,0.0,10.0,0.0,0.0,0.0,2012.0
266,13121011900,94.0,0.0,0.0,0.0,0.0,0.0,0.0,0.0,0.0,0.0,29.0,0.0,0.0,0.0,0.0,0.0,23.0,28.0,14.0,0.0,0.0,0.0,2013.0
267,13121011900,85.0,0.0,0.0,0.0,0.0,0.0,0.0,0.0,0.0,0.0,27.0,0.0,0.0,0.0,0.0,0.0,21.0,25.0,12.0,0.0,0.0,0.0,2014.0
268,13121011900,50.0,0.0,0.0,0.0,0.0,0.0,0.0,0.0,0.0,0.0,0.0,0.0,0.0,0.0,0.0,0.0,20.0,0.0,30.0,0.0,0.0,0.0,2015.0
269,13121011900,38.0,0.0,0.0,0.0,0.0,0.0,0.0,0.0,0.0,0.0,0.0,0.0,0.0,0.0,0.0,0.0,0.0,0.0,19.0,0.0,0.0,19.0,2016.0
270,13121011900,94.0,0.0,0.0,0.0,0.0,0.0,0.0,0.0,29.0,0.0,0.0,0.0,0.0,0.0,0.0,0.0,0.0,0.0,21.0,22.0,0.0,22.0,2017.0
271,13121001202,204.0,0.0,0.0,0.0,0.0,0.0,0.0,0.0,0.0,0.0,0.0,0.0,0.0,0.0,0.0,0.0,40.0,24.0,100.0,0.0,40.0,0.0,2012.0
272,13121001202,134.0,0.0,0.0,0.0,0.0,0.0,0.0,0.0,0.0,0.0,0.0,0.0,0.0,0.0,0.0,0.0,43.0,0.0,91.0,0.0,0.0,0.0,2013.0
273,13121001202,163.0,0.0,0.0,0.0,0.0,0.0,0.0,0.0,0.0,0.0,0.0,0.0,0.0,0.0,0.0,0.0,45.0,0.0,118.0,0.0,0.0,0.0,2014.0
274,13121001202,127.0,0.0,0.0,0.0,0.0,0.0,0.0,0.0,0.0,0.0,0.0,0.0,0.0,0.0,0.0,0.0,0.0,0.0,127.0,0.0,0.0,0.0,2015.0
275,13121001202,135.0,0.0,0.0,0.0,0.0,0.0,0.0,0.0,0.0,0.0,0.0,0.0,0.0,0.0,0.0,0.0,0.0,0.0,135.0,0.0,0.0,0.0,2016.0
276,13121001202,73.0,0.0,0.0,0.0,0.0,0.0,0.0,0.0,0.0,0.0,0.0,0.0,0.0,0.0,0.0,0.0,0.0,0.0,33.0,0.0,40.0,0.0,2017.0
277,13121009102,143.0,0.0,0.0,0.0,0.0,0.0,0.0,0.0,0.0,0.0,0.0,0.0,0.0,0.0,48.0,0.0,48.0,47.0,0.0,0.0,0.0,0.0,2012.0
278,13121009102,93.0,0.0,0.0,0.0,0.0,0.0,0.0,0.0,0.0,0.0,0.0,0.0,0.0,0.0,0.0,57.0,0.0,36.0,0.0,0.0,0.0,0.0,2013.0
279,13121009102,188.0,0.0,0.0,0.0,0.0,0.0,0.0,0.0,0.0,0.0,0.0,0.0,0.0,0.0,0.0,51.0,47.0,43.0,47.0,0.0,0.0,0.0,2014.0
280,13121009102,177.0,0.0,0.0,0.0,0.0,0.0,0.0,0.0,0.0,0.0,0.0,0.0,0.0,0.0,0.0,50.0,44.0,38.0,45.0,0.0,0.0,0.0,2015.0
281,13121009102,227.0,0.0,0.0,0.0,0.0,0.0,0.0,0.0,0.0,0.0,0.0,0.0,0.0,0.0,0.0,49.0,46.0,40.0,92.0,0.0,0.0,0.0,2016.0
282,13121009102,187.0,0.0,0.0,0.0,0.0,0.0,0.0,0.0,0.0,0.0,0.0,0.0,0.0,0.0,0.0,49.0,46.0,0.0,92.0,0.0,0.0,0.0,2017.0
283,13089020802,122.0,0.0,0.0,0.0,0.0,0.0,0.0,0.0,0.0,0.0,0.0,0.0,0.0,0.0,28.0,0.0,34.0,30.0,30.0,0.0,0.0,0.0,2012.0
284,13089020802,96.0,0.0,0.0,0.0,0.0,0.0,0.0,0.0,0.0,0.0,0.0,0.0,0.0,0.0,23.0,0.0,0.0,51.0,22.0,0.0,0.0,0.0,2013.0
285,13089020802,90.0,0.0,0.0,0.0,0.0,0.0,0.0,0.0,0.0,0.0,0.0,0.0,0.0,0.0,25.0,0.0,0.0,57.0,0.0,0.0,0.0,8.0,2014.0
286,13089020802,55.0,0.0,0.0,0.0,0.0,0.0,0.0,0.0,0.0,0.0,0.0,0.0,0.0,0.0,23.0,0.0,0.0,0.0,24.0,0.0,0.0,0.0,2015.0
287,13089020802,31.0,0.0,0.0,0.0,0.0,0.0,0.0,0.0,0.0,0.0,0.0,0.0,0.0,0.0,0.0,0.0,0.0,0.0,23.0,0.0,0.0,0.0,2016.0
288,13089020802,28.0,0.0,0.0,0.0,0.0,0.0,0.0,0.0,0.0,0.0,18.0,0.0,0.0,0.0,0.0,0.0,0.0,0.0,0.0,0.0,0.0,0.0,2017.0
289,13121001201,43.0,0.0,0.0,0.0,0.0,0.0,0.0,0.0,0.0,0.0,0.0,0.0,0.0,0.0,0.0,0.0,0.0,28.0,0.0,0.0,15.0,0.0,2012.0
290,13121001201,57.0,0.0,0.0,0.0,0.0,0.0,0.0,0.0,0.0,0.0,0.0,0.0,0.0,0.0,0.0,0.0,0.0,44.0,0.0,0.0,0.0,13.0,2013.0
291,13121001201,87.0,0.0,0.0,0.0,0.0,0.0,0.0,0.0,0.0,0.0,0.0,0.0,0.0,0.0,0.0,0.0,0.0,37.0,38.0,0.0,0.0,12.0,2014.0
292,13121001201,81.0,0.0,0.0,0.0,0.0,0.0,0.0,0.0,0.0,0.0,0.0,0.0,0.0,0.0,0.0,0.0,0.0,40.0,41.0,0.0,0.0,0.0,2015.0
293,13121001201,76.0,0.0,0.0,0.0,0.0,0.0,0.0,0.0,0.0,0.0,0.0,0.0,0.0,0.0,0.0,0.0,0.0,37.0,39.0,0.0,0.0,0.0,2016.0
294,13121001201,43.0,0.0,0.0,0.0,0.0,0.0,0.0,0.0,0.0,0.0,0.0,0.0,0.0,0.0,0.0,0.0,0.0,0.0,43.0,0.0,0.0,0.0,2017.0
295,13121001001,50.0,0.0,0.0,0.0,0.0,0.0,0.0,0.0,0.0,0.0,0.0,0.0,0.0,0.0,0.0,0.0,0.0,0.0,34.0,16.0,0.0,0.0,2012.0
296,13121001001,15.0,0.0,0.0,0.0,0.0,0.0,0.0,0.0,0.0,0.0,0.0,0.0,0.0,0.0,0.0,0.0,0.0,0.0,0.0,0.0,15.0,0.0,2013.0
297,13121001001,30.0,0.0,0.0,0.0,0.0,0.0,0.0,0.0,0.0,0.0,0.0,0.0,0.0,0.0,0.0,0.0,0.0,0.0,15.0,0.0,15.0,0.0,2014.0
298,13121001001,34.0,0.0,0.0,0.0,0.0,0.0,0.0,0.0,0.0,0.0,0.0,0.0,0.0,0.0,0.0,0.0,0.0,0.0,19.0,0.0,15.0,0.0,2015.0
299,13121001001,41.0,0.0,0.0,0.0,0.0,0.0,0.0,0.0,0.0,0.0,0.0,0.0,0.0,0.0,0.0,0.0,0.0,0.0,21.0,0.0,10.0,10.0,2016.0
300,13121001001,63.0,0.0,0.0,0.0,0.0,0.0,0.0,0.0,0.0,0.0,0.0,0.0,0.0,0.0,0.0,0.0,0.0,0.0,22.0,10.0,20.0,11.0,2017.0
301,13121008903,401.0,0.0,0.0,37.0,0.0,0.0,0.0,0.0,0.0,0.0,62.0,66.0,37.0,52.0,0.0,0.0,104.0,0.0,43.0,0.0,0.0,0.0,2012.0
302,13121008903,360.0,0.0,0.0,35.0,0.0,0.0,0.0,0.0,0.0,0.0,57.0,94.0,36.0,37.0,15.0,0.0,35.0,0.0,51.0,0.0,0.0,0.0,2013.0
303,13121008903,366.0,0.0,0.0,38.0,0.0,0.0,0.0,0.0,0.0,0.0,66.0,97.0,0.0,0.0,44.0,0.0,37.0,28.0,56.0,0.0,0.0,0.0,2014.0
304,13121008903,202.0,0.0,0.0,0.0,0.0,0.0,0.0,0.0,0.0,0.0,0.0,100.0,0.0,0.0,22.0,0.0,0.0,26.0,54.0,0.0,0.0,0.0,2015.0
305,13121008903,85.0,0.0,0.0,0.0,0.0,0.0,0.0,0.0,0.0,0.0,0.0,31.0,0.0,0.0,0.0,14.0,0.0,26.0,14.0,0.0,0.0,0.0,2016.0
306,13121008903,113.0,0.0,0.0,0.0,0.0,0.0,0.0,0.0,0.0,0.0,0.0,25.0,0.0,0.0,0.0,16.0,0.0,19.0,0.0,14.0,39.0,0.0,2017.0
307,13121004300,116.0,0.0,0.0,0.0,13.0,0.0,0.0,0.0,0.0,0.0,0.0,0.0,0.0,0.0,44.0,0.0,59.0,0.0,0.0,0.0,0.0,0.0,2012.0
308,13121004300,132.0,0.0,0.0,0.0,14.0,0.0,0.0,0.0,0.0,0.0,0.0,0.0,0.0,0.0,50.0,0.0,68.0,0.0,0.0,0.0,0.0,0.0,2013.0
309,13121004300,100.0,0.0,0.0,0.0,13.0,0.0,0.0,0.0,0.0,0.0,0.0,0.0,0.0,0.0,20.0,0.0,59.0,8.0,0.0,0.0,0.0,0.0,2014.0
310,13121004300,61.0,0.0,0.0,0.0,14.0,0.0,0.0,0.0,0.0,0.0,0.0,0.0,0.0,0.0,19.0,7.0,0.0,21.0,0.0,0.0,0.0,0.0,2015.0
311,13121004300,40.0,0.0,0.0,0.0,0.0,0.0,0.0,0.0,0.0,0.0,0.0,0.0,0.0,0.0,0.0,28.0,0.0,12.0,0.0,0.0,0.0,0.0,2016.0
312,13121004300,21.0,0.0,0.0,0.0,0.0,0.0,0.0,0.0,0.0,0.0,0.0,0.0,0.0,0.0,0.0,10.0,0.0,11.0,0.0,0.0,0.0,0.0,2017.0
313,13121007603,201.0,0.0,0.0,0.0,0.0,0.0,0.0,0.0,26.0,0.0,0.0,31.0,80.0,64.0,0.0,0.0,0.0,0.0,0.0,0.0,0.0,0.0,2012.0
314,13121007603,188.0,0.0,0.0,0.0,0.0,0.0,0.0,20.0,0.0,28.0,0.0,29.0,34.0,77.0,0.0,0.0,0.0,0.0,0.0,0.0,0.0,0.0,2013.0
315,13121007603,221.0,0.0,0.0,0.0,0.0,0.0,0.0,10.0,0.0,80.0,0.0,27.0,32.0,72.0,0.0,0.0,0.0,0.0,0.0,0.0,0.0,0.0,2014.0
316,13121007603,215.0,0.0,0.0,0.0,0.0,0.0,0.0,22.0,0.0,85.0,0.0,0.0,0.0,71.0,0.0,0.0,37.0,0.0,0.0,0.0,0.0,0.0,2015.0
317,13121007603,261.0,0.0,0.0,0.0,0.0,0.0,0.0,39.0,29.0,31.0,38.0,31.0,0.0,31.0,31.0,0.0,31.0,0.0,0.0,0.0,0.0,0.0,2016.0
318,13121007603,270.0,0.0,0.0,0.0,0.0,0.0,0.0,74.0,27.0,28.0,48.0,36.0,0.0,28.0,0.0,0.0,29.0,0.0,0.0,0.0,0.0,0.0,2017.0
319,13121007604,282.0,0.0,0.0,0.0,0.0,0.0,0.0,0.0,0.0,0.0,0.0,61.0,0.0,33.0,124.0,0.0,33.0,31.0,0.0,0.0,0.0,0.0,2012.0
320,13121007604,274.0,0.0,0.0,0.0,0.0,0.0,0.0,0.0,0.0,0.0,0.0,65.0,0.0,29.0,114.0,0.0,34.0,32.0,0.0,0.0,0.0,0.0,2013.0
321,13121007604,196.0,0.0,0.0,0.0,0.0,0.0,0.0,0.0,0.0,0.0,0.0,103.0,33.0,25.0,0.0,0.0,0.0,35.0,0.0,0.0,0.0,0.0,2014.0
322,13121007604,201.0,0.0,0.0,0.0,0.0,0.0,0.0,0.0,0.0,0.0,0.0,102.0,69.0,30.0,0.0,0.0,0.0,0.0,0.0,0.0,0.0,0.0,2015.0
323,13121007604,201.0,0.0,0.0,0.0,0.0,0.0,0.0,0.0,0.0,0.0,0.0,85.0,57.0,25.0,0.0,20.0,14.0,0.0,0.0,0.0,0.0,0.0,2016.0
324,13121007604,176.0,0.0,0.0,0.0,0.0,0.0,0.0,0.0,0.0,0.0,0.0,83.0,40.0,22.0,0.0,18.0,13.0,0.0,0.0,0.0,0.0,0.0,2017.0
325,13121007703,189.0,0.0,0.0,0.0,26.0,0.0,0.0,0.0,0.0,0.0,24.0,0.0,27.0,54.0,0.0,0.0,0.0,58.0,0.0,0.0,0.0,0.0,2012.0
326,13121007703,127.0,0.0,0.0,0.0,26.0,0.0,0.0,0.0,0.0,0.0,24.0,0.0,0.0,49.0,0.0,0.0,0.0,28.0,0.0,0.0,0.0,0.0,2013.0
327,13121007703,126.0,0.0,0.0,0.0,26.0,0.0,0.0,0.0,0.0,0.0,40.0,0.0,0.0,0.0,17.0,15.0,0.0,28.0,0.0,0.0,0.0,0.0,2014.0
328,13121007703,142.0,0.0,0.0,0.0,0.0,0.0,0.0,0.0,0.0,0.0,43.0,17.0,0.0,0.0,19.0,21.0,0.0,27.0,0.0,15.0,0.0,0.0,2015.0
329,13121007703,136.0,0.0,0.0,0.0,0.0,0.0,0.0,0.0,0.0,0.0,48.0,19.0,0.0,0.0,38.0,17.0,0.0,0.0,0.0,14.0,0.0,0.0,2016.0
330,13121007703,144.0,0.0,0.0,0.0,0.0,0.0,0.0,0.0,0.0,0.0,23.0,23.0,0.0,0.0,45.0,37.0,0.0,0.0,0.0,16.0,0.0,0.0,2017.0
331,13121007704,157.0,0.0,0.0,0.0,0.0,0.0,0.0,0.0,0.0,0.0,68.0,34.0,21.0,34.0,0.0,0.0,0.0,0.0,0.0,0.0,0.0,0.0,2012.0
332,13121007704,154.0,0.0,0.0,0.0,0.0,0.0,0.0,0.0,0.0,0.0,36.0,36.0,22.0,24.0,36.0,0.0,0.0,0.0,0.0,0.0,0.0,0.0,2013.0
333,13121007704,87.0,0.0,0.0,0.0,0.0,0.0,0.0,0.0,0.0,0.0,0.0,0.0,21.0,66.0,0.0,0.0,0.0,0.0,0.0,0.0,0.0,0.0,2014.0
334,13121007704,73.0,0.0,0.0,0.0,0.0,0.0,0.0,0.0,0.0,0.0,0.0,0.0,18.0,55.0,0.0,0.0,0.0,0.0,0.0,0.0,0.0,0.0,2015.0
335,13121007704,107.0,0.0,0.0,0.0,0.0,0.0,0.0,0.0,0.0,0.0,0.0,0.0,18.0,38.0,18.0,7.0,0.0,0.0,0.0,0.0,26.0,0.0,2016.0
336,13121007704,106.0,0.0,0.0,0.0,0.0,0.0,0.0,0.0,0.0,0.0,0.0,0.0,11.0,22.0,40.0,7.0,0.0,0.0,0.0,0.0,26.0,0.0,2017.0
337,13121009501,0.0,0.0,0.0,0.0,0.0,0.0,0.0,0.0,0.0,0.0,0.0,0.0,0.0,0.0,0.0,0.0,0.0,0.0,0.0,0.0,0.0,0.0,2012.0
338,13121009501,24.0,0.0,0.0,0.0,0.0,0.0,0.0,0.0,0.0,0.0,0.0,0.0,0.0,0.0,0.0,0.0,0.0,24.0,0.0,0.0,0.0,0.0,2013.0
339,13121009501,23.0,0.0,0.0,0.0,0.0,0.0,0.0,0.0,0.0,0.0,0.0,0.0,0.0,0.0,0.0,0.0,0.0,23.0,0.0,0.0,0.0,0.0,2014.0
340,13121009501,21.0,0.0,0.0,0.0,0.0,0.0,0.0,0.0,0.0,0.0,0.0,0.0,0.0,0.0,0.0,0.0,0.0,21.0,0.0,0.0,0.0,0.0,2015.0
341,13121009501,25.0,0.0,0.0,0.0,0.0,0.0,0.0,0.0,0.0,0.0,0.0,0.0,0.0,0.0,0.0,0.0,0.0,25.0,0.0,0.0,0.0,0.0,2016.0
342,13121009501,26.0,0.0,0.0,0.0,0.0,0.0,0.0,0.0,0.0,0.0,0.0,0.0,0.0,0.0,0.0,0.0,0.0,26.0,0.0,0.0,0.0,0.0,2017.0
343,13089020700,60.0,0.0,0.0,0.0,0.0,0.0,0.0,0.0,0.0,0.0,27.0,0.0,0.0,24.0,0.0,0.0,0.0,0.0,0.0,0.0,9.0,0.0,2012.0
344,13089020700,76.0,0.0,0.0,0.0,0.0,0.0,0.0,0.0,0.0,0.0,30.0,0.0,0.0,16.0,0.0,0.0,15.0,0.0,0.0,0.0,15.0,0.0,2013.0
345,13089020700,56.0,0.0,0.0,0.0,0.0,0.0,0.0,0.0,0.0,0.0,0.0,0.0,0.0,30.0,0.0,0.0,16.0,0.0,0.0,0.0,10.0,0.0,2014.0
346,13089020700,16.0,0.0,0.0,0.0,0.0,0.0,0.0,0.0,0.0,0.0,0.0,0.0,0.0,0.0,0.0,0.0,16.0,0.0,0.0,0.0,0.0,0.0,2015.0
347,13089020700,16.0,0.0,0.0,0.0,0.0,0.0,0.0,0.0,0.0,0.0,0.0,0.0,0.0,0.0,0.0,0.0,16.0,0.0,0.0,0.0,0.0,0.0,2016.0
348,13089020700,33.0,0.0,0.0,0.0,0.0,0.0,0.0,0.0,0.0,0.0,0.0,0.0,0.0,0.0,0.0,16.0,0.0,17.0,0.0,0.0,0.0,0.0,2017.0
349,13121008902,169.0,0.0,0.0,0.0,0.0,0.0,0.0,0.0,0.0,0.0,0.0,0.0,0.0,39.0,47.0,0.0,0.0,40.0,0.0,0.0,0.0,43.0,2012.0
350,13121008902,257.0,0.0,0.0,0.0,0.0,0.0,0.0,0.0,0.0,0.0,0.0,0.0,0.0,41.0,0.0,0.0,0.0,34.0,141.0,0.0,0.0,41.0,2013.0
351,13121008902,206.0,0.0,0.0,0.0,0.0,0.0,0.0,0.0,0.0,0.0,0.0,0.0,0.0,0.0,0.0,0.0,0.0,36.0,127.0,0.0,0.0,43.0,2014.0
352,13121008902,254.0,0.0,0.0,0.0,0.0,0.0,0.0,0.0,0.0,0.0,0.0,0.0,0.0,0.0,0.0,0.0,0.0,30.0,133.0,91.0,0.0,0.0,2015.0
353,13121008902,233.0,0.0,0.0,0.0,0.0,0.0,0.0,0.0,0.0,0.0,0.0,0.0,0.0,0.0,0.0,0.0,0.0,27.0,123.0,83.0,0.0,0.0,2016.0
354,13121008902,392.0,0.0,0.0,0.0,0.0,0.0,0.0,0.0,0.0,0.0,0.0,0.0,0.0,0.0,0.0,0.0,0.0,0.0,171.0,221.0,0.0,0.0,2017.0
355,13121009403,278.0,0.0,0.0,0.0,0.0,0.0,0.0,0.0,0.0,0.0,0.0,0.0,0.0,44.0,0.0,29.0,35.0,93.0,77.0,0.0,0.0,0.0,2012.0
356,13121009403,273.0,0.0,0.0,0.0,0.0,0.0,0.0,0.0,0.0,0.0,0.0,0.0,0.0,33.0,0.0,43.0,0.0,58.0,93.0,0.0,46.0,0.0,2013.0
357,13121009403,298.0,0.0,0.0,0.0,0.0,0.0,0.0,0.0,0.0,0.0,0.0,0.0,0.0,88.0,0.0,36.0,32.0,14.0,85.0,0.0,43.0,0.0,2014.0
358,13121009403,252.0,0.0,0.0,0.0,0.0,0.0,0.0,0.0,0.0,0.0,0.0,0.0,0.0,90.0,0.0,36.0,32.0,14.0,0.0,38.0,42.0,0.0,2015.0
359,13121009403,362.0,0.0,0.0,0.0,0.0,0.0,40.0,0.0,0.0,0.0,0.0,0.0,0.0,0.0,114.0,36.0,32.0,14.0,0.0,49.0,77.0,0.0,2016.0
360,13121009403,345.0,0.0,0.0,0.0,0.0,0.0,39.0,0.0,0.0,0.0,0.0,0.0,0.0,0.0,42.0,37.0,34.0,0.0,15.0,98.0,80.0,0.0,2017.0
361,13121009602,238.0,0.0,0.0,0.0,0.0,0.0,0.0,0.0,0.0,0.0,0.0,0.0,0.0,0.0,0.0,0.0,0.0,0.0,0.0,64.0,75.0,99.0,2012.0
362,13121009602,272.0,0.0,0.0,0.0,0.0,0.0,0.0,0.0,0.0,0.0,0.0,0.0,0.0,35.0,0.0,0.0,0.0,0.0,36.0,63.0,13.0,125.0,2013.0
363,13121009602,283.0,0.0,0.0,0.0,0.0,0.0,0.0,0.0,0.0,0.0,0.0,0.0,0.0,34.0,0.0,0.0,0.0,26.0,0.0,96.0,35.0,92.0,2014.0
364,13121009602,257.0,0.0,0.0,0.0,0.0,0.0,0.0,0.0,0.0,0.0,0.0,0.0,0.0,36.0,0.0,0.0,0.0,24.0,0.0,37.0,127.0,0.0,2015.0
365,13121009602,292.0,0.0,0.0,0.0,0.0,0.0,0.0,0.0,0.0,0.0,0.0,0.0,0.0,36.0,0.0,0.0,0.0,28.0,0.0,37.0,158.0,0.0,2016.0
366,13121009602,249.0,0.0,0.0,0.0,0.0,0.0,0.0,0.0,0.0,0.0,0.0,0.0,0.0,36.0,0.0,0.0,0.0,28.0,0.0,37.0,148.0,0.0,2017.0
367,13121009404,122.0,0.0,0.0,0.0,0.0,0.0,0.0,0.0,0.0,0.0,0.0,0.0,0.0,36.0,0.0,0.0,26.0,0.0,60.0,0.0,0.0,0.0,2012.0
368,13121009404,93.0,0.0,0.0,0.0,0.0,0.0,0.0,0.0,0.0,0.0,0.0,0.0,0.0,0.0,33.0,0.0,0.0,0.0,60.0,0.0,0.0,0.0,2013.0
369,13121009404,120.0,0.0,0.0,0.0,0.0,0.0,0.0,0.0,0.0,0.0,0.0,0.0,0.0,0.0,26.0,0.0,0.0,0.0,94.0,0.0,0.0,0.0,2014.0
370,13121009404,96.0,0.0,0.0,0.0,0.0,0.0,0.0,0.0,32.0,0.0,0.0,0.0,0.0,0.0,0.0,0.0,0.0,0.0,64.0,0.0,0.0,0.0,2015.0
371,13121009404,103.0,0.0,0.0,0.0,0.0,0.0,0.0,0.0,35.0,0.0,0.0,0.0,0.0,0.0,0.0,0.0,0.0,0.0,68.0,0.0,0.0,0.0,2016.0
372,13121009404,125.0,0.0,0.0,0.0,0.0,0.0,0.0,0.0,42.0,0.0,0.0,0.0,0.0,0.0,0.0,0.0,0.0,0.0,83.0,0.0,0.0,0.0,2017.0
373,13121009502,263.0,0.0,0.0,0.0,0.0,0.0,0.0,0.0,0.0,38.0,0.0,0.0,0.0,0.0,0.0,0.0,64.0,0.0,124.0,37.0,0.0,0.0,2012.0
374,13121009502,272.0,0.0,0.0,0.0,0.0,0.0,0.0,0.0,0.0,43.0,0.0,0.0,0.0,0.0,0.0,0.0,41.0,0.0,145.0,43.0,0.0,0.0,2013.0
375,13121009502,177.0,0.0,0.0,0.0,0.0,0.0,0.0,0.0,0.0,0.0,0.0,0.0,0.0,0.0,0.0,0.0,37.0,0.0,81.0,59.0,0.0,0.0,2014.0
376,13121009502,94.0,0.0,0.0,0.0,0.0,0.0,0.0,0.0,0.0,0.0,0.0,0.0,0.0,0.0,0.0,0.0,36.0,0.0,0.0,58.0,0.0,0.0,2015.0
377,13121009502,0.0,0.0,0.0,0.0,0.0,0.0,0.0,0.0,0.0,0.0,0.0,0.0,0.0,0.0,0.0,0.0,0.0,0.0,0.0,0.0,0.0,0.0,2016.0
378,13121009502,92.0,0.0,0.0,0.0,0.0,0.0,0.0,0.0,0.0,0.0,0.0,0.0,0.0,0.0,0.0,0.0,0.0,0.0,46.0,0.0,46.0,0.0,2017.0
379,13121010114,130.0,0.0,0.0,0.0,0.0,0.0,0.0,0.0,0.0,0.0,0.0,0.0,0.0,0.0,0.0,0.0,100.0,0.0,0.0,30.0,0.0,0.0,2012.0
380,13121010114,93.0,0.0,0.0,0.0,0.0,0.0,0.0,0.0,0.0,0.0,0.0,0.0,0.0,0.0,0.0,0.0,46.0,47.0,0.0,0.0,0.0,0.0,2013.0
381,13121010114,43.0,0.0,0.0,0.0,0.0,0.0,0.0,0.0,0.0,0.0,0.0,0.0,0.0,0.0,0.0,0.0,0.0,43.0,0.0,0.0,0.0,0.0,2014.0
382,13121010114,0.0,0.0,0.0,0.0,0.0,0.0,0.0,0.0,0.0,0.0,0.0,0.0,0.0,0.0,0.0,0.0,0.0,0.0,0.0,0.0,0.0,0.0,2015.0
383,13121010114,68.0,0.0,0.0,0.0,0.0,0.0,0.0,0.0,0.0,0.0,0.0,0.0,0.0,0.0,0.0,0.0,0.0,68.0,0.0,0.0,0.0,0.0,2016.0
384,13121010114,69.0,0.0,0.0,0.0,0.0,0.0,0.0,0.0,0.0,0.0,0.0,0.0,0.0,0.0,0.0,0.0,0.0,0.0,69.0,0.0,0.0,0.0,2017.0
385,13121011800,276.0,0.0,0.0,0.0,0.0,0.0,0.0,19.0,41.0,38.0,74.0,0.0,15.0,0.0,0.0,0.0,19.0,0.0,18.0,0.0,14.0,38.0,2012.0
386,13121011800,380.0,0.0,0.0,0.0,0.0,0.0,0.0,19.0,41.0,0.0,76.0,17.0,76.0,63.0,0.0,0.0,19.0,0.0,17.0,0.0,14.0,38.0,2013.0
387,13121011800,384.0,0.0,0.0,0.0,0.0,0.0,0.0,19.0,0.0,16.0,52.0,48.0,58.0,99.0,8.0,0.0,0.0,0.0,17.0,0.0,14.0,53.0,2014.0
388,13121011800,273.0,0.0,0.0,0.0,0.0,0.0,0.0,0.0,0.0,15.0,15.0,44.0,55.0,94.0,9.0,0.0,0.0,0.0,9.0,5.0,13.0,0.0,2015.0
389,13121011800,296.0,0.0,0.0,0.0,0.0,0.0,0.0,0.0,0.0,15.0,0.0,68.0,41.0,94.0,24.0,0.0,8.0,0.0,9.0,23.0,0.0,0.0,2016.0
390,13121011800,315.0,0.0,0.0,0.0,0.0,0.0,0.0,0.0,0.0,15.0,0.0,69.0,16.0,107.0,24.0,0.0,9.0,0.0,29.0,32.0,0.0,0.0,2017.0
391,13089020600,48.0,0.0,0.0,0.0,0.0,0.0,0.0,0.0,0.0,0.0,0.0,0.0,0.0,0.0,0.0,0.0,0.0,0.0,48.0,0.0,0.0,0.0,2012.0
392,13089020600,46.0,0.0,0.0,0.0,0.0,0.0,0.0,0.0,0.0,0.0,0.0,0.0,0.0,0.0,0.0,0.0,0.0,0.0,46.0,0.0,0.0,0.0,2013.0
393,13089020600,22.0,0.0,0.0,0.0,0.0,0.0,0.0,0.0,0.0,0.0,0.0,0.0,0.0,0.0,0.0,0.0,0.0,0.0,22.0,0.0,0.0,0.0,2014.0
394,13089020600,24.0,0.0,0.0,0.0,0.0,0.0,0.0,0.0,0.0,0.0,0.0,0.0,0.0,0.0,0.0,0.0,0.0,0.0,24.0,0.0,0.0,0.0,2015.0
395,13089020600,0.0,0.0,0.0,0.0,0.0,0.0,0.0,0.0,0.0,0.0,0.0,0.0,0.0,0.0,0.0,0.0,0.0,0.0,0.0,0.0,0.0,0.0,2016.0
396,13089020600,48.0,0.0,0.0,0.0,0.0,0.0,0.0,0.0,0.0,0.0,0.0,0.0,0.0,0.0,0.0,0.0,0.0,22.0,0.0,0.0,0.0,26.0,2017.0
397,13089020400,43.0,0.0,0.0,0.0,0.0,0.0,0.0,0.0,0.0,0.0,0.0,0.0,0.0,19.0,0.0,24.0,0.0,0.0,0.0,0.0,0.0,0.0,2012.0
398,13089020400,32.0,0.0,0.0,0.0,0.0,0.0,0.0,0.0,0.0,0.0,0.0,0.0,0.0,0.0,0.0,32.0,0.0,0.0,0.0,0.0,0.0,0.0,2013.0
399,13089020400,24.0,0.0,0.0,0.0,0.0,0.0,0.0,0.0,0.0,0.0,0.0,0.0,0.0,0.0,0.0,24.0,0.0,0.0,0.0,0.0,0.0,0.0,2014.0
400,13089020400,0.0,0.0,0.0,0.0,0.0,0.0,0.0,0.0,0.0,0.0,0.0,0.0,0.0,0.0,0.0,0.0,0.0,0.0,0.0,0.0,0.0,0.0,2015.0
401,13089020400,0.0,0.0,0.0,0.0,0.0,0.0,0.0,0.0,0.0,0.0,0.0,0.0,0.0,0.0,0.0,0.0,0.0,0.0,0.0,0.0,0.0,0.0,2016.0
402,13089020400,22.0,0.0,0.0,0.0,0.0,0.0,0.0,0.0,0.0,0.0,0.0,0.0,0.0,0.0,0.0,0.0,0.0,0.0,22.0,0.0,0.0,0.0,2017.0
403,13089020500,120.0,0.0,19.0,0.0,0.0,0.0,0.0,0.0,0.0,0.0,25.0,25.0,0.0,0.0,22.0,0.0,0.0,0.0,0.0,29.0,0.0,0.0,2012.0
404,13089020500,127.0,0.0,11.0,0.0,0.0,0.0,0.0,0.0,0.0,0.0,24.0,23.0,0.0,0.0,40.0,0.0,0.0,0.0,0.0,29.0,0.0,0.0,2013.0
405,13089020500,115.0,0.0,15.0,0.0,0.0,0.0,0.0,0.0,0.0,0.0,0.0,0.0,0.0,0.0,50.0,0.0,0.0,0.0,22.0,28.0,0.0,0.0,2014.0
406,13089020500,129.0,0.0,17.0,0.0,0.0,0.0,0.0,0.0,0.0,0.0,0.0,0.0,0.0,0.0,58.0,0.0,0.0,0.0,23.0,31.0,0.0,0.0,2015.0
407,13089020500,83.0,0.0,0.0,0.0,0.0,0.0,0.0,0.0,0.0,0.0,0.0,0.0,0.0,0.0,24.0,35.0,0.0,0.0,24.0,0.0,0.0,0.0,2016.0
408,13089020500,54.0,0.0,0.0,0.0,0.0,0.0,0.0,0.0,0.0,0.0,0.0,0.0,0.0,0.0,0.0,29.0,0.0,0.0,25.0,0.0,0.0,0.0,2017.0
409,13089020801,35.0,0.0,0.0,0.0,0.0,0.0,0.0,0.0,0.0,0.0,0.0,0.0,0.0,0.0,0.0,0.0,0.0,0.0,35.0,0.0,0.0,0.0,2012.0
410,13089020801,29.0,0.0,0.0,0.0,0.0,0.0,0.0,0.0,0.0,0.0,0.0,0.0,0.0,0.0,0.0,0.0,0.0,0.0,29.0,0.0,0.0,0.0,2013.0
411,13089020801,20.0,0.0,0.0,0.0,0.0,0.0,0.0,0.0,0.0,0.0,0.0,0.0,0.0,0.0,0.0,0.0,0.0,0.0,20.0,0.0,0.0,0.0,2014.0
412,13089020801,0.0,0.0,0.0,0.0,0.0,0.0,0.0,0.0,0.0,0.0,0.0,0.0,0.0,0.0,0.0,0.0,0.0,0.0,0.0,0.0,0.0,0.0,2015.0
413,13089020801,0.0,0.0,0.0,0.0,0.0,0.0,0.0,0.0,0.0,0.0,0.0,0.0,0.0,0.0,0.0,0.0,0.0,0.0,0.0,0.0,0.0,0.0,2016.0
414,13089020801,0.0,0.0,0.0,0.0,0.0,0.0,0.0,0.0,0.0,0.0,0.0,0.0,0.0,0.0,0.0,0.0,0.0,0.0,0.0,0.0,0.0,0.0,2017.0
415,13089020900,91.0,0.0,0.0,0.0,0.0,0.0,0.0,0.0,0.0,0.0,40.0,0.0,12.0,0.0,0.0,0.0,0.0,0.0,0.0,39.0,0.0,0.0,2012.0
416,13089020900,93.0,0.0,0.0,0.0,0.0,0.0,0.0,0.0,0.0,0.0,43.0,0.0,12.0,0.0,0.0,0.0,0.0,0.0,0.0,38.0,0.0,0.0,2013.0
417,13089020900,112.0,0.0,0.0,0.0,0.0,0.0,0.0,0.0,0.0,0.0,51.0,0.0,0.0,13.0,0.0,0.0,0.0,0.0,0.0,48.0,0.0,0.0,2014.0
418,13089020900,45.0,0.0,0.0,0.0,0.0,0.0,0.0,0.0,0.0,0.0,0.0,0.0,0.0,0.0,0.0,0.0,0.0,0.0,0.0,45.0,0.0,0.0,2015.0
419,13089020900,42.0,0.0,0.0,0.0,0.0,0.0,0.0,0.0,0.0,0.0,0.0,0.0,0.0,0.0,0.0,0.0,0.0,0.0,0.0,42.0,0.0,0.0,2016.0
420,13089020900,0.0,0.0,0.0,0.0,0.0,0.0,0.0,0.0,0.0,0.0,0.0,0.0,0.0,0.0,0.0,0.0,0.0,0.0,0.0,0.0,0.0,0.0,2017.0
421,13121001002,71.0,0.0,0.0,0.0,0.0,0.0,0.0,0.0,0.0,0.0,0.0,0.0,0.0,0.0,0.0,0.0,0.0,0.0,53.0,18.0,0.0,0.0,2012.0
422,13121001002,76.0,0.0,0.0,0.0,0.0,0.0,0.0,0.0,0.0,0.0,0.0,0.0,0.0,0.0,0.0,0.0,0.0,0.0,57.0,19.0,0.0,0.0,2013.0
423,13121001002,101.0,0.0,0.0,0.0,0.0,0.0,0.0,0.0,0.0,0.0,0.0,0.0,0.0,0.0,0.0,8.0,0.0,0.0,64.0,29.0,0.0,0.0,2014.0
424,13121001002,47.0,0.0,0.0,0.0,0.0,0.0,0.0,0.0,0.0,0.0,0.0,0.0,0.0,0.0,0.0,9.0,0.0,0.0,22.0,10.0,6.0,0.0,2015.0
425,13121001002,56.0,0.0,0.0,0.0,0.0,0.0,0.0,0.0,0.0,0.0,0.0,0.0,0.0,0.0,0.0,8.0,8.0,0.0,16.0,17.0,7.0,0.0,2016.0
426,13121001002,59.0,0.0,0.0,0.0,0.0,0.0,0.0,0.0,0.0,0.0,0.0,0.0,0.0,0.0,0.0,8.0,8.0,0.0,8.0,27.0,8.0,0.0,2017.0
427,13121000700,11.0,0.0,0.0,0.0,0.0,0.0,0.0,0.0,0.0,0.0,0.0,0.0,0.0,0.0,0.0,0.0,0.0,0.0,11.0,0.0,0.0,0.0,2012.0
428,13121000700,11.0,0.0,0.0,0.0,0.0,0.0,0.0,0.0,0.0,0.0,0.0,0.0,0.0,0.0,0.0,0.0,0.0,0.0,11.0,0.0,0.0,0.0,2013.0
429,13121000700,36.0,0.0,0.0,0.0,0.0,0.0,0.0,0.0,0.0,0.0,0.0,0.0,0.0,0.0,0.0,24.0,0.0,0.0,12.0,0.0,0.0,0.0,2014.0
430,13121000700,27.0,0.0,0.0,0.0,0.0,0.0,0.0,0.0,0.0,0.0,0.0,0.0,0.0,0.0,0.0,16.0,0.0,0.0,11.0,0.0,0.0,0.0,2015.0
431,13121000700,25.0,0.0,0.0,0.0,0.0,0.0,0.0,0.0,0.0,0.0,0.0,0.0,0.0,0.0,0.0,15.0,0.0,0.0,10.0,0.0,0.0,0.0,2016.0
432,13121000700,14.0,0.0,0.0,0.0,0.0,0.0,0.0,0.0,0.0,0.0,0.0,0.0,0.0,0.0,0.0,14.0,0.0,0.0,0.0,0.0,0.0,0.0,2017.0
433,13121008700,330.0,25.0,0.0,0.0,0.0,23.0,0.0,0.0,0.0,0.0,80.0,22.0,0.0,20.0,23.0,0.0,92.0,33.0,0.0,0.0,0.0,12.0,2012.0
434,13121008700,306.0,22.0,0.0,0.0,0.0,21.0,0.0,0.0,0.0,0.0,92.0,19.0,0.0,17.0,0.0,21.0,64.0,30.0,0.0,0.0,0.0,20.0,2013.0
435,13121008700,222.0,0.0,0.0,0.0,0.0,23.0,0.0,0.0,0.0,0.0,103.0,22.0,0.0,17.0,0.0,0.0,39.0,0.0,0.0,0.0,0.0,18.0,2014.0
436,13121008700,194.0,0.0,0.0,0.0,0.0,0.0,0.0,0.0,0.0,0.0,99.0,23.0,0.0,16.0,0.0,0.0,36.0,0.0,0.0,0.0,0.0,0.0,2015.0
437,13121008700,110.0,0.0,0.0,0.0,0.0,0.0,0.0,0.0,0.0,0.0,95.0,0.0,0.0,0.0,0.0,0.0,15.0,0.0,0.0,0.0,0.0,0.0,2016.0
438,13121008700,0.0,0.0,0.0,0.0,0.0,0.0,0.0,0.0,0.0,0.0,0.0,0.0,0.0,0.0,0.0,0.0,0.0,0.0,0.0,0.0,0.0,0.0,2017.0
439,13089020100,32.0,0.0,0.0,0.0,0.0,0.0,0.0,0.0,0.0,0.0,0.0,32.0,0.0,0.0,0.0,0.0,0.0,0.0,0.0,0.0,0.0,0.0,2012.0
440,13089020100,0.0,0.0,0.0,0.0,0.0,0.0,0.0,0.0,0.0,0.0,0.0,0.0,0.0,0.0,0.0,0.0,0.0,0.0,0.0,0.0,0.0,0.0,2013.0
441,13089020100,0.0,0.0,0.0,0.0,0.0,0.0,0.0,0.0,0.0,0.0,0.0,0.0,0.0,0.0,0.0,0.0,0.0,0.0,0.0,0.0,0.0,0.0,2014.0
442,13089020100,23.0,0.0,0.0,0.0,0.0,0.0,0.0,0.0,0.0,0.0,0.0,0.0,0.0,0.0,23.0,0.0,0.0,0.0,0.0,0.0,0.0,0.0,2015.0
443,13089020100,23.0,0.0,0.0,0.0,0.0,0.0,0.0,0.0,0.0,0.0,0.0,0.0,0.0,0.0,23.0,0.0,0.0,0.0,0.0,0.0,0.0,0.0,2016.0
444,13089020100,36.0,0.0,0.0,0.0,0.0,0.0,0.0,0.0,0.0,0.0,0.0,0.0,0.0,0.0,18.0,0.0,0.0,0.0,0.0,0.0,0.0,0.0,2017.0
445,13089020200,53.0,0.0,0.0,0.0,0.0,0.0,0.0,0.0,0.0,0.0,0.0,0.0,0.0,0.0,0.0,0.0,24.0,0.0,29.0,0.0,0.0,0.0,2012.0
446,13089020200,51.0,0.0,0.0,0.0,0.0,0.0,0.0,0.0,0.0,0.0,0.0,0.0,0.0,0.0,0.0,0.0,23.0,0.0,28.0,0.0,0.0,0.0,2013.0
447,13089020200,71.0,0.0,0.0,0.0,0.0,0.0,0.0,0.0,0.0,0.0,22.0,0.0,0.0,0.0,0.0,0.0,22.0,0.0,27.0,0.0,0.0,0.0,2014.0
448,13089020200,97.0,0.0,0.0,0.0,0.0,0.0,0.0,0.0,0.0,0.0,25.0,0.0,0.0,0.0,0.0,0.0,25.0,19.0,28.0,0.0,0.0,0.0,2015.0
449,13089020200,115.0,0.0,0.0,0.0,0.0,0.0,0.0,0.0,0.0,0.0,21.0,0.0,0.0,0.0,0.0,0.0,48.0,20.0,26.0,0.0,0.0,0.0,2016.0
450,13089020200,106.0,0.0,0.0,0.0,0.0,0.0,0.0,0.0,0.0,0.0,0.0,25.0,0.0,0.0,0.0,0.0,28.0,23.0,30.0,0.0,0.0,0.0,2017.0
451,13089020300,47.0,0.0,0.0,0.0,0.0,0.0,0.0,0.0,0.0,0.0,31.0,0.0,0.0,0.0,0.0,0.0,0.0,0.0,0.0,0.0,16.0,0.0,2012.0
452,13089020300,55.0,0.0,0.0,0.0,0.0,0.0,0.0,0.0,0.0,0.0,32.0,0.0,0.0,0.0,0.0,0.0,0.0,0.0,0.0,0.0,23.0,0.0,2013.0
453,13089020300,72.0,0.0,0.0,0.0,0.0,0.0,0.0,0.0,0.0,0.0,29.0,0.0,0.0,0.0,0.0,0.0,0.0,21.0,0.0,0.0,22.0,0.0,2014.0
454,13089020300,47.0,0.0,0.0,0.0,0.0,0.0,0.0,0.0,0.0,0.0,0.0,0.0,0.0,0.0,0.0,0.0,0.0,22.0,0.0,0.0,25.0,0.0,2015.0
455,13089020300,49.0,0.0,0.0,0.0,0.0,0.0,0.0,0.0,0.0,0.0,0.0,0.0,0.0,0.0,0.0,0.0,0.0,25.0,0.0,0.0,24.0,0.0,2016.0
456,13089020300,25.0,0.0,0.0,0.0,0.0,0.0,0.0,0.0,0.0,0.0,0.0,0.0,0.0,0.0,0.0,0.0,0.0,25.0,0.0,0.0,0.0,0.0,2017.0
457,13121006802,43.0,16.0,0.0,0.0,0.0,0.0,0.0,0.0,0.0,0.0,0.0,0.0,27.0,0.0,0.0,0.0,0.0,0.0,0.0,0.0,0.0,0.0,2012.0
458,13121006802,36.0,23.0,0.0,0.0,13.0,0.0,0.0,0.0,0.0,0.0,0.0,0.0,0.0,0.0,0.0,0.0,0.0,0.0,0.0,0.0,0.0,0.0,2013.0
459,13121006802,32.0,21.0,0.0,0.0,11.0,0.0,0.0,0.0,0.0,0.0,0.0,0.0,0.0,0.0,0.0,0.0,0.0,0.0,0.0,0.0,0.0,0.0,2014.0
460,13121006802,28.0,19.0,0.0,0.0,9.0,0.0,0.0,0.0,0.0,0.0,0.0,0.0,0.0,0.0,0.0,0.0,0.0,0.0,0.0,0.0,0.0,0.0,2015.0
461,13121006802,22.0,13.0,0.0,0.0,9.0,0.0,0.0,0.0,0.0,0.0,0.0,0.0,0.0,0.0,0.0,0.0,0.0,0.0,0.0,0.0,0.0,0.0,2016.0
462,13121006802,23.0,13.0,0.0,0.0,10.0,0.0,0.0,0.0,0.0,0.0,0.0,0.0,0.0,0.0,0.0,0.0,0.0,0.0,0.0,0.0,0.0,0.0,2017.0
463,13121006900,171.0,0.0,0.0,0.0,0.0,0.0,0.0,0.0,0.0,0.0,49.0,96.0,0.0,0.0,0.0,0.0,26.0,0.0,0.0,0.0,0.0,0.0,2012.0
464,13121006900,168.0,0.0,0.0,0.0,0.0,0.0,0.0,0.0,0.0,0.0,71.0,76.0,21.0,0.0,0.0,0.0,0.0,0.0,0.0,0.0,0.0,0.0,2013.0
465,13121006900,162.0,0.0,0.0,0.0,0.0,0.0,22.0,0.0,0.0,0.0,94.0,24.0,22.0,0.0,0.0,0.0,0.0,0.0,0.0,0.0,0.0,0.0,2014.0
466,13121006900,177.0,0.0,0.0,0.0,0.0,0.0,19.0,0.0,0.0,0.0,62.0,39.0,19.0,18.0,0.0,0.0,0.0,0.0,20.0,0.0,0.0,0.0,2015.0
467,13121006900,157.0,0.0,0.0,0.0,0.0,0.0,18.0,0.0,0.0,0.0,36.0,37.0,34.0,14.0,0.0,0.0,0.0,0.0,18.0,0.0,0.0,0.0,2016.0
468,13121006900,146.0,0.0,0.0,0.0,0.0,0.0,18.0,0.0,0.0,0.0,18.0,56.0,18.0,18.0,0.0,0.0,0.0,0.0,18.0,0.0,0.0,0.0,2017.0
469,13121007001,205.0,0.0,0.0,0.0,0.0,0.0,0.0,0.0,0.0,19.0,0.0,64.0,25.0,25.0,26.0,0.0,0.0,46.0,0.0,0.0,0.0,0.0,2012.0
470,13121007001,218.0,0.0,0.0,23.0,0.0,0.0,0.0,0.0,0.0,18.0,0.0,62.0,24.0,23.0,47.0,0.0,0.0,21.0,0.0,0.0,0.0,0.0,2013.0
471,13121007001,148.0,0.0,0.0,22.0,0.0,0.0,0.0,0.0,0.0,18.0,0.0,39.0,24.0,23.0,22.0,0.0,0.0,0.0,0.0,0.0,0.0,0.0,2014.0
472,13121007001,124.0,0.0,0.0,22.0,0.0,0.0,0.0,0.0,0.0,18.0,0.0,39.0,0.0,23.0,22.0,0.0,0.0,0.0,0.0,0.0,0.0,0.0,2015.0
473,13121007001,101.0,0.0,0.0,22.0,0.0,0.0,0.0,0.0,0.0,0.0,15.0,0.0,20.0,22.0,22.0,0.0,0.0,0.0,0.0,0.0,0.0,0.0,2016.0
474,13121007001,105.0,0.0,0.0,23.0,0.0,0.0,0.0,0.0,0.0,0.0,17.0,0.0,0.0,20.0,45.0,0.0,0.0,0.0,0.0,0.0,0.0,0.0,2017.0
475,13121007602,75.0,0.0,0.0,0.0,0.0,0.0,0.0,0.0,0.0,0.0,15.0,0.0,27.0,0.0,0.0,0.0,0.0,33.0,0.0,0.0,0.0,0.0,2012.0
476,13121007602,74.0,0.0,0.0,0.0,0.0,0.0,0.0,0.0,0.0,0.0,17.0,0.0,0.0,25.0,0.0,0.0,0.0,32.0,0.0,0.0,0.0,0.0,2013.0
477,13121007602,64.0,0.0,0.0,0.0,0.0,0.0,0.0,0.0,0.0,0.0,0.0,13.0,0.0,29.0,0.0,0.0,0.0,22.0,0.0,0.0,0.0,0.0,2014.0
478,13121007602,37.0,0.0,0.0,0.0,0.0,0.0,0.0,0.0,0.0,0.0,0.0,11.0,0.0,26.0,0.0,0.0,0.0,0.0,0.0,0.0,0.0,0.0,2015.0
479,13121007602,23.0,0.0,0.0,0.0,0.0,0.0,0.0,0.0,0.0,0.0,0.0,0.0,0.0,23.0,0.0,0.0,0.0,0.0,0.0,0.0,0.0,0.0,2016.0
480,13121007602,23.0,0.0,0.0,0.0,0.0,0.0,0.0,0.0,0.0,0.0,0.0,0.0,0.0,23.0,0.0,0.0,0.0,0.0,0.0,0.0,0.0,0.0,2017.0
481,13121007802,326.0,0.0,0.0,0.0,30.0,0.0,0.0,0.0,0.0,0.0,0.0,31.0,36.0,0.0,0.0,67.0,69.0,36.0,45.0,0.0,12.0,0.0,2012.0
482,13121007802,329.0,0.0,0.0,0.0,32.0,0.0,0.0,0.0,0.0,0.0,0.0,70.0,38.0,0.0,0.0,11.0,108.0,12.0,48.0,0.0,10.0,0.0,2013.0
483,13121007802,378.0,0.0,0.0,0.0,32.0,0.0,0.0,0.0,0.0,0.0,0.0,71.0,39.0,0.0,0.0,0.0,87.0,56.0,80.0,0.0,13.0,0.0,2014.0
484,13121007802,283.0,0.0,0.0,0.0,32.0,0.0,0.0,0.0,0.0,0.0,0.0,71.0,40.0,0.0,0.0,0.0,28.0,54.0,46.0,0.0,12.0,0.0,2015.0
485,13121007802,122.0,0.0,0.0,0.0,0.0,0.0,0.0,0.0,0.0,0.0,0.0,37.0,35.0,0.0,0.0,0.0,0.0,0.0,35.0,0.0,15.0,0.0,2016.0
486,13121007802,146.0,0.0,0.0,0.0,0.0,0.0,0.0,0.0,0.0,0.0,0.0,37.0,0.0,0.0,0.0,0.0,36.0,0.0,73.0,0.0,0.0,0.0,2017.0
487,13121002300,164.0,0.0,0.0,0.0,0.0,0.0,0.0,0.0,0.0,0.0,58.0,75.0,20.0,11.0,0.0,0.0,0.0,0.0,0.0,0.0,0.0,0.0,2012.0
488,13121002300,124.0,0.0,0.0,0.0,0.0,0.0,0.0,0.0,0.0,0.0,38.0,56.0,0.0,30.0,0.0,0.0,0.0,0.0,0.0,0.0,0.0,0.0,2013.0
489,13121002300,89.0,0.0,0.0,0.0,0.0,0.0,0.0,0.0,0.0,0.0,16.0,57.0,0.0,16.0,0.0,0.0,0.0,0.0,0.0,0.0,0.0,0.0,2014.0
490,13121002300,90.0,0.0,0.0,0.0,0.0,0.0,0.0,0.0,0.0,19.0,7.0,45.0,0.0,19.0,0.0,0.0,0.0,0.0,0.0,0.0,0.0,0.0,2015.0
491,13121002300,70.0,0.0,0.0,0.0,0.0,0.0,0.0,0.0,0.0,17.0,12.0,33.0,0.0,8.0,0.0,0.0,0.0,0.0,0.0,0.0,0.0,0.0,2016.0
492,13121002300,78.0,0.0,0.0,0.0,0.0,0.0,0.0,0.0,0.0,19.0,15.0,10.0,19.0,15.0,0.0,0.0,0.0,0.0,0.0,0.0,0.0,0.0,2017.0
493,13121002100,61.0,0.0,0.0,0.0,0.0,0.0,0.0,0.0,0.0,0.0,0.0,0.0,0.0,0.0,18.0,0.0,0.0,25.0,18.0,0.0,0.0,0.0,2012.0
494,13121002100,47.0,0.0,0.0,0.0,0.0,0.0,0.0,0.0,0.0,0.0,0.0,0.0,0.0,0.0,19.0,0.0,0.0,18.0,0.0,0.0,10.0,0.0,2013.0
495,13121002100,43.0,0.0,0.0,0.0,0.0,0.0,0.0,0.0,0.0,0.0,0.0,0.0,0.0,0.0,20.0,0.0,0.0,11.0,0.0,0.0,12.0,0.0,2014.0
496,13121002100,48.0,0.0,0.0,0.0,0.0,0.0,0.0,0.0,0.0,0.0,0.0,0.0,0.0,0.0,23.0,0.0,0.0,12.0,0.0,0.0,13.0,0.0,2015.0
497,13121002100,42.0,0.0,0.0,0.0,0.0,0.0,0.0,0.0,0.0,0.0,0.0,0.0,0.0,0.0,0.0,0.0,0.0,12.0,6.0,12.0,12.0,0.0,2016.0
498,13121002100,92.0,0.0,0.0,0.0,0.0,0.0,0.0,0.0,0.0,0.0,0.0,0.0,0.0,30.0,0.0,0.0,0.0,12.0,5.0,32.0,13.0,0.0,2017.0
499,13121007806,103.0,0.0,0.0,0.0,0.0,0.0,0.0,0.0,0.0,0.0,0.0,28.0,0.0,0.0,38.0,0.0,37.0,0.0,0.0,0.0,0.0,0.0,2012.0
500,13121007806,119.0,0.0,0.0,0.0,0.0,0.0,0.0,0.0,0.0,0.0,0.0,27.0,0.0,0.0,39.0,0.0,53.0,0.0,0.0,0.0,0.0,0.0,2013.0
501,13121007806,69.0,0.0,0.0,0.0,0.0,0.0,0.0,0.0,0.0,0.0,0.0,0.0,0.0,0.0,46.0,0.0,0.0,0.0,23.0,0.0,0.0,0.0,2014.0
502,13121007806,21.0,0.0,0.0,0.0,0.0,0.0,0.0,0.0,0.0,0.0,0.0,0.0,0.0,0.0,0.0,0.0,0.0,0.0,21.0,0.0,0.0,0.0,2015.0
503,13121007806,16.0,0.0,0.0,0.0,0.0,0.0,0.0,0.0,0.0,0.0,0.0,0.0,0.0,0.0,0.0,0.0,0.0,0.0,16.0,0.0,0.0,0.0,2016.0
504,13121007806,62.0,0.0,0.0,0.0,0.0,0.0,0.0,0.0,0.0,0.0,0.0,0.0,0.0,0.0,0.0,44.0,0.0,0.0,18.0,0.0,0.0,0.0,2017.0
505,13121007805,113.0,0.0,0.0,0.0,0.0,0.0,0.0,0.0,0.0,0.0,0.0,60.0,0.0,0.0,0.0,0.0,27.0,0.0,0.0,0.0,0.0,26.0,2012.0
506,13121007805,131.0,0.0,0.0,0.0,0.0,0.0,0.0,0.0,0.0,0.0,0.0,41.0,43.0,0.0,0.0,0.0,24.0,0.0,0.0,0.0,0.0,23.0,2013.0
507,13121007805,182.0,0.0,0.0,0.0,0.0,0.0,0.0,0.0,0.0,0.0,0.0,78.0,28.0,35.0,0.0,0.0,41.0,0.0,0.0,0.0,0.0,0.0,2014.0
508,13121007805,186.0,0.0,0.0,0.0,0.0,0.0,0.0,0.0,0.0,0.0,0.0,41.0,68.0,37.0,0.0,0.0,40.0,0.0,0.0,0.0,0.0,0.0,2015.0
509,13121007805,170.0,0.0,0.0,0.0,0.0,0.0,0.0,0.0,0.0,0.0,0.0,0.0,65.0,65.0,0.0,0.0,40.0,0.0,0.0,0.0,0.0,0.0,2016.0
510,13121007805,146.0,0.0,0.0,0.0,0.0,0.0,0.0,0.0,0.0,0.0,0.0,0.0,45.0,39.0,22.0,0.0,40.0,0.0,0.0,0.0,0.0,0.0,2017.0
511,13121002800,164.0,0.0,0.0,0.0,21.0,0.0,0.0,0.0,0.0,0.0,15.0,20.0,0.0,0.0,0.0,0.0,0.0,0.0,70.0,19.0,19.0,0.0,2012.0
512,13121002800,206.0,0.0,0.0,0.0,22.0,0.0,0.0,0.0,0.0,0.0,16.0,23.0,0.0,0.0,0.0,0.0,0.0,0.0,74.0,13.0,58.0,0.0,2013.0
513,13121002800,196.0,0.0,0.0,0.0,22.0,0.0,0.0,0.0,0.0,0.0,16.0,23.0,0.0,0.0,0.0,0.0,0.0,0.0,46.0,33.0,56.0,0.0,2014.0
514,13121002800,166.0,0.0,0.0,0.0,10.0,0.0,0.0,11.0,0.0,0.0,15.0,0.0,0.0,0.0,0.0,0.0,0.0,0.0,53.0,26.0,51.0,0.0,2015.0
515,13121002800,103.0,0.0,0.0,0.0,13.0,0.0,0.0,0.0,20.0,0.0,0.0,0.0,0.0,0.0,0.0,0.0,0.0,0.0,45.0,10.0,15.0,0.0,2016.0
516,13121002800,116.0,0.0,0.0,0.0,13.0,0.0,0.0,0.0,22.0,0.0,0.0,0.0,0.0,0.0,0.0,0.0,0.0,0.0,39.0,13.0,29.0,0.0,2017.0
517,13121002600,33.0,0.0,0.0,0.0,0.0,0.0,0.0,0.0,0.0,0.0,0.0,0.0,0.0,9.0,24.0,0.0,0.0,0.0,0.0,0.0,0.0,0.0,2012.0
518,13121002600,40.0,0.0,0.0,0.0,0.0,0.0,0.0,0.0,0.0,0.0,0.0,0.0,0.0,12.0,28.0,0.0,0.0,0.0,0.0,0.0,0.0,0.0,2013.0
519,13121002600,37.0,0.0,0.0,0.0,0.0,0.0,0.0,0.0,0.0,0.0,0.0,0.0,0.0,10.0,12.0,15.0,0.0,0.0,0.0,0.0,0.0,0.0,2014.0
520,13121002600,35.0,0.0,0.0,0.0,0.0,0.0,0.0,0.0,0.0,0.0,0.0,0.0,0.0,10.0,12.0,13.0,0.0,0.0,0.0,0.0,0.0,0.0,2015.0
521,13121002600,24.0,0.0,0.0,0.0,0.0,0.0,0.0,0.0,0.0,0.0,0.0,0.0,0.0,11.0,0.0,13.0,0.0,0.0,0.0,0.0,0.0,0.0,2016.0
522,13121002600,13.0,0.0,0.0,0.0,0.0,0.0,0.0,0.0,0.0,0.0,0.0,0.0,0.0,0.0,0.0,13.0,0.0,0.0,0.0,0.0,0.0,0.0,2017.0
523,13121003000,41.0,0.0,0.0,0.0,0.0,0.0,0.0,0.0,0.0,0.0,24.0,0.0,0.0,0.0,0.0,0.0,0.0,0.0,17.0,0.0,0.0,0.0,2012.0
524,13121003000,72.0,0.0,0.0,0.0,0.0,0.0,0.0,0.0,0.0,0.0,25.0,0.0,0.0,0.0,0.0,0.0,34.0,0.0,13.0,0.0,0.0,0.0,2013.0
525,13121003000,54.0,0.0,0.0,0.0,0.0,0.0,0.0,0.0,0.0,0.0,26.0,0.0,0.0,0.0,0.0,0.0,13.0,0.0,0.0,15.0,0.0,0.0,2014.0
526,13121003000,26.0,0.0,0.0,0.0,0.0,0.0,0.0,0.0,0.0,0.0,0.0,0.0,0.0,0.0,0.0,0.0,12.0,0.0,0.0,14.0,0.0,0.0,2015.0
527,13121003000,14.0,0.0,0.0,0.0,0.0,0.0,0.0,0.0,0.0,0.0,0.0,0.0,0.0,0.0,0.0,0.0,0.0,14.0,0.0,0.0,0.0,0.0,2016.0
528,13121003000,15.0,0.0,0.0,0.0,0.0,0.0,0.0,0.0,0.0,0.0,0.0,0.0,0.0,0.0,0.0,0.0,0.0,15.0,0.0,0.0,0.0,0.0,2017.0
529,13121002400,61.0,0.0,0.0,0.0,0.0,0.0,0.0,0.0,0.0,0.0,14.0,0.0,24.0,23.0,0.0,0.0,0.0,0.0,0.0,0.0,0.0,0.0,2012.0
530,13121002400,79.0,0.0,0.0,0.0,0.0,0.0,0.0,0.0,0.0,0.0,0.0,15.0,23.0,30.0,0.0,11.0,0.0,0.0,0.0,0.0,0.0,0.0,2013.0
531,13121002400,94.0,0.0,0.0,0.0,0.0,0.0,0.0,0.0,0.0,0.0,12.0,15.0,19.0,7.0,24.0,17.0,0.0,0.0,0.0,0.0,0.0,0.0,2014.0
532,13121002400,102.0,0.0,0.0,0.0,0.0,0.0,0.0,0.0,0.0,24.0,0.0,25.0,0.0,5.0,35.0,13.0,0.0,0.0,0.0,0.0,0.0,0.0,2015.0
533,13121002400,124.0,0.0,0.0,0.0,0.0,0.0,0.0,0.0,0.0,30.0,0.0,27.0,15.0,6.0,30.0,0.0,16.0,0.0,0.0,0.0,0.0,0.0,2016.0
534,13121002400,105.0,0.0,0.0,0.0,0.0,0.0,0.0,0.0,0.0,28.0,0.0,11.0,15.0,6.0,15.0,14.0,16.0,0.0,0.0,0.0,0.0,0.0,2017.0
535,13121003200,9.0,0.0,0.0,0.0,0.0,0.0,0.0,0.0,0.0,0.0,0.0,0.0,0.0,0.0,0.0,0.0,0.0,0.0,9.0,0.0,0.0,0.0,2012.0
536,13121003200,40.0,0.0,0.0,0.0,0.0,0.0,0.0,0.0,0.0,0.0,0.0,0.0,0.0,0.0,0.0,0.0,0.0,0.0,8.0,32.0,0.0,0.0,2013.0
537,13121003200,56.0,0.0,0.0,0.0,0.0,0.0,0.0,0.0,0.0,0.0,0.0,0.0,0.0,0.0,0.0,0.0,0.0,14.0,20.0,22.0,0.0,0.0,2014.0
538,13121003200,52.0,0.0,0.0,0.0,0.0,0.0,0.0,0.0,0.0,0.0,0.0,0.0,0.0,0.0,0.0,0.0,0.0,13.0,18.0,21.0,0.0,0.0,2015.0
539,13121003200,74.0,0.0,0.0,0.0,0.0,0.0,0.0,0.0,0.0,0.0,0.0,0.0,0.0,0.0,0.0,0.0,0.0,15.0,15.0,25.0,0.0,0.0,2016.0
540,13121003200,90.0,0.0,0.0,0.0,0.0,0.0,0.0,0.0,0.0,0.0,0.0,0.0,0.0,0.0,0.0,0.0,0.0,0.0,31.0,24.0,0.0,16.0,2017.0
541,13121003100,34.0,0.0,0.0,0.0,0.0,0.0,0.0,0.0,0.0,0.0,0.0,0.0,0.0,34.0,0.0,0.0,0.0,0.0,0.0,0.0,0.0,0.0,2012.0
542,13121003100,37.0,0.0,0.0,0.0,0.0,0.0,0.0,0.0,0.0,0.0,0.0,0.0,0.0,37.0,0.0,0.0,0.0,0.0,0.0,0.0,0.0,0.0,2013.0
543,13121003100,15.0,0.0,0.0,0.0,0.0,0.0,0.0,15.0,0.0,0.0,0.0,0.0,0.0,0.0,0.0,0.0,0.0,0.0,0.0,0.0,0.0,0.0,2014.0
544,13121003100,15.0,0.0,0.0,0.0,0.0,0.0,0.0,15.0,0.0,0.0,0.0,0.0,0.0,0.0,0.0,0.0,0.0,0.0,0.0,0.0,0.0,0.0,2015.0
545,13121003100,16.0,0.0,0.0,0.0,0.0,0.0,0.0,16.0,0.0,0.0,0.0,0.0,0.0,0.0,0.0,0.0,0.0,0.0,0.0,0.0,0.0,0.0,2016.0
546,13121003100,43.0,0.0,0.0,0.0,0.0,0.0,0.0,16.0,0.0,0.0,0.0,0.0,0.0,0.0,0.0,0.0,0.0,0.0,0.0,0.0,0.0,27.0,2017.0
547,13121003500,78.0,0.0,0.0,0.0,0.0,0.0,0.0,0.0,0.0,0.0,0.0,0.0,0.0,0.0,30.0,0.0,17.0,31.0,0.0,0.0,0.0,0.0,2012.0
548,13121003500,81.0,0.0,0.0,0.0,0.0,0.0,0.0,0.0,0.0,0.0,0.0,0.0,0.0,0.0,25.0,0.0,0.0,50.0,0.0,6.0,0.0,0.0,2013.0
549,13121003500,25.0,0.0,0.0,0.0,0.0,0.0,0.0,0.0,0.0,0.0,0.0,0.0,0.0,0.0,0.0,0.0,0.0,18.0,0.0,7.0,0.0,0.0,2014.0
550,13121003500,43.0,0.0,0.0,0.0,0.0,0.0,0.0,0.0,0.0,0.0,0.0,0.0,0.0,0.0,0.0,0.0,0.0,35.0,0.0,8.0,0.0,0.0,2015.0
551,13121003500,39.0,0.0,0.0,0.0,0.0,0.0,0.0,0.0,0.0,0.0,0.0,0.0,0.0,0.0,0.0,0.0,0.0,16.0,15.0,8.0,0.0,0.0,2016.0
552,13121003500,55.0,0.0,0.0,0.0,0.0,0.0,0.0,0.0,0.0,0.0,0.0,0.0,0.0,0.0,0.0,0.0,0.0,19.0,30.0,6.0,0.0,0.0,2017.0
553,13121003800,33.0,0.0,0.0,0.0,0.0,0.0,0.0,0.0,9.0,17.0,0.0,7.0,0.0,0.0,0.0,0.0,0.0,0.0,0.0,0.0,0.0,0.0,2012.0
554,13121003800,56.0,0.0,0.0,0.0,0.0,0.0,7.0,0.0,26.0,16.0,0.0,7.0,0.0,0.0,0.0,0.0,0.0,0.0,0.0,0.0,0.0,0.0,2013.0
555,13121003800,43.0,0.0,0.0,0.0,0.0,0.0,7.0,0.0,10.0,22.0,0.0,4.0,0.0,0.0,0.0,0.0,0.0,0.0,0.0,0.0,0.0,0.0,2014.0
556,13121003800,26.0,0.0,0.0,0.0,0.0,0.0,7.0,0.0,9.0,7.0,0.0,3.0,0.0,0.0,0.0,0.0,0.0,0.0,0.0,0.0,0.0,0.0,2015.0
557,13121003800,14.0,0.0,0.0,0.0,0.0,0.0,7.0,0.0,0.0,6.0,0.0,1.0,0.0,0.0,0.0,0.0,0.0,0.0,0.0,0.0,0.0,0.0,2016.0
558,13121003800,21.0,0.0,0.0,0.0,0.0,0.0,0.0,7.0,0.0,7.0,7.0,0.0,0.0,0.0,0.0,0.0,0.0,0.0,0.0,0.0,0.0,0.0,2017.0
559,13121007808,267.0,32.0,0.0,0.0,0.0,0.0,0.0,0.0,0.0,0.0,46.0,88.0,69.0,16.0,0.0,0.0,16.0,0.0,0.0,0.0,0.0,0.0,2012.0
560,13121007808,289.0,12.0,13.0,0.0,0.0,0.0,0.0,0.0,0.0,0.0,80.0,107.0,44.0,18.0,0.0,0.0,15.0,0.0,0.0,0.0,0.0,0.0,2013.0
561,13121007808,276.0,14.0,15.0,0.0,0.0,0.0,0.0,0.0,0.0,13.0,43.0,132.0,35.0,24.0,0.0,0.0,0.0,0.0,0.0,0.0,0.0,0.0,2014.0
562,13121007808,290.0,31.0,0.0,0.0,0.0,0.0,0.0,0.0,0.0,26.0,45.0,125.0,41.0,22.0,0.0,0.0,0.0,0.0,0.0,0.0,0.0,0.0,2015.0
563,13121007808,274.0,31.0,0.0,0.0,0.0,0.0,0.0,0.0,0.0,30.0,32.0,146.0,0.0,21.0,0.0,0.0,14.0,0.0,0.0,0.0,0.0,0.0,2016.0
564,13121007808,266.0,12.0,0.0,0.0,15.0,0.0,0.0,0.0,0.0,31.0,17.0,113.0,45.0,18.0,0.0,0.0,15.0,0.0,0.0,0.0,0.0,0.0,2017.0
565,13121008000,111.0,0.0,0.0,0.0,0.0,0.0,19.0,0.0,0.0,0.0,28.0,20.0,0.0,19.0,25.0,0.0,0.0,0.0,0.0,0.0,0.0,0.0,2012.0
566,13121008000,99.0,0.0,0.0,0.0,0.0,0.0,19.0,0.0,0.0,0.0,24.0,21.0,0.0,17.0,0.0,18.0,0.0,0.0,0.0,0.0,0.0,0.0,2013.0
567,13121008000,119.0,0.0,0.0,0.0,0.0,0.0,18.0,0.0,0.0,40.0,0.0,19.0,23.0,19.0,0.0,0.0,0.0,0.0,0.0,0.0,0.0,0.0,2014.0
568,13121008000,120.0,0.0,0.0,0.0,0.0,0.0,18.0,0.0,0.0,41.0,0.0,19.0,23.0,19.0,0.0,0.0,0.0,0.0,0.0,0.0,0.0,0.0,2015.0
569,13121008000,63.0,0.0,0.0,0.0,0.0,0.0,0.0,0.0,0.0,43.0,0.0,20.0,0.0,0.0,0.0,0.0,0.0,0.0,0.0,0.0,0.0,0.0,2016.0
570,13121008000,56.0,0.0,0.0,0.0,0.0,0.0,0.0,0.0,0.0,37.0,0.0,19.0,0.0,0.0,0.0,0.0,0.0,0.0,0.0,0.0,0.0,0.0,2017.0
571,13121007807,112.0,0.0,0.0,0.0,0.0,0.0,0.0,0.0,33.0,0.0,25.0,18.0,36.0,0.0,0.0,0.0,0.0,0.0,0.0,0.0,0.0,0.0,2012.0
572,13121007807,111.0,0.0,0.0,0.0,0.0,0.0,0.0,0.0,33.0,0.0,40.0,38.0,0.0,0.0,0.0,0.0,0.0,0.0,0.0,0.0,0.0,0.0,2013.0
573,13121007807,91.0,0.0,0.0,0.0,0.0,0.0,0.0,0.0,0.0,0.0,38.0,36.0,0.0,0.0,0.0,0.0,0.0,0.0,17.0,0.0,0.0,0.0,2014.0
574,13121007807,105.0,0.0,0.0,0.0,0.0,0.0,0.0,0.0,0.0,0.0,44.0,41.0,0.0,0.0,0.0,0.0,0.0,0.0,20.0,0.0,0.0,0.0,2015.0
575,13121007807,92.0,0.0,0.0,0.0,0.0,0.0,0.0,0.0,0.0,0.0,24.0,46.0,0.0,0.0,0.0,0.0,0.0,0.0,22.0,0.0,0.0,0.0,2016.0
576,13121007807,71.0,0.0,0.0,0.0,0.0,0.0,0.0,0.0,0.0,0.0,0.0,25.0,23.0,0.0,0.0,0.0,0.0,0.0,23.0,0.0,0.0,0.0,2017.0
577,13121007900,29.0,0.0,0.0,0.0,0.0,0.0,0.0,0.0,0.0,0.0,0.0,0.0,0.0,0.0,29.0,0.0,0.0,0.0,0.0,0.0,0.0,0.0,2012.0
578,13121007900,116.0,0.0,0.0,0.0,0.0,0.0,0.0,0.0,0.0,0.0,0.0,0.0,0.0,0.0,116.0,0.0,0.0,0.0,0.0,0.0,0.0,0.0,2013.0
579,13121007900,96.0,0.0,0.0,0.0,0.0,0.0,0.0,0.0,0.0,0.0,0.0,23.0,0.0,0.0,73.0,0.0,0.0,0.0,0.0,0.0,0.0,0.0,2014.0
580,13121007900,66.0,0.0,0.0,0.0,0.0,0.0,0.0,0.0,0.0,0.0,0.0,0.0,31.0,0.0,35.0,0.0,0.0,0.0,0.0,0.0,0.0,0.0,2015.0
581,13121007900,99.0,0.0,0.0,0.0,0.0,0.0,0.0,0.0,0.0,0.0,0.0,0.0,24.0,0.0,75.0,0.0,0.0,0.0,0.0,0.0,0.0,0.0,2016.0
582,13121007900,67.0,0.0,0.0,0.0,0.0,0.0,0.0,0.0,0.0,0.0,0.0,0.0,26.0,0.0,41.0,0.0,0.0,0.0,0.0,0.0,0.0,0.0,2017.0
583,13121008201,35.0,0.0,0.0,0.0,0.0,0.0,0.0,0.0,0.0,0.0,0.0,0.0,0.0,0.0,35.0,0.0,0.0,0.0,0.0,0.0,0.0,0.0,2012.0
584,13121008201,0.0,0.0,0.0,0.0,0.0,0.0,0.0,0.0,0.0,0.0,0.0,0.0,0.0,0.0,0.0,0.0,0.0,0.0,0.0,0.0,0.0,0.0,2013.0
585,13121008201,113.0,0.0,0.0,0.0,0.0,0.0,0.0,0.0,0.0,0.0,0.0,69.0,44.0,0.0,0.0,0.0,0.0,0.0,0.0,0.0,0.0,0.0,2014.0
586,13121008201,180.0,0.0,0.0,0.0,0.0,0.0,0.0,0.0,0.0,0.0,47.0,77.0,56.0,0.0,0.0,0.0,0.0,0.0,0.0,0.0,0.0,0.0,2015.0
587,13121008201,190.0,0.0,0.0,0.0,0.0,0.0,0.0,0.0,0.0,0.0,45.0,42.0,103.0,0.0,0.0,0.0,0.0,0.0,0.0,0.0,0.0,0.0,2016.0
588,13121008201,165.0,0.0,0.0,0.0,0.0,0.0,0.0,0.0,0.0,0.0,0.0,91.0,47.0,27.0,0.0,0.0,0.0,0.0,0.0,0.0,0.0,0.0,2017.0
589,13121008102,341.0,0.0,55.0,0.0,0.0,0.0,0.0,0.0,0.0,67.0,0.0,0.0,27.0,72.0,54.0,29.0,0.0,37.0,0.0,0.0,0.0,0.0,2012.0
590,13121008102,364.0,0.0,60.0,0.0,0.0,0.0,0.0,0.0,0.0,59.0,0.0,53.0,33.0,0.0,126.0,0.0,0.0,33.0,0.0,0.0,0.0,0.0,2013.0
591,13121008102,243.0,0.0,36.0,0.0,0.0,0.0,0.0,0.0,0.0,56.0,0.0,36.0,45.0,0.0,70.0,0.0,0.0,0.0,0.0,0.0,0.0,0.0,2014.0
592,13121008102,153.0,0.0,42.0,0.0,0.0,0.0,0.0,0.0,0.0,0.0,0.0,37.0,0.0,0.0,74.0,0.0,0.0,0.0,0.0,0.0,0.0,0.0,2015.0
593,13121008102,141.0,0.0,0.0,0.0,0.0,0.0,0.0,0.0,0.0,0.0,0.0,67.0,0.0,0.0,74.0,0.0,0.0,0.0,0.0,0.0,0.0,0.0,2016.0
594,13121008102,154.0,0.0,0.0,0.0,0.0,0.0,0.0,0.0,0.0,0.0,0.0,77.0,0.0,0.0,77.0,0.0,0.0,0.0,0.0,0.0,0.0,0.0,2017.0
595,13121004800,31.0,24.0,0.0,0.0,0.0,0.0,0.0,0.0,0.0,0.0,0.0,0.0,0.0,0.0,0.0,0.0,0.0,7.0,0.0,0.0,0.0,0.0,2012.0
596,13121004800,41.0,25.0,0.0,0.0,0.0,0.0,0.0,0.0,0.0,0.0,0.0,0.0,0.0,0.0,0.0,0.0,0.0,16.0,0.0,0.0,0.0,0.0,2013.0
597,13121004800,35.0,22.0,0.0,0.0,0.0,0.0,0.0,0.0,0.0,0.0,0.0,0.0,0.0,0.0,0.0,0.0,0.0,13.0,0.0,0.0,0.0,0.0,2014.0
598,13121004800,22.0,0.0,0.0,0.0,0.0,0.0,0.0,0.0,0.0,0.0,0.0,0.0,0.0,0.0,0.0,0.0,0.0,11.0,0.0,0.0,11.0,0.0,2015.0
599,13121004800,22.0,0.0,0.0,0.0,0.0,0.0,0.0,0.0,0.0,0.0,0.0,0.0,0.0,0.0,0.0,0.0,0.0,11.0,0.0,0.0,11.0,0.0,2016.0
600,13121004800,10.0,0.0,0.0,0.0,0.0,0.0,0.0,0.0,0.0,0.0,0.0,0.0,0.0,0.0,0.0,0.0,0.0,0.0,0.0,0.0,10.0,0.0,2017.0
601,13121005000,57.0,0.0,0.0,0.0,0.0,0.0,0.0,0.0,0.0,0.0,11.0,0.0,0.0,0.0,0.0,10.0,0.0,0.0,13.0,23.0,0.0,0.0,2012.0
602,13121005000,57.0,0.0,0.0,0.0,0.0,0.0,0.0,0.0,0.0,0.0,11.0,0.0,0.0,0.0,0.0,9.0,0.0,0.0,14.0,23.0,0.0,0.0,2013.0
603,13121005000,34.0,0.0,0.0,0.0,0.0,0.0,0.0,0.0,0.0,0.0,0.0,10.0,0.0,0.0,0.0,10.0,0.0,0.0,14.0,0.0,0.0,0.0,2014.0
604,13121005000,33.0,0.0,0.0,0.0,0.0,0.0,0.0,0.0,0.0,0.0,0.0,11.0,0.0,0.0,0.0,9.0,0.0,0.0,13.0,0.0,0.0,0.0,2015.0
605,13121005000,11.0,0.0,0.0,0.0,0.0,0.0,0.0,0.0,0.0,0.0,0.0,0.0,0.0,0.0,0.0,11.0,0.0,0.0,0.0,0.0,0.0,0.0,2016.0
606,13121005000,0.0,0.0,0.0,0.0,0.0,0.0,0.0,0.0,0.0,0.0,0.0,0.0,0.0,0.0,0.0,0.0,0.0,0.0,0.0,0.0,0.0,0.0,2017.0
607,13121003900,108.0,0.0,0.0,0.0,0.0,0.0,0.0,0.0,0.0,0.0,69.0,39.0,0.0,0.0,0.0,0.0,0.0,0.0,0.0,0.0,0.0,0.0,2012.0
608,13121003900,134.0,0.0,0.0,0.0,0.0,0.0,0.0,0.0,0.0,22.0,82.0,30.0,0.0,0.0,0.0,0.0,0.0,0.0,0.0,0.0,0.0,0.0,2013.0
609,13121003900,137.0,0.0,0.0,0.0,0.0,0.0,0.0,0.0,0.0,19.0,80.0,10.0,19.0,0.0,0.0,0.0,0.0,0.0,0.0,9.0,0.0,0.0,2014.0
610,13121003900,142.0,0.0,0.0,0.0,0.0,0.0,0.0,0.0,0.0,25.0,61.0,22.0,10.0,0.0,0.0,0.0,11.0,0.0,0.0,13.0,0.0,0.0,2015.0
611,13121003900,130.0,0.0,0.0,0.0,0.0,0.0,0.0,0.0,0.0,24.0,32.0,11.0,32.0,0.0,10.0,0.0,11.0,0.0,0.0,10.0,0.0,0.0,2016.0
612,13121003900,110.0,0.0,0.0,0.0,0.0,0.0,0.0,0.0,0.0,24.0,11.0,10.0,33.0,0.0,11.0,0.0,10.0,0.0,0.0,11.0,0.0,0.0,2017.0
613,13121004100,182.0,0.0,0.0,0.0,0.0,0.0,0.0,0.0,13.0,0.0,0.0,73.0,0.0,15.0,30.0,0.0,28.0,0.0,0.0,23.0,0.0,0.0,2012.0
614,13121004100,175.0,0.0,0.0,0.0,0.0,0.0,0.0,0.0,15.0,0.0,31.0,71.0,0.0,29.0,29.0,0.0,0.0,0.0,0.0,0.0,0.0,0.0,2013.0
615,13121004100,191.0,0.0,0.0,0.0,0.0,0.0,0.0,0.0,15.0,0.0,55.0,71.0,0.0,45.0,0.0,0.0,5.0,0.0,0.0,0.0,0.0,0.0,2014.0
616,13121004100,193.0,0.0,0.0,0.0,16.0,0.0,0.0,0.0,15.0,0.0,61.0,30.0,0.0,51.0,0.0,0.0,5.0,15.0,0.0,0.0,0.0,0.0,2015.0
617,13121004100,185.0,0.0,0.0,0.0,13.0,0.0,0.0,0.0,14.0,0.0,56.0,14.0,14.0,28.0,0.0,0.0,5.0,14.0,27.0,0.0,0.0,0.0,2016.0
618,13121004100,173.0,0.0,0.0,0.0,15.0,0.0,0.0,0.0,0.0,0.0,62.0,0.0,15.0,16.0,15.0,0.0,5.0,15.0,30.0,0.0,0.0,0.0,2017.0
619,13121004900,27.0,0.0,0.0,0.0,0.0,0.0,0.0,0.0,0.0,0.0,0.0,0.0,0.0,0.0,0.0,0.0,0.0,0.0,0.0,0.0,27.0,0.0,2012.0
620,13121004900,19.0,0.0,0.0,0.0,0.0,0.0,0.0,0.0,0.0,0.0,0.0,0.0,0.0,0.0,0.0,0.0,0.0,0.0,0.0,0.0,19.0,0.0,2013.0
621,13121004900,18.0,0.0,0.0,0.0,0.0,0.0,0.0,0.0,0.0,0.0,0.0,0.0,0.0,0.0,0.0,0.0,0.0,0.0,0.0,0.0,18.0,0.0,2014.0
622,13121004900,0.0,0.0,0.0,0.0,0.0,0.0,0.0,0.0,0.0,0.0,0.0,0.0,0.0,0.0,0.0,0.0,0.0,0.0,0.0,0.0,0.0,0.0,2015.0
623,13121004900,39.0,0.0,0.0,0.0,0.0,0.0,0.0,0.0,0.0,0.0,0.0,0.0,0.0,0.0,0.0,0.0,0.0,0.0,0.0,39.0,0.0,0.0,2016.0
624,13121004900,144.0,0.0,0.0,23.0,0.0,0.0,0.0,0.0,0.0,0.0,0.0,0.0,0.0,0.0,51.0,0.0,0.0,0.0,34.0,36.0,0.0,0.0,2017.0
625,13121004000,0.0,0.0,0.0,0.0,0.0,0.0,0.0,0.0,0.0,0.0,0.0,0.0,0.0,0.0,0.0,0.0,0.0,0.0,0.0,0.0,0.0,0.0,2012.0
626,13121004000,0.0,0.0,0.0,0.0,0.0,0.0,0.0,0.0,0.0,0.0,0.0,0.0,0.0,0.0,0.0,0.0,0.0,0.0,0.0,0.0,0.0,0.0,2013.0
627,13121004000,0.0,0.0,0.0,0.0,0.0,0.0,0.0,0.0,0.0,0.0,0.0,0.0,0.0,0.0,0.0,0.0,0.0,0.0,0.0,0.0,0.0,0.0,2014.0
628,13121004000,0.0,0.0,0.0,0.0,0.0,0.0,0.0,0.0,0.0,0.0,0.0,0.0,0.0,0.0,0.0,0.0,0.0,0.0,0.0,0.0,0.0,0.0,2015.0
629,13121004000,9.0,0.0,0.0,0.0,0.0,0.0,0.0,0.0,0.0,0.0,0.0,0.0,9.0,0.0,0.0,0.0,0.0,0.0,0.0,0.0,0.0,0.0,2016.0
630,13121004000,12.0,0.0,0.0,0.0,0.0,0.0,0.0,0.0,0.0,0.0,0.0,0.0,12.0,0.0,0.0,0.0,0.0,0.0,0.0,0.0,0.0,0.0,2017.0
631,13121004400,137.0,32.0,0.0,0.0,0.0,0.0,0.0,0.0,0.0,0.0,0.0,0.0,0.0,15.0,0.0,0.0,29.0,61.0,0.0,0.0,0.0,0.0,2012.0
632,13121004400,159.0,32.0,26.0,0.0,0.0,0.0,0.0,0.0,0.0,0.0,0.0,0.0,26.0,15.0,0.0,0.0,28.0,32.0,0.0,0.0,0.0,0.0,2013.0
633,13121004400,179.0,12.0,28.0,0.0,0.0,0.0,0.0,0.0,0.0,0.0,0.0,0.0,44.0,15.0,0.0,0.0,31.0,49.0,0.0,0.0,0.0,0.0,2014.0
634,13121004400,144.0,10.0,31.0,0.0,0.0,0.0,0.0,0.0,0.0,0.0,0.0,0.0,39.0,18.0,0.0,28.0,0.0,0.0,18.0,0.0,0.0,0.0,2015.0
635,13121004400,120.0,0.0,30.0,0.0,0.0,0.0,0.0,0.0,0.0,0.0,0.0,0.0,32.0,16.0,0.0,26.0,0.0,0.0,16.0,0.0,0.0,0.0,2016.0
636,13121004400,112.0,0.0,35.0,0.0,0.0,0.0,0.0,0.0,0.0,0.0,0.0,0.0,0.0,23.0,0.0,31.0,8.0,0.0,15.0,0.0,0.0,0.0,2017.0
637,13121005300,96.0,0.0,0.0,0.0,0.0,0.0,0.0,0.0,0.0,0.0,0.0,31.0,0.0,0.0,0.0,0.0,0.0,0.0,24.0,41.0,0.0,0.0,2012.0
638,13121005300,95.0,0.0,0.0,0.0,0.0,0.0,0.0,0.0,0.0,0.0,0.0,0.0,0.0,0.0,0.0,0.0,24.0,0.0,25.0,46.0,0.0,0.0,2013.0
639,13121005300,71.0,0.0,0.0,0.0,0.0,0.0,0.0,0.0,0.0,0.0,0.0,0.0,0.0,0.0,0.0,0.0,25.0,0.0,7.0,39.0,0.0,0.0,2014.0
640,13121005300,60.0,0.0,0.0,0.0,0.0,0.0,0.0,0.0,0.0,0.0,0.0,0.0,0.0,0.0,0.0,0.0,26.0,0.0,7.0,27.0,0.0,0.0,2015.0
641,13121005300,35.0,0.0,0.0,0.0,0.0,0.0,0.0,0.0,0.0,0.0,0.0,0.0,0.0,0.0,0.0,0.0,0.0,27.0,8.0,0.0,0.0,0.0,2016.0
642,13121005300,40.0,0.0,0.0,0.0,0.0,0.0,0.0,0.0,0.0,0.0,0.0,0.0,0.0,0.0,0.0,0.0,0.0,31.0,9.0,0.0,0.0,0.0,2017.0
643,13121008400,193.0,0.0,0.0,0.0,0.0,0.0,0.0,0.0,0.0,39.0,25.0,98.0,24.0,0.0,0.0,7.0,0.0,0.0,0.0,0.0,0.0,0.0,2012.0
644,13121008400,230.0,0.0,0.0,0.0,0.0,0.0,0.0,0.0,0.0,18.0,24.0,137.0,24.0,0.0,21.0,6.0,0.0,0.0,0.0,0.0,0.0,0.0,2013.0
645,13121008400,151.0,0.0,0.0,0.0,0.0,0.0,0.0,0.0,0.0,17.0,38.0,45.0,0.0,24.0,20.0,7.0,0.0,0.0,0.0,0.0,0.0,0.0,2014.0
646,13121008400,138.0,0.0,0.0,0.0,0.0,0.0,0.0,0.0,0.0,17.0,52.0,39.0,0.0,0.0,22.0,8.0,0.0,0.0,0.0,0.0,0.0,0.0,2015.0
647,13121008400,178.0,0.0,0.0,0.0,0.0,21.0,0.0,0.0,0.0,28.0,42.0,64.0,0.0,0.0,23.0,0.0,0.0,0.0,0.0,0.0,0.0,0.0,2016.0
648,13121008400,216.0,0.0,0.0,0.0,0.0,20.0,0.0,0.0,0.0,35.0,40.0,40.0,39.0,21.0,21.0,0.0,0.0,0.0,0.0,0.0,0.0,0.0,2017.0
649,13121008302,130.0,0.0,0.0,0.0,0.0,0.0,0.0,0.0,9.0,22.0,23.0,16.0,0.0,0.0,0.0,13.0,24.0,0.0,0.0,23.0,0.0,0.0,2012.0
650,13121008302,75.0,0.0,0.0,0.0,0.0,0.0,0.0,0.0,0.0,0.0,24.0,16.0,0.0,0.0,0.0,12.0,0.0,0.0,0.0,23.0,0.0,0.0,2013.0
651,13121008302,60.0,0.0,0.0,0.0,0.0,0.0,0.0,0.0,0.0,0.0,0.0,17.0,0.0,0.0,0.0,11.0,7.0,0.0,0.0,25.0,0.0,0.0,2014.0
652,13121008302,57.0,0.0,0.0,0.0,0.0,0.0,0.0,0.0,0.0,0.0,0.0,15.0,0.0,0.0,0.0,11.0,7.0,0.0,0.0,24.0,0.0,0.0,2015.0
653,13121008302,32.0,0.0,0.0,0.0,0.0,0.0,0.0,0.0,0.0,0.0,0.0,13.0,0.0,0.0,0.0,13.0,6.0,0.0,0.0,0.0,0.0,0.0,2016.0
654,13121008302,8.0,0.0,0.0,0.0,0.0,0.0,0.0,0.0,0.0,0.0,0.0,0.0,0.0,0.0,0.0,0.0,8.0,0.0,0.0,0.0,0.0,0.0,2017.0
655,13121005200,110.0,0.0,0.0,0.0,0.0,0.0,0.0,0.0,0.0,0.0,0.0,0.0,0.0,17.0,0.0,0.0,0.0,0.0,93.0,0.0,0.0,0.0,2012.0
656,13121005200,98.0,0.0,0.0,0.0,0.0,0.0,0.0,0.0,0.0,0.0,0.0,0.0,0.0,13.0,0.0,0.0,0.0,0.0,85.0,0.0,0.0,0.0,2013.0
657,13121005200,92.0,0.0,0.0,0.0,0.0,0.0,0.0,0.0,0.0,0.0,0.0,0.0,0.0,0.0,13.0,0.0,0.0,0.0,79.0,0.0,0.0,0.0,2014.0
658,13121005200,120.0,0.0,0.0,0.0,0.0,0.0,0.0,0.0,0.0,0.0,0.0,0.0,0.0,0.0,18.0,0.0,0.0,0.0,102.0,0.0,0.0,0.0,2015.0
659,13121005200,22.0,0.0,0.0,0.0,0.0,0.0,0.0,0.0,0.0,0.0,0.0,0.0,0.0,0.0,22.0,0.0,0.0,0.0,0.0,0.0,0.0,0.0,2016.0
660,13121005200,114.0,0.0,0.0,0.0,0.0,0.0,0.0,0.0,0.0,0.0,0.0,0.0,0.0,0.0,0.0,0.0,0.0,0.0,56.0,58.0,0.0,0.0,2017.0
661,13121008500,248.0,8.0,0.0,16.0,0.0,0.0,0.0,0.0,0.0,0.0,31.0,77.0,19.0,0.0,0.0,0.0,32.0,0.0,47.0,0.0,0.0,18.0,2012.0
662,13121008500,196.0,14.0,0.0,0.0,15.0,0.0,0.0,0.0,0.0,0.0,32.0,37.0,38.0,0.0,0.0,0.0,0.0,0.0,41.0,0.0,0.0,19.0,2013.0
663,13121008500,189.0,25.0,0.0,0.0,15.0,0.0,0.0,0.0,0.0,0.0,0.0,67.0,19.0,0.0,0.0,0.0,0.0,0.0,45.0,0.0,0.0,18.0,2014.0
664,13121008500,117.0,25.0,0.0,0.0,16.0,0.0,0.0,0.0,0.0,0.0,0.0,34.0,0.0,0.0,0.0,0.0,16.0,0.0,26.0,0.0,0.0,0.0,2015.0
665,13121008500,66.0,24.0,0.0,0.0,17.0,0.0,0.0,0.0,0.0,0.0,0.0,0.0,0.0,0.0,9.0,0.0,16.0,0.0,0.0,0.0,0.0,0.0,2016.0
666,13121008500,27.0,0.0,0.0,0.0,0.0,0.0,0.0,0.0,0.0,0.0,0.0,0.0,0.0,0.0,12.0,0.0,0.0,15.0,0.0,0.0,0.0,0.0,2017.0
667,13121008202,103.0,0.0,0.0,0.0,0.0,0.0,0.0,0.0,0.0,0.0,0.0,54.0,0.0,0.0,25.0,0.0,24.0,0.0,0.0,0.0,0.0,0.0,2012.0
668,13121008202,109.0,0.0,0.0,0.0,0.0,0.0,0.0,0.0,0.0,0.0,0.0,47.0,0.0,10.0,24.0,0.0,28.0,0.0,0.0,0.0,0.0,0.0,2013.0
669,13121008202,109.0,0.0,0.0,0.0,0.0,0.0,0.0,0.0,0.0,10.0,12.0,46.0,0.0,15.0,0.0,26.0,0.0,0.0,0.0,0.0,0.0,0.0,2014.0
670,13121008202,50.0,0.0,0.0,0.0,0.0,0.0,0.0,0.0,0.0,6.0,14.0,15.0,0.0,15.0,0.0,0.0,0.0,0.0,0.0,0.0,0.0,0.0,2015.0
671,13121008202,61.0,0.0,0.0,0.0,0.0,0.0,0.0,0.0,0.0,21.0,14.0,0.0,0.0,13.0,0.0,0.0,13.0,0.0,0.0,0.0,0.0,0.0,2016.0
672,13121008202,64.0,0.0,0.0,0.0,0.0,0.0,0.0,0.0,0.0,11.0,10.0,17.0,0.0,13.0,0.0,0.0,13.0,0.0,0.0,0.0,0.0,0.0,2017.0
673,13121008601,152.0,7.0,0.0,0.0,0.0,0.0,0.0,0.0,0.0,0.0,0.0,40.0,17.0,18.0,18.0,19.0,19.0,0.0,14.0,0.0,0.0,0.0,2012.0
674,13121008601,115.0,14.0,0.0,0.0,0.0,0.0,0.0,0.0,0.0,0.0,0.0,15.0,0.0,18.0,0.0,34.0,20.0,0.0,14.0,0.0,0.0,0.0,2013.0
675,13121008601,105.0,14.0,0.0,0.0,0.0,0.0,0.0,0.0,0.0,0.0,0.0,27.0,0.0,18.0,0.0,22.0,0.0,10.0,14.0,0.0,0.0,0.0,2014.0
676,13121008601,146.0,13.0,0.0,0.0,0.0,0.0,0.0,0.0,0.0,0.0,0.0,49.0,0.0,18.0,0.0,18.0,17.0,17.0,14.0,0.0,0.0,0.0,2015.0
677,13121008601,126.0,14.0,0.0,0.0,0.0,0.0,0.0,0.0,0.0,0.0,0.0,52.0,0.0,0.0,0.0,22.0,18.0,20.0,0.0,0.0,0.0,0.0,2016.0
678,13121008601,101.0,0.0,17.0,0.0,0.0,0.0,0.0,0.0,0.0,0.0,0.0,35.0,0.0,0.0,0.0,25.0,0.0,24.0,0.0,0.0,0.0,0.0,2017.0
679,13121008301,183.0,0.0,0.0,0.0,0.0,0.0,0.0,0.0,0.0,52.0,42.0,34.0,19.0,17.0,0.0,0.0,0.0,0.0,0.0,19.0,0.0,0.0,2012.0
680,13121008301,191.0,0.0,0.0,0.0,0.0,0.0,0.0,0.0,0.0,55.0,22.0,35.0,20.0,0.0,18.0,21.0,0.0,0.0,0.0,20.0,0.0,0.0,2013.0
681,13121008301,183.0,0.0,0.0,0.0,0.0,0.0,0.0,0.0,0.0,20.0,49.0,36.0,21.0,17.0,0.0,0.0,19.0,0.0,0.0,21.0,0.0,0.0,2014.0
682,13121008301,106.0,0.0,0.0,0.0,0.0,0.0,0.0,0.0,0.0,0.0,52.0,0.0,16.0,18.0,0.0,0.0,20.0,0.0,0.0,0.0,0.0,0.0,2015.0
683,13121008301,72.0,0.0,0.0,0.0,0.0,0.0,0.0,0.0,0.0,0.0,35.0,0.0,0.0,17.0,0.0,0.0,20.0,0.0,0.0,0.0,0.0,0.0,2016.0
684,13121008301,55.0,0.0,0.0,0.0,0.0,0.0,0.0,0.0,0.0,0.0,18.0,0.0,0.0,0.0,17.0,0.0,20.0,0.0,0.0,0.0,0.0,0.0,2017.0
685,13121005501,47.0,0.0,0.0,0.0,0.0,0.0,23.0,0.0,0.0,0.0,0.0,24.0,0.0,0.0,0.0,0.0,0.0,0.0,0.0,0.0,0.0,0.0,2012.0
686,13121005501,37.0,0.0,0.0,0.0,0.0,0.0,23.0,0.0,0.0,0.0,0.0,0.0,0.0,0.0,0.0,0.0,0.0,0.0,14.0,0.0,0.0,0.0,2013.0
687,13121005501,14.0,0.0,0.0,0.0,0.0,0.0,0.0,0.0,0.0,0.0,0.0,0.0,0.0,0.0,0.0,0.0,0.0,0.0,14.0,0.0,0.0,0.0,2014.0
688,13121005501,15.0,0.0,0.0,0.0,0.0,0.0,0.0,0.0,0.0,0.0,0.0,0.0,0.0,0.0,0.0,0.0,0.0,0.0,15.0,0.0,0.0,0.0,2015.0
689,13121005501,37.0,0.0,0.0,9.0,0.0,0.0,0.0,0.0,0.0,0.0,0.0,0.0,0.0,13.0,0.0,0.0,0.0,0.0,15.0,0.0,0.0,0.0,2016.0
690,13121005501,40.0,0.0,0.0,13.0,0.0,0.0,0.0,0.0,0.0,0.0,0.0,0.0,0.0,13.0,0.0,0.0,0.0,0.0,14.0,0.0,0.0,0.0,2017.0
691,13121005700,60.0,0.0,0.0,0.0,0.0,0.0,0.0,0.0,0.0,0.0,0.0,28.0,11.0,0.0,12.0,0.0,0.0,9.0,0.0,0.0,0.0,0.0,2012.0
692,13121005700,68.0,0.0,0.0,0.0,0.0,0.0,0.0,0.0,0.0,0.0,0.0,18.0,11.0,0.0,10.0,10.0,10.0,9.0,0.0,0.0,0.0,0.0,2013.0
693,13121005700,49.0,0.0,0.0,0.0,0.0,0.0,0.0,0.0,0.0,0.0,7.0,0.0,11.0,0.0,6.0,5.0,10.0,10.0,0.0,0.0,0.0,0.0,2014.0
694,13121005700,55.0,0.0,0.0,0.0,0.0,0.0,0.0,0.0,0.0,0.0,2.0,0.0,14.0,0.0,3.0,17.0,9.0,10.0,0.0,0.0,0.0,0.0,2015.0
695,13121005700,44.0,0.0,0.0,0.0,0.0,0.0,0.0,0.0,0.0,0.0,8.0,0.0,0.0,0.0,0.0,10.0,17.0,9.0,0.0,0.0,0.0,0.0,2016.0
696,13121005700,35.0,0.0,0.0,0.0,0.0,0.0,0.0,0.0,0.0,0.0,8.0,0.0,0.0,0.0,0.0,9.0,18.0,0.0,0.0,0.0,0.0,0.0,2017.0
697,13121006400,37.0,0.0,0.0,0.0,0.0,0.0,0.0,0.0,6.0,0.0,0.0,16.0,15.0,0.0,0.0,0.0,0.0,0.0,0.0,0.0,0.0,0.0,2012.0
698,13121006400,6.0,0.0,0.0,0.0,0.0,0.0,0.0,0.0,6.0,0.0,0.0,0.0,0.0,0.0,0.0,0.0,0.0,0.0,0.0,0.0,0.0,0.0,2013.0
699,13121006400,7.0,0.0,0.0,0.0,0.0,0.0,0.0,0.0,7.0,0.0,0.0,0.0,0.0,0.0,0.0,0.0,0.0,0.0,0.0,0.0,0.0,0.0,2014.0
700,13121006400,15.0,0.0,0.0,0.0,0.0,0.0,0.0,0.0,7.0,0.0,0.0,0.0,0.0,0.0,0.0,0.0,8.0,0.0,0.0,0.0,0.0,0.0,2015.0
701,13121006400,7.0,0.0,0.0,0.0,0.0,0.0,0.0,0.0,0.0,0.0,0.0,0.0,0.0,0.0,0.0,0.0,7.0,0.0,0.0,0.0,0.0,0.0,2016.0
702,13121006400,16.0,0.0,0.0,0.0,0.0,0.0,0.0,0.0,0.0,0.0,0.0,0.0,0.0,0.0,0.0,0.0,8.0,8.0,0.0,0.0,0.0,0.0,2017.0
703,13121006300,106.0,0.0,0.0,0.0,0.0,0.0,0.0,0.0,38.0,0.0,25.0,0.0,13.0,0.0,0.0,0.0,12.0,0.0,18.0,0.0,0.0,0.0,2012.0
704,13121006300,60.0,0.0,0.0,0.0,0.0,0.0,0.0,0.0,10.0,0.0,25.0,0.0,13.0,0.0,0.0,0.0,12.0,0.0,0.0,0.0,0.0,0.0,2013.0
705,13121006300,62.0,0.0,0.0,0.0,0.0,0.0,0.0,0.0,14.0,0.0,0.0,7.0,31.0,0.0,0.0,0.0,10.0,0.0,0.0,0.0,0.0,0.0,2014.0
706,13121006300,79.0,0.0,0.0,0.0,0.0,0.0,0.0,0.0,9.0,0.0,10.0,10.0,31.0,0.0,0.0,0.0,19.0,0.0,0.0,0.0,0.0,0.0,2015.0
707,13121006300,98.0,0.0,0.0,0.0,0.0,0.0,0.0,0.0,11.0,10.0,11.0,10.0,34.0,11.0,0.0,0.0,11.0,0.0,0.0,0.0,0.0,0.0,2016.0
708,13121006300,73.0,0.0,0.0,0.0,0.0,0.0,0.0,0.0,11.0,0.0,10.0,10.0,23.0,9.0,0.0,0.0,10.0,0.0,0.0,0.0,0.0,0.0,2017.0
709,13121006100,80.0,0.0,0.0,0.0,0.0,0.0,0.0,0.0,0.0,0.0,0.0,0.0,0.0,32.0,0.0,31.0,0.0,17.0,0.0,0.0,0.0,0.0,2012.0
710,13121006100,71.0,0.0,0.0,0.0,0.0,0.0,0.0,0.0,0.0,0.0,0.0,0.0,0.0,34.0,0.0,20.0,0.0,17.0,0.0,0.0,0.0,0.0,2013.0
711,13121006100,79.0,0.0,0.0,0.0,0.0,0.0,0.0,0.0,0.0,0.0,0.0,0.0,0.0,32.0,0.0,21.0,10.0,16.0,0.0,0.0,0.0,0.0,2014.0
712,13121006100,51.0,0.0,0.0,0.0,0.0,0.0,0.0,0.0,0.0,0.0,0.0,0.0,0.0,0.0,0.0,23.0,11.0,17.0,0.0,0.0,0.0,0.0,2015.0
713,13121006100,36.0,0.0,0.0,0.0,0.0,0.0,0.0,0.0,0.0,0.0,0.0,0.0,0.0,0.0,0.0,26.0,10.0,0.0,0.0,0.0,0.0,0.0,2016.0
714,13121006100,12.0,0.0,0.0,0.0,0.0,0.0,0.0,0.0,0.0,0.0,0.0,0.0,0.0,0.0,0.0,0.0,12.0,0.0,0.0,0.0,0.0,0.0,2017.0
715,13121005502,36.0,0.0,0.0,0.0,14.0,0.0,0.0,0.0,0.0,0.0,0.0,0.0,0.0,0.0,22.0,0.0,0.0,0.0,0.0,0.0,0.0,0.0,2012.0
716,13121005502,52.0,0.0,0.0,0.0,14.0,0.0,0.0,0.0,0.0,0.0,0.0,0.0,0.0,0.0,38.0,0.0,0.0,0.0,0.0,0.0,0.0,0.0,2013.0
717,13121005502,60.0,0.0,0.0,0.0,12.0,0.0,0.0,0.0,0.0,0.0,0.0,0.0,0.0,0.0,39.0,0.0,9.0,0.0,0.0,0.0,0.0,0.0,2014.0
718,13121005502,103.0,0.0,0.0,0.0,0.0,0.0,0.0,0.0,0.0,0.0,0.0,0.0,0.0,0.0,53.0,0.0,20.0,16.0,14.0,0.0,0.0,0.0,2015.0
719,13121005502,108.0,16.0,0.0,0.0,0.0,0.0,0.0,0.0,0.0,0.0,0.0,0.0,0.0,0.0,17.0,32.0,16.0,0.0,27.0,0.0,0.0,0.0,2016.0
720,13121005502,124.0,16.0,0.0,0.0,0.0,0.0,0.0,0.0,0.0,0.0,0.0,0.0,0.0,0.0,0.0,35.0,15.0,15.0,43.0,0.0,0.0,0.0,2017.0
721,13121005800,93.0,0.0,0.0,0.0,0.0,0.0,0.0,0.0,0.0,0.0,93.0,0.0,0.0,0.0,0.0,0.0,0.0,0.0,0.0,0.0,0.0,0.0,2012.0
722,13121005800,59.0,0.0,0.0,0.0,0.0,0.0,0.0,0.0,0.0,0.0,59.0,0.0,0.0,0.0,0.0,0.0,0.0,0.0,0.0,0.0,0.0,0.0,2013.0
723,13121005800,43.0,0.0,0.0,0.0,0.0,0.0,0.0,0.0,0.0,0.0,43.0,0.0,0.0,0.0,0.0,0.0,0.0,0.0,0.0,0.0,0.0,0.0,2014.0
724,13121005800,16.0,0.0,0.0,0.0,0.0,0.0,0.0,0.0,0.0,0.0,16.0,0.0,0.0,0.0,0.0,0.0,0.0,0.0,0.0,0.0,0.0,0.0,2015.0
725,13121005800,14.0,0.0,0.0,0.0,0.0,0.0,0.0,0.0,0.0,0.0,0.0,0.0,0.0,0.0,0.0,0.0,0.0,0.0,0.0,0.0,14.0,0.0,2016.0
726,13121005800,14.0,0.0,0.0,0.0,0.0,0.0,0.0,0.0,0.0,0.0,0.0,0.0,0.0,0.0,0.0,0.0,0.0,0.0,0.0,0.0,14.0,0.0,2017.0
727,13121006500,96.0,0.0,0.0,0.0,0.0,0.0,0.0,0.0,0.0,0.0,16.0,0.0,0.0,0.0,0.0,0.0,0.0,0.0,80.0,0.0,0.0,0.0,2012.0
728,13121006500,89.0,0.0,0.0,0.0,0.0,0.0,0.0,0.0,0.0,0.0,25.0,0.0,0.0,0.0,0.0,0.0,0.0,0.0,64.0,0.0,0.0,0.0,2013.0
729,13121006500,78.0,0.0,0.0,0.0,0.0,0.0,0.0,0.0,0.0,0.0,25.0,0.0,0.0,0.0,0.0,0.0,0.0,0.0,30.0,23.0,0.0,0.0,2014.0
730,13121006500,72.0,0.0,0.0,0.0,0.0,0.0,0.0,0.0,0.0,0.0,24.0,0.0,0.0,0.0,0.0,0.0,0.0,0.0,26.0,22.0,0.0,0.0,2015.0
731,13121006500,46.0,0.0,0.0,0.0,0.0,0.0,0.0,0.0,0.0,0.0,25.0,0.0,0.0,0.0,0.0,0.0,0.0,0.0,0.0,21.0,0.0,0.0,2016.0
732,13121006500,24.0,0.0,0.0,0.0,0.0,0.0,0.0,0.0,0.0,0.0,0.0,0.0,0.0,0.0,0.0,0.0,0.0,0.0,0.0,24.0,0.0,0.0,2017.0
733,13121008602,47.0,0.0,17.0,0.0,0.0,0.0,0.0,0.0,0.0,0.0,0.0,17.0,0.0,0.0,0.0,0.0,13.0,0.0,0.0,0.0,0.0,0.0,2012.0
734,13121008602,13.0,0.0,0.0,0.0,0.0,0.0,0.0,0.0,0.0,0.0,0.0,0.0,0.0,0.0,0.0,0.0,0.0,13.0,0.0,0.0,0.0,0.0,2013.0
735,13121008602,10.0,0.0,0.0,0.0,0.0,0.0,0.0,0.0,0.0,0.0,0.0,0.0,0.0,0.0,0.0,0.0,0.0,10.0,0.0,0.0,0.0,0.0,2014.0
736,13121008602,0.0,0.0,0.0,0.0,0.0,0.0,0.0,0.0,0.0,0.0,0.0,0.0,0.0,0.0,0.0,0.0,0.0,0.0,0.0,0.0,0.0,0.0,2015.0
737,13121008602,0.0,0.0,0.0,0.0,0.0,0.0,0.0,0.0,0.0,0.0,0.0,0.0,0.0,0.0,0.0,0.0,0.0,0.0,0.0,0.0,0.0,0.0,2016.0
738,13121008602,0.0,0.0,0.0,0.0,0.0,0.0,0.0,0.0,0.0,0.0,0.0,0.0,0.0,0.0,0.0,0.0,0.0,0.0,0.0,0.0,0.0,0.0,2017.0
739,13121008800,30.0,0.0,0.0,0.0,0.0,0.0,0.0,0.0,0.0,0.0,0.0,0.0,0.0,0.0,0.0,0.0,0.0,0.0,30.0,0.0,0.0,0.0,2012.0
740,13121008800,51.0,0.0,0.0,0.0,0.0,0.0,0.0,0.0,0.0,0.0,0.0,0.0,51.0,0.0,0.0,0.0,0.0,0.0,0.0,0.0,0.0,0.0,2013.0
741,13121008800,48.0,0.0,0.0,0.0,0.0,0.0,0.0,0.0,0.0,0.0,0.0,0.0,48.0,0.0,0.0,0.0,0.0,0.0,0.0,0.0,0.0,0.0,2014.0
742,13121008800,85.0,0.0,0.0,0.0,0.0,0.0,0.0,0.0,0.0,0.0,0.0,0.0,48.0,0.0,0.0,37.0,0.0,0.0,0.0,0.0,0.0,0.0,2015.0
743,13121008800,95.0,0.0,0.0,0.0,0.0,0.0,0.0,0.0,0.0,0.0,0.0,0.0,57.0,0.0,0.0,38.0,0.0,0.0,0.0,0.0,0.0,0.0,2016.0
744,13121008800,98.0,0.0,0.0,0.0,0.0,0.0,0.0,0.0,0.0,0.0,0.0,0.0,56.0,0.0,0.0,0.0,42.0,0.0,0.0,0.0,0.0,0.0,2017.0
745,13121009200,356.0,0.0,0.0,0.0,0.0,0.0,0.0,0.0,0.0,0.0,0.0,0.0,32.0,0.0,29.0,0.0,31.0,31.0,50.0,112.0,71.0,0.0,2012.0
746,13121009200,467.0,0.0,0.0,0.0,0.0,0.0,0.0,0.0,0.0,0.0,0.0,0.0,32.0,0.0,0.0,69.0,78.0,62.0,69.0,88.0,69.0,0.0,2013.0
747,13121009200,359.0,0.0,0.0,0.0,0.0,0.0,0.0,0.0,0.0,0.0,0.0,0.0,0.0,41.0,0.0,68.0,54.0,29.0,72.0,30.0,65.0,0.0,2014.0
748,13121009200,410.0,0.0,0.0,0.0,0.0,0.0,0.0,0.0,0.0,0.0,0.0,0.0,0.0,29.0,0.0,62.0,60.0,32.0,69.0,65.0,67.0,26.0,2015.0
749,13121009200,412.0,0.0,0.0,0.0,0.0,0.0,0.0,0.0,0.0,0.0,0.0,0.0,0.0,0.0,31.0,65.0,67.0,31.0,62.0,98.0,32.0,26.0,2016.0
750,13121009200,479.0,0.0,0.0,0.0,0.0,0.0,0.0,0.0,0.0,0.0,0.0,0.0,0.0,0.0,39.0,35.0,89.0,34.0,101.0,144.0,0.0,37.0,2017.0
751,13121007500,240.0,0.0,0.0,0.0,0.0,19.0,0.0,56.0,48.0,14.0,0.0,0.0,0.0,0.0,17.0,28.0,30.0,28.0,0.0,0.0,0.0,0.0,2012.0
752,13121007500,212.0,0.0,0.0,0.0,0.0,19.0,0.0,52.0,23.0,16.0,0.0,0.0,0.0,0.0,17.0,29.0,30.0,26.0,0.0,0.0,0.0,0.0,2013.0
753,13121007500,185.0,0.0,0.0,0.0,0.0,23.0,0.0,19.0,0.0,0.0,14.0,38.0,0.0,0.0,0.0,36.0,29.0,26.0,0.0,0.0,0.0,0.0,2014.0
754,13121007500,143.0,0.0,0.0,0.0,0.0,23.0,0.0,0.0,0.0,0.0,14.0,40.0,0.0,0.0,0.0,38.0,0.0,28.0,0.0,0.0,0.0,0.0,2015.0
755,13121007500,92.0,0.0,0.0,0.0,0.0,31.0,0.0,0.0,0.0,0.0,0.0,40.0,0.0,0.0,0.0,21.0,0.0,0.0,0.0,0.0,0.0,0.0,2016.0
756,13121007500,110.0,0.0,0.0,0.0,0.0,0.0,0.0,0.0,0.0,0.0,0.0,42.0,0.0,0.0,0.0,0.0,21.0,26.0,21.0,0.0,0.0,0.0,2017.0
757,13121008101,0.0,0.0,0.0,0.0,0.0,0.0,0.0,0.0,0.0,0.0,0.0,0.0,0.0,0.0,0.0,0.0,0.0,0.0,0.0,0.0,0.0,0.0,2012.0
758,13121008101,16.0,0.0,0.0,0.0,0.0,0.0,0.0,0.0,0.0,0.0,0.0,0.0,0.0,0.0,0.0,0.0,0.0,16.0,0.0,0.0,0.0,0.0,2013.0
759,13121008101,28.0,0.0,0.0,0.0,0.0,0.0,0.0,0.0,0.0,0.0,0.0,0.0,0.0,0.0,0.0,0.0,14.0,14.0,0.0,0.0,0.0,0.0,2014.0
760,13121008101,28.0,0.0,0.0,0.0,0.0,0.0,0.0,0.0,0.0,0.0,0.0,0.0,0.0,0.0,0.0,0.0,15.0,13.0,0.0,0.0,0.0,0.0,2015.0
761,13121008101,33.0,0.0,0.0,0.0,0.0,0.0,0.0,0.0,0.0,0.0,0.0,0.0,0.0,0.0,0.0,0.0,17.0,16.0,0.0,0.0,0.0,0.0,2016.0
762,13121008101,34.0,0.0,0.0,0.0,0.0,0.0,0.0,0.0,0.0,0.0,0.0,0.0,0.0,0.0,0.0,0.0,16.0,0.0,18.0,0.0,0.0,0.0,2017.0
763,13121006000,132.0,0.0,0.0,0.0,0.0,0.0,0.0,0.0,16.0,16.0,0.0,31.0,0.0,18.0,16.0,0.0,18.0,0.0,17.0,0.0,0.0,0.0,2012.0
764,13121006000,160.0,0.0,0.0,0.0,0.0,0.0,0.0,0.0,17.0,17.0,0.0,13.0,0.0,17.0,47.0,0.0,17.0,0.0,17.0,15.0,0.0,0.0,2013.0
765,13121006000,197.0,0.0,15.0,0.0,0.0,0.0,15.0,0.0,17.0,17.0,13.0,13.0,0.0,0.0,59.0,0.0,0.0,0.0,18.0,16.0,14.0,0.0,2014.0
766,13121006000,171.0,0.0,15.0,0.0,0.0,0.0,16.0,0.0,17.0,17.0,16.0,13.0,0.0,0.0,44.0,0.0,0.0,0.0,0.0,17.0,16.0,0.0,2015.0
767,13121006000,136.0,0.0,16.0,0.0,0.0,0.0,15.0,0.0,0.0,0.0,19.0,0.0,0.0,0.0,47.0,0.0,0.0,0.0,0.0,17.0,22.0,0.0,2016.0
768,13121006000,116.0,0.0,16.0,0.0,0.0,0.0,0.0,16.0,0.0,0.0,17.0,0.0,0.0,0.0,35.0,0.0,0.0,0.0,0.0,18.0,14.0,0.0,2017.0
