,GEOID,TENURE BY HOUSING COSTS AS A PERCENTAGE OF HOUSEHOLD INCOME IN THE PAST 12 MONTHS_Estimate!!Total,TENURE BY HOUSING COSTS AS A PERCENTAGE OF HOUSEHOLD INCOME IN THE PAST 12 MONTHS_Estimate!!Total!!Owner-occupied housing units,"TENURE BY HOUSING COSTS AS A PERCENTAGE OF HOUSEHOLD INCOME IN THE PAST 12 MONTHS_Estimate!!Total!!Owner-occupied housing units!!Less than $20,000","TENURE BY HOUSING COSTS AS A PERCENTAGE OF HOUSEHOLD INCOME IN THE PAST 12 MONTHS_Estimate!!Total!!Owner-occupied housing units!!Less than $20,000!!Less than 20 percent","TENURE BY HOUSING COSTS AS A PERCENTAGE OF HOUSEHOLD INCOME IN THE PAST 12 MONTHS_Estimate!!Total!!Owner-occupied housing units!!Less than $20,000!!20 to 29 percent","TENURE BY HOUSING COSTS AS A PERCENTAGE OF HOUSEHOLD INCOME IN THE PAST 12 MONTHS_Estimate!!Total!!Owner-occupied housing units!!Less than $20,000!!30 percent or more","TENURE BY HOUSING COSTS AS A PERCENTAGE OF HOUSEHOLD INCOME IN THE PAST 12 MONTHS_Estimate!!Total!!Owner-occupied housing units!!$20,000 to $34,999","TENURE BY HOUSING COSTS AS A PERCENTAGE OF HOUSEHOLD INCOME IN THE PAST 12 MONTHS_Estimate!!Total!!Owner-occupied housing units!!$20,000 to $34,999!!Less than 20 percent","TENURE BY HOUSING COSTS AS A PERCENTAGE OF HOUSEHOLD INCOME IN THE PAST 12 MONTHS_Estimate!!Total!!Owner-occupied housing units!!$20,000 to $34,999!!20 to 29 percent","TENURE BY HOUSING COSTS AS A PERCENTAGE OF HOUSEHOLD INCOME IN THE PAST 12 MONTHS_Estimate!!Total!!Owner-occupied housing units!!$20,000 to $34,999!!30 percent or more","TENURE BY HOUSING COSTS AS A PERCENTAGE OF HOUSEHOLD INCOME IN THE PAST 12 MONTHS_Estimate!!Total!!Owner-occupied housing units!!$35,000 to $49,999","TENURE BY HOUSING COSTS AS A PERCENTAGE OF HOUSEHOLD INCOME IN THE PAST 12 MONTHS_Estimate!!Total!!Owner-occupied housing units!!$35,000 to $49,999!!Less than 20 percent","TENURE BY HOUSING COSTS AS A PERCENTAGE OF HOUSEHOLD INCOME IN THE PAST 12 MONTHS_Estimate!!Total!!Owner-occupied housing units!!$35,000 to $49,999!!20 to 29 percent","TENURE BY HOUSING COSTS AS A PERCENTAGE OF HOUSEHOLD INCOME IN THE PAST 12 MONTHS_Estimate!!Total!!Owner-occupied housing units!!$35,000 to $49,999!!30 percent or more","TENURE BY HOUSING COSTS AS A PERCENTAGE OF HOUSEHOLD INCOME IN THE PAST 12 MONTHS_Estimate!!Total!!Owner-occupied housing units!!$50,000 to $74,999","TENURE BY HOUSING COSTS AS A PERCENTAGE OF HOUSEHOLD INCOME IN THE PAST 12 MONTHS_Estimate!!Total!!Owner-occupied housing units!!$50,000 to $74,999!!Less than 20 percent","TENURE BY HOUSING COSTS AS A PERCENTAGE OF HOUSEHOLD INCOME IN THE PAST 12 MONTHS_Estimate!!Total!!Owner-occupied housing units!!$50,000 to $74,999!!20 to 29 percent","TENURE BY HOUSING COSTS AS A PERCENTAGE OF HOUSEHOLD INCOME IN THE PAST 12 MONTHS_Estimate!!Total!!Owner-occupied housing units!!$50,000 to $74,999!!30 percent or more","TENURE BY HOUSING COSTS AS A PERCENTAGE OF HOUSEHOLD INCOME IN THE PAST 12 MONTHS_Estimate!!Total!!Owner-occupied housing units!!$75,000 or more","TENURE BY HOUSING COSTS AS A PERCENTAGE OF HOUSEHOLD INCOME IN THE PAST 12 MONTHS_Estimate!!Total!!Owner-occupied housing units!!$75,000 or more!!Less than 20 percent","TENURE BY HOUSING COSTS AS A PERCENTAGE OF HOUSEHOLD INCOME IN THE PAST 12 MONTHS_Estimate!!Total!!Owner-occupied housing units!!$75,000 or more!!20 to 29 percent","TENURE BY HOUSING COSTS AS A PERCENTAGE OF HOUSEHOLD INCOME IN THE PAST 12 MONTHS_Estimate!!Total!!Owner-occupied housing units!!$75,000 or more!!30 percent or more",TENURE BY HOUSING COSTS AS A PERCENTAGE OF HOUSEHOLD INCOME IN THE PAST 12 MONTHS_Estimate!!Total!!Owner-occupied housing units!!Zero or negative income,TENURE BY HOUSING COSTS AS A PERCENTAGE OF HOUSEHOLD INCOME IN THE PAST 12 MONTHS_Estimate!!Total!!Renter-occupied housing units,"TENURE BY HOUSING COSTS AS A PERCENTAGE OF HOUSEHOLD INCOME IN THE PAST 12 MONTHS_Estimate!!Total!!Renter-occupied housing units!!Less than $20,000","TENURE BY HOUSING COSTS AS A PERCENTAGE OF HOUSEHOLD INCOME IN THE PAST 12 MONTHS_Estimate!!Total!!Renter-occupied housing units!!Less than $20,000!!Less than 20 percent","TENURE BY HOUSING COSTS AS A PERCENTAGE OF HOUSEHOLD INCOME IN THE PAST 12 MONTHS_Estimate!!Total!!Renter-occupied housing units!!Less than $20,000!!20 to 29 percent","TENURE BY HOUSING COSTS AS A PERCENTAGE OF HOUSEHOLD INCOME IN THE PAST 12 MONTHS_Estimate!!Total!!Renter-occupied housing units!!Less than $20,000!!30 percent or more","TENURE BY HOUSING COSTS AS A PERCENTAGE OF HOUSEHOLD INCOME IN THE PAST 12 MONTHS_Estimate!!Total!!Renter-occupied housing units!!$20,000 to $34,999","TENURE BY HOUSING COSTS AS A PERCENTAGE OF HOUSEHOLD INCOME IN THE PAST 12 MONTHS_Estimate!!Total!!Renter-occupied housing units!!$20,000 to $34,999!!Less than 20 percent","TENURE BY HOUSING COSTS AS A PERCENTAGE OF HOUSEHOLD INCOME IN THE PAST 12 MONTHS_Estimate!!Total!!Renter-occupied housing units!!$20,000 to $34,999!!20 to 29 percent","TENURE BY HOUSING COSTS AS A PERCENTAGE OF HOUSEHOLD INCOME IN THE PAST 12 MONTHS_Estimate!!Total!!Renter-occupied housing units!!$20,000 to $34,999!!30 percent or more","TENURE BY HOUSING COSTS AS A PERCENTAGE OF HOUSEHOLD INCOME IN THE PAST 12 MONTHS_Estimate!!Total!!Renter-occupied housing units!!$35,000 to $49,999","TENURE BY HOUSING COSTS AS A PERCENTAGE OF HOUSEHOLD INCOME IN THE PAST 12 MONTHS_Estimate!!Total!!Renter-occupied housing units!!$35,000 to $49,999!!Less than 20 percent","TENURE BY HOUSING COSTS AS A PERCENTAGE OF HOUSEHOLD INCOME IN THE PAST 12 MONTHS_Estimate!!Total!!Renter-occupied housing units!!$35,000 to $49,999!!20 to 29 percent","TENURE BY HOUSING COSTS AS A PERCENTAGE OF HOUSEHOLD INCOME IN THE PAST 12 MONTHS_Estimate!!Total!!Renter-occupied housing units!!$35,000 to $49,999!!30 percent or more","TENURE BY HOUSING COSTS AS A PERCENTAGE OF HOUSEHOLD INCOME IN THE PAST 12 MONTHS_Estimate!!Total!!Renter-occupied housing units!!$50,000 to $74,999","TENURE BY HOUSING COSTS AS A PERCENTAGE OF HOUSEHOLD INCOME IN THE PAST 12 MONTHS_Estimate!!Total!!Renter-occupied housing units!!$50,000 to $74,999!!Less than 20 percent","TENURE BY HOUSING COSTS AS A PERCENTAGE OF HOUSEHOLD INCOME IN THE PAST 12 MONTHS_Estimate!!Total!!Renter-occupied housing units!!$50,000 to $74,999!!20 to 29 percent","TENURE BY HOUSING COSTS AS A PERCENTAGE OF HOUSEHOLD INCOME IN THE PAST 12 MONTHS_Estimate!!Total!!Renter-occupied housing units!!$50,000 to $74,999!!30 percent or more","TENURE BY HOUSING COSTS AS A PERCENTAGE OF HOUSEHOLD INCOME IN THE PAST 12 MONTHS_Estimate!!Total!!Renter-occupied housing units!!$75,000 or more","TENURE BY HOUSING COSTS AS A PERCENTAGE OF HOUSEHOLD INCOME IN THE PAST 12 MONTHS_Estimate!!Total!!Renter-occupied housing units!!$75,000 or more!!Less than 20 percent","TENURE BY HOUSING COSTS AS A PERCENTAGE OF HOUSEHOLD INCOME IN THE PAST 12 MONTHS_Estimate!!Total!!Renter-occupied housing units!!$75,000 or more!!20 to 29 percent","TENURE BY HOUSING COSTS AS A PERCENTAGE OF HOUSEHOLD INCOME IN THE PAST 12 MONTHS_Estimate!!Total!!Renter-occupied housing units!!$75,000 or more!!30 percent or more",TENURE BY HOUSING COSTS AS A PERCENTAGE OF HOUSEHOLD INCOME IN THE PAST 12 MONTHS_Estimate!!Total!!Renter-occupied housing units!!Zero or negative income,TENURE BY HOUSING COSTS AS A PERCENTAGE OF HOUSEHOLD INCOME IN THE PAST 12 MONTHS_Estimate!!Total!!Renter-occupied housing units!!No cash rent,YEAR
0,13121006601,764.0,432.0,58.0,5.0,4.0,49.0,77.0,6.0,10.0,61.0,34.0,18.0,16.0,0.0,117.0,37.0,80.0,0.0,146.0,132.0,14.0,0.0,0.0,332.0,154.0,12.0,27.0,115.0,36.0,0.0,0.0,36.0,53.0,12.0,0.0,41.0,37.0,15.0,22.0,0.0,9.0,9.0,0.0,0.0,14.0,29.0,2017.0
1,13121006700,1505.0,551.0,60.0,0.0,9.0,51.0,59.0,36.0,0.0,23.0,148.0,89.0,44.0,15.0,52.0,12.0,40.0,0.0,185.0,156.0,29.0,0.0,47.0,954.0,417.0,65.0,53.0,299.0,194.0,0.0,27.0,167.0,88.0,27.0,9.0,52.0,136.0,81.0,36.0,19.0,36.0,36.0,0.0,0.0,58.0,25.0,2017.0
2,13121009300,2439.0,1395.0,30.0,0.0,0.0,30.0,104.0,0.0,0.0,104.0,50.0,0.0,0.0,50.0,187.0,187.0,0.0,0.0,1024.0,830.0,98.0,96.0,0.0,1044.0,139.0,0.0,0.0,139.0,175.0,0.0,0.0,175.0,28.0,0.0,0.0,28.0,188.0,24.0,86.0,78.0,425.0,307.0,90.0,28.0,74.0,15.0,2017.0
3,13121009402,2487.0,357.0,0.0,0.0,0.0,0.0,25.0,0.0,25.0,0.0,65.0,0.0,7.0,58.0,80.0,9.0,35.0,36.0,187.0,142.0,30.0,15.0,0.0,2130.0,232.0,0.0,0.0,232.0,261.0,0.0,0.0,261.0,182.0,0.0,41.0,141.0,498.0,68.0,291.0,139.0,836.0,671.0,132.0,33.0,82.0,39.0,2017.0
5,13089023700,2363.0,965.0,125.0,18.0,28.0,79.0,152.0,60.0,14.0,78.0,164.0,84.0,53.0,27.0,175.0,52.0,87.0,36.0,333.0,262.0,71.0,0.0,16.0,1398.0,478.0,0.0,20.0,458.0,169.0,0.0,0.0,169.0,266.0,20.0,151.0,95.0,178.0,70.0,93.0,15.0,240.0,140.0,100.0,0.0,67.0,0.0,2017.0
6,13121001300,2235.0,844.0,61.0,0.0,0.0,61.0,125.0,0.0,46.0,79.0,0.0,0.0,0.0,0.0,112.0,0.0,46.0,66.0,520.0,256.0,198.0,66.0,26.0,1391.0,254.0,0.0,0.0,254.0,164.0,23.0,20.0,121.0,262.0,14.0,105.0,143.0,265.0,103.0,147.0,15.0,446.0,360.0,62.0,24.0,0.0,0.0,2017.0
7,13121001400,1300.0,589.0,27.0,0.0,0.0,27.0,60.0,0.0,28.0,32.0,27.0,0.0,0.0,27.0,31.0,5.0,21.0,5.0,436.0,295.0,135.0,6.0,8.0,711.0,54.0,0.0,0.0,54.0,75.0,0.0,0.0,75.0,56.0,0.0,32.0,24.0,183.0,33.0,128.0,22.0,299.0,244.0,36.0,19.0,44.0,0.0,2017.0
8,13121001800,3021.0,883.0,86.0,0.0,0.0,86.0,65.0,0.0,18.0,47.0,114.0,26.0,40.0,48.0,228.0,115.0,97.0,16.0,379.0,310.0,69.0,0.0,11.0,2138.0,770.0,58.0,175.0,537.0,270.0,0.0,127.0,143.0,236.0,16.0,85.0,135.0,293.0,46.0,221.0,26.0,391.0,248.0,143.0,0.0,148.0,30.0,2017.0
9,13121001600,1304.0,302.0,0.0,0.0,0.0,0.0,14.0,0.0,10.0,4.0,41.0,8.0,6.0,27.0,59.0,25.0,19.0,15.0,183.0,94.0,52.0,37.0,5.0,1002.0,72.0,0.0,0.0,72.0,169.0,10.0,0.0,159.0,152.0,8.0,101.0,43.0,171.0,50.0,82.0,39.0,390.0,246.0,144.0,0.0,48.0,0.0,2017.0
10,13121001500,2437.0,890.0,0.0,0.0,0.0,0.0,36.0,0.0,0.0,36.0,55.0,0.0,28.0,27.0,137.0,37.0,81.0,19.0,648.0,513.0,102.0,33.0,14.0,1547.0,317.0,49.0,32.0,236.0,351.0,0.0,84.0,267.0,182.0,47.0,64.0,71.0,209.0,99.0,68.0,42.0,401.0,301.0,100.0,0.0,56.0,31.0,2017.0
11,13121001900,1382.0,472.0,29.0,0.0,0.0,29.0,37.0,8.0,0.0,29.0,53.0,38.0,15.0,0.0,34.0,17.0,8.0,9.0,306.0,222.0,81.0,3.0,13.0,910.0,132.0,0.0,35.0,97.0,167.0,0.0,44.0,123.0,102.0,15.0,18.0,69.0,205.0,46.0,150.0,9.0,271.0,173.0,78.0,20.0,14.0,19.0,2017.0
12,13121000500,2703.0,1387.0,66.0,14.0,0.0,52.0,14.0,0.0,14.0,0.0,178.0,19.0,131.0,28.0,204.0,21.0,115.0,68.0,925.0,597.0,224.0,104.0,0.0,1316.0,147.0,0.0,24.0,123.0,158.0,0.0,33.0,125.0,288.0,0.0,178.0,110.0,121.0,0.0,77.0,44.0,527.0,414.0,102.0,11.0,0.0,75.0,2017.0
13,13121003600,831.0,211.0,5.0,0.0,0.0,5.0,15.0,0.0,0.0,15.0,23.0,8.0,5.0,10.0,37.0,18.0,5.0,14.0,106.0,81.0,14.0,11.0,25.0,620.0,262.0,0.0,145.0,117.0,73.0,5.0,18.0,50.0,83.0,37.0,28.0,18.0,164.0,71.0,93.0,0.0,38.0,38.0,0.0,0.0,0.0,0.0,2017.0
14,13121010002,3344.0,2062.0,26.0,0.0,0.0,26.0,148.0,11.0,35.0,102.0,76.0,0.0,40.0,36.0,70.0,14.0,0.0,56.0,1742.0,1229.0,222.0,291.0,0.0,1282.0,70.0,0.0,0.0,70.0,112.0,0.0,0.0,112.0,119.0,0.0,0.0,119.0,217.0,9.0,122.0,86.0,721.0,426.0,261.0,34.0,13.0,30.0,2017.0
15,13121010001,2442.0,1793.0,37.0,0.0,0.0,37.0,119.0,0.0,0.0,119.0,85.0,14.0,56.0,15.0,178.0,61.0,85.0,32.0,1355.0,888.0,301.0,166.0,19.0,649.0,145.0,0.0,0.0,145.0,33.0,0.0,0.0,33.0,79.0,0.0,0.0,79.0,216.0,0.0,44.0,172.0,158.0,112.0,46.0,0.0,18.0,0.0,2017.0
16,13121009802,1844.0,1148.0,10.0,0.0,0.0,10.0,54.0,0.0,0.0,54.0,39.0,0.0,32.0,7.0,52.0,0.0,41.0,11.0,993.0,520.0,245.0,228.0,0.0,696.0,61.0,0.0,0.0,61.0,29.0,0.0,0.0,29.0,50.0,0.0,0.0,50.0,116.0,0.0,63.0,53.0,432.0,311.0,121.0,0.0,8.0,0.0,2017.0
17,13121006801,0.0,0.0,0.0,0.0,0.0,0.0,0.0,0.0,0.0,0.0,0.0,0.0,0.0,0.0,0.0,0.0,0.0,0.0,0.0,0.0,0.0,0.0,0.0,0.0,0.0,0.0,0.0,0.0,0.0,0.0,0.0,0.0,0.0,0.0,0.0,0.0,0.0,0.0,0.0,0.0,0.0,0.0,0.0,0.0,0.0,0.0,2017.0
18,13121009700,1351.0,1263.0,98.0,0.0,0.0,98.0,49.0,0.0,0.0,49.0,59.0,29.0,8.0,22.0,38.0,0.0,12.0,26.0,992.0,777.0,110.0,105.0,27.0,88.0,0.0,0.0,0.0,0.0,0.0,0.0,0.0,0.0,17.0,0.0,10.0,7.0,0.0,0.0,0.0,0.0,50.0,20.0,9.0,21.0,0.0,21.0,2017.0
19,13121007100,782.0,336.0,107.0,33.0,9.0,65.0,72.0,56.0,0.0,16.0,65.0,40.0,15.0,10.0,34.0,19.0,10.0,5.0,49.0,49.0,0.0,0.0,9.0,446.0,170.0,0.0,6.0,164.0,102.0,23.0,0.0,79.0,52.0,21.0,26.0,5.0,34.0,25.0,9.0,0.0,75.0,75.0,0.0,0.0,0.0,13.0,2017.0
20,13121006200,512.0,203.0,28.0,0.0,0.0,28.0,23.0,0.0,13.0,10.0,30.0,6.0,13.0,11.0,19.0,8.0,11.0,0.0,103.0,97.0,0.0,6.0,0.0,309.0,148.0,0.0,16.0,132.0,66.0,0.0,0.0,66.0,27.0,0.0,22.0,5.0,17.0,12.0,5.0,0.0,15.0,15.0,0.0,0.0,36.0,0.0,2017.0
21,13121001100,2949.0,1471.0,72.0,0.0,0.0,72.0,106.0,0.0,0.0,106.0,60.0,0.0,48.0,12.0,129.0,45.0,0.0,84.0,1104.0,872.0,186.0,46.0,0.0,1478.0,196.0,0.0,75.0,121.0,57.0,0.0,0.0,57.0,66.0,0.0,41.0,25.0,327.0,110.0,157.0,60.0,753.0,526.0,208.0,19.0,79.0,0.0,2017.0
22,13121002500,955.0,214.0,35.0,3.0,0.0,32.0,34.0,15.0,0.0,19.0,20.0,0.0,14.0,6.0,70.0,42.0,6.0,22.0,34.0,25.0,9.0,0.0,21.0,741.0,253.0,18.0,6.0,229.0,228.0,15.0,62.0,151.0,115.0,0.0,97.0,18.0,72.0,30.0,42.0,0.0,35.0,35.0,0.0,0.0,20.0,18.0,2017.0
23,13121004200,1433.0,275.0,31.0,0.0,0.0,31.0,57.0,34.0,0.0,23.0,0.0,0.0,0.0,0.0,104.0,55.0,9.0,40.0,83.0,71.0,0.0,12.0,0.0,1158.0,670.0,67.0,289.0,314.0,212.0,65.0,0.0,147.0,95.0,32.0,17.0,46.0,85.0,23.0,62.0,0.0,37.0,26.0,11.0,0.0,28.0,31.0,2017.0
24,13121009101,2826.0,1237.0,82.0,0.0,0.0,82.0,73.0,0.0,0.0,73.0,45.0,0.0,0.0,45.0,234.0,78.0,60.0,96.0,803.0,611.0,133.0,59.0,0.0,1589.0,211.0,20.0,35.0,156.0,31.0,0.0,0.0,31.0,155.0,0.0,107.0,48.0,468.0,67.0,315.0,86.0,671.0,459.0,212.0,0.0,17.0,36.0,2017.0
25,13121008904,2615.0,1536.0,151.0,0.0,0.0,151.0,100.0,0.0,39.0,61.0,179.0,41.0,42.0,96.0,119.0,27.0,74.0,18.0,971.0,788.0,158.0,25.0,16.0,1079.0,82.0,0.0,0.0,82.0,107.0,0.0,0.0,107.0,195.0,0.0,14.0,181.0,254.0,34.0,144.0,76.0,360.0,303.0,27.0,30.0,11.0,70.0,2017.0
26,13121003700,110.0,0.0,0.0,0.0,0.0,0.0,0.0,0.0,0.0,0.0,0.0,0.0,0.0,0.0,0.0,0.0,0.0,0.0,0.0,0.0,0.0,0.0,0.0,110.0,54.0,12.0,0.0,42.0,42.0,28.0,0.0,14.0,14.0,14.0,0.0,0.0,0.0,0.0,0.0,0.0,0.0,0.0,0.0,0.0,0.0,0.0,2017.0
27,13121010211,997.0,818.0,33.0,0.0,0.0,33.0,13.0,0.0,0.0,13.0,29.0,7.0,9.0,13.0,50.0,20.0,11.0,19.0,682.0,475.0,128.0,79.0,11.0,179.0,14.0,0.0,0.0,14.0,69.0,0.0,0.0,69.0,20.0,0.0,20.0,0.0,45.0,16.0,29.0,0.0,31.0,14.0,10.0,7.0,0.0,0.0,2017.0
28,13121012000,1259.0,326.0,108.0,0.0,29.0,79.0,13.0,0.0,0.0,13.0,88.0,58.0,22.0,8.0,56.0,22.0,34.0,0.0,61.0,43.0,18.0,0.0,0.0,933.0,357.0,0.0,71.0,286.0,203.0,20.0,50.0,133.0,211.0,49.0,79.0,83.0,34.0,18.0,16.0,0.0,57.0,57.0,0.0,0.0,57.0,14.0,2017.0
29,13121009000,2092.0,1202.0,18.0,0.0,0.0,18.0,46.0,0.0,0.0,46.0,18.0,8.0,0.0,10.0,113.0,58.0,19.0,36.0,997.0,635.0,203.0,159.0,10.0,890.0,37.0,0.0,0.0,37.0,82.0,0.0,0.0,82.0,158.0,0.0,58.0,100.0,257.0,23.0,150.0,84.0,313.0,282.0,15.0,16.0,19.0,24.0,2017.0
30,13121007002,988.0,345.0,110.0,0.0,13.0,97.0,36.0,28.0,0.0,8.0,28.0,28.0,0.0,0.0,60.0,29.0,9.0,22.0,111.0,85.0,26.0,0.0,0.0,643.0,218.0,0.0,8.0,210.0,98.0,40.0,0.0,58.0,165.0,0.0,157.0,8.0,89.0,38.0,51.0,0.0,31.0,31.0,0.0,0.0,33.0,9.0,2017.0
31,13121009900,2158.0,1524.0,70.0,0.0,0.0,70.0,50.0,0.0,25.0,25.0,15.0,0.0,0.0,15.0,136.0,0.0,106.0,30.0,1253.0,862.0,176.0,215.0,0.0,634.0,64.0,0.0,0.0,64.0,36.0,0.0,0.0,36.0,207.0,0.0,39.0,168.0,88.0,11.0,65.0,12.0,239.0,210.0,29.0,0.0,0.0,0.0,2017.0
32,13121010303,3974.0,2826.0,229.0,19.0,0.0,210.0,239.0,56.0,78.0,105.0,409.0,124.0,49.0,236.0,525.0,252.0,134.0,139.0,1424.0,1022.0,350.0,52.0,0.0,1148.0,221.0,0.0,16.0,205.0,171.0,0.0,0.0,171.0,258.0,15.0,92.0,151.0,331.0,37.0,160.0,134.0,147.0,107.0,40.0,0.0,20.0,0.0,2017.0
33,13121001700,2260.0,463.0,24.0,0.0,0.0,24.0,46.0,10.0,25.0,11.0,17.0,17.0,0.0,0.0,102.0,67.0,35.0,0.0,274.0,216.0,22.0,36.0,0.0,1797.0,280.0,0.0,29.0,251.0,195.0,61.0,0.0,134.0,207.0,0.0,43.0,164.0,370.0,0.0,242.0,128.0,682.0,454.0,192.0,36.0,63.0,0.0,2017.0
34,13121000600,2383.0,476.0,33.0,13.0,0.0,20.0,54.0,0.0,0.0,54.0,91.0,42.0,13.0,36.0,85.0,0.0,39.0,46.0,213.0,180.0,33.0,0.0,0.0,1907.0,268.0,0.0,0.0,268.0,190.0,0.0,0.0,190.0,231.0,27.0,58.0,146.0,402.0,0.0,276.0,126.0,515.0,377.0,107.0,31.0,240.0,61.0,2017.0
35,13121000200,2777.0,1945.0,27.0,0.0,0.0,27.0,68.0,14.0,14.0,40.0,66.0,41.0,13.0,12.0,304.0,74.0,137.0,93.0,1480.0,1102.0,261.0,117.0,0.0,832.0,69.0,0.0,0.0,69.0,120.0,0.0,0.0,120.0,66.0,0.0,24.0,42.0,183.0,29.0,143.0,11.0,361.0,272.0,89.0,0.0,0.0,33.0,2017.0
36,13121000400,934.0,571.0,41.0,0.0,0.0,41.0,40.0,0.0,7.0,33.0,28.0,0.0,0.0,28.0,57.0,13.0,0.0,44.0,405.0,286.0,62.0,57.0,0.0,363.0,19.0,0.0,0.0,19.0,17.0,0.0,0.0,17.0,73.0,0.0,51.0,22.0,89.0,0.0,33.0,56.0,155.0,97.0,58.0,0.0,10.0,0.0,2017.0
37,13121000100,1969.0,1574.0,37.0,0.0,0.0,37.0,52.0,0.0,19.0,33.0,68.0,7.0,23.0,38.0,129.0,53.0,24.0,52.0,1288.0,791.0,258.0,239.0,0.0,395.0,0.0,0.0,0.0,0.0,21.0,0.0,10.0,11.0,24.0,0.0,9.0,15.0,72.0,12.0,60.0,0.0,278.0,147.0,107.0,24.0,0.0,0.0,2017.0
38,13121010206,2328.0,2152.0,20.0,0.0,0.0,20.0,57.0,0.0,0.0,57.0,94.0,32.0,18.0,44.0,141.0,32.0,27.0,82.0,1816.0,1196.0,272.0,348.0,24.0,176.0,0.0,0.0,0.0,0.0,0.0,0.0,0.0,0.0,85.0,0.0,69.0,16.0,0.0,0.0,0.0,0.0,60.0,28.0,32.0,0.0,11.0,20.0,2017.0
39,13121006602,441.0,75.0,31.0,8.0,4.0,19.0,16.0,4.0,2.0,10.0,4.0,0.0,0.0,4.0,8.0,5.0,3.0,0.0,16.0,16.0,0.0,0.0,0.0,366.0,162.0,0.0,23.0,139.0,98.0,0.0,17.0,81.0,49.0,11.0,36.0,2.0,8.0,4.0,4.0,0.0,23.0,23.0,0.0,0.0,14.0,12.0,2017.0
40,13121002900,1266.0,367.0,0.0,0.0,0.0,0.0,0.0,0.0,0.0,0.0,17.0,0.0,0.0,17.0,103.0,19.0,40.0,44.0,239.0,169.0,59.0,11.0,8.0,899.0,165.0,0.0,0.0,165.0,108.0,0.0,0.0,108.0,105.0,0.0,21.0,84.0,232.0,35.0,130.0,67.0,289.0,199.0,90.0,0.0,0.0,0.0,2017.0
41,13121007705,1772.0,429.0,92.0,16.0,0.0,76.0,40.0,0.0,25.0,15.0,80.0,34.0,37.0,9.0,72.0,14.0,35.0,23.0,145.0,137.0,8.0,0.0,0.0,1343.0,599.0,26.0,152.0,421.0,359.0,7.0,68.0,284.0,126.0,0.0,47.0,79.0,85.0,40.0,45.0,0.0,62.0,62.0,0.0,0.0,59.0,53.0,2017.0
42,13121009603,2691.0,1175.0,15.0,0.0,0.0,15.0,98.0,0.0,28.0,70.0,84.0,0.0,0.0,84.0,204.0,14.0,113.0,77.0,774.0,517.0,89.0,168.0,0.0,1516.0,207.0,0.0,29.0,178.0,234.0,0.0,45.0,189.0,155.0,0.0,127.0,28.0,248.0,87.0,135.0,26.0,572.0,483.0,61.0,28.0,78.0,22.0,2017.0
43,13121009601,1388.0,438.0,8.0,0.0,0.0,8.0,21.0,0.0,0.0,21.0,33.0,0.0,23.0,10.0,68.0,10.0,51.0,7.0,308.0,195.0,113.0,0.0,0.0,950.0,66.0,0.0,0.0,66.0,38.0,0.0,0.0,38.0,137.0,0.0,7.0,130.0,207.0,23.0,98.0,86.0,493.0,383.0,95.0,15.0,0.0,9.0,2017.0
44,13121009801,1962.0,1397.0,62.0,0.0,0.0,62.0,16.0,0.0,0.0,16.0,102.0,42.0,9.0,51.0,111.0,12.0,27.0,72.0,1106.0,803.0,170.0,133.0,0.0,565.0,195.0,42.0,63.0,90.0,94.0,18.0,8.0,68.0,23.0,10.0,0.0,13.0,123.0,0.0,93.0,30.0,108.0,43.0,0.0,65.0,0.0,22.0,2017.0
45,13121011900,1842.0,261.0,56.0,0.0,0.0,56.0,47.0,0.0,0.0,47.0,8.0,0.0,0.0,8.0,54.0,11.0,24.0,19.0,96.0,46.0,40.0,10.0,0.0,1581.0,683.0,118.0,150.0,415.0,212.0,23.0,38.0,151.0,291.0,11.0,202.0,78.0,205.0,61.0,85.0,59.0,129.0,92.0,37.0,0.0,51.0,10.0,2017.0
46,13121001202,2945.0,1451.0,20.0,0.0,0.0,20.0,60.0,0.0,0.0,60.0,139.0,17.0,11.0,111.0,207.0,85.0,112.0,10.0,1002.0,770.0,200.0,32.0,23.0,1494.0,143.0,0.0,0.0,143.0,174.0,0.0,0.0,174.0,171.0,0.0,107.0,64.0,405.0,130.0,223.0,52.0,565.0,398.0,167.0,0.0,17.0,19.0,2017.0
47,13121009102,1755.0,617.0,30.0,0.0,0.0,30.0,55.0,0.0,0.0,55.0,0.0,0.0,0.0,0.0,45.0,0.0,13.0,32.0,457.0,294.0,82.0,81.0,30.0,1138.0,178.0,0.0,0.0,178.0,293.0,0.0,45.0,248.0,131.0,16.0,103.0,12.0,164.0,22.0,87.0,55.0,289.0,249.0,40.0,0.0,83.0,0.0,2017.0
48,13089020802,1783.0,1107.0,95.0,0.0,0.0,95.0,123.0,0.0,77.0,46.0,34.0,20.0,0.0,14.0,110.0,50.0,8.0,52.0,745.0,597.0,96.0,52.0,0.0,676.0,352.0,70.0,97.0,185.0,106.0,0.0,0.0,106.0,104.0,8.0,91.0,5.0,45.0,23.0,15.0,7.0,51.0,51.0,0.0,0.0,11.0,7.0,2017.0
49,13121001201,2680.0,805.0,33.0,16.0,0.0,17.0,72.0,0.0,10.0,62.0,52.0,18.0,34.0,0.0,113.0,16.0,15.0,82.0,535.0,398.0,74.0,63.0,0.0,1875.0,367.0,0.0,56.0,311.0,313.0,57.0,0.0,256.0,237.0,0.0,74.0,163.0,256.0,55.0,85.0,116.0,623.0,434.0,172.0,17.0,79.0,0.0,2017.0
50,13121001001,818.0,401.0,57.0,0.0,0.0,57.0,42.0,0.0,5.0,37.0,15.0,0.0,0.0,15.0,54.0,19.0,4.0,31.0,233.0,131.0,35.0,67.0,0.0,417.0,37.0,0.0,0.0,37.0,46.0,0.0,0.0,46.0,21.0,0.0,5.0,16.0,92.0,9.0,45.0,38.0,197.0,141.0,44.0,12.0,13.0,11.0,2017.0
51,13121008903,784.0,298.0,4.0,0.0,0.0,4.0,12.0,9.0,0.0,3.0,31.0,14.0,8.0,9.0,76.0,10.0,44.0,22.0,175.0,141.0,34.0,0.0,0.0,486.0,48.0,0.0,0.0,48.0,64.0,0.0,13.0,51.0,81.0,15.0,25.0,41.0,158.0,50.0,70.0,38.0,135.0,93.0,42.0,0.0,0.0,0.0,2017.0
52,13121004300,699.0,137.0,13.0,0.0,0.0,13.0,5.0,0.0,5.0,0.0,0.0,0.0,0.0,0.0,21.0,0.0,5.0,16.0,98.0,78.0,14.0,6.0,0.0,562.0,234.0,0.0,24.0,210.0,126.0,4.0,36.0,86.0,66.0,0.0,16.0,50.0,57.0,44.0,13.0,0.0,65.0,49.0,16.0,0.0,14.0,0.0,2017.0
53,13121007603,2152.0,171.0,0.0,0.0,0.0,0.0,67.0,25.0,0.0,42.0,37.0,0.0,37.0,0.0,19.0,19.0,0.0,0.0,48.0,48.0,0.0,0.0,0.0,1981.0,1351.0,20.0,126.0,1205.0,386.0,26.0,68.0,292.0,46.0,0.0,20.0,26.0,39.0,39.0,0.0,0.0,55.0,55.0,0.0,0.0,68.0,36.0,2017.0
54,13121007604,990.0,182.0,64.0,0.0,6.0,58.0,47.0,0.0,0.0,47.0,17.0,17.0,0.0,0.0,21.0,12.0,9.0,0.0,23.0,16.0,7.0,0.0,10.0,808.0,402.0,20.0,25.0,357.0,254.0,0.0,0.0,254.0,34.0,26.0,8.0,0.0,49.0,49.0,0.0,0.0,26.0,26.0,0.0,0.0,43.0,0.0,2017.0
55,13121007703,1518.0,866.0,140.0,15.0,39.0,86.0,130.0,31.0,0.0,99.0,153.0,31.0,10.0,112.0,143.0,37.0,46.0,60.0,290.0,231.0,51.0,8.0,10.0,652.0,134.0,0.0,0.0,134.0,141.0,0.0,0.0,141.0,239.0,39.0,111.0,89.0,102.0,9.0,51.0,42.0,36.0,36.0,0.0,0.0,0.0,0.0,2017.0
56,13121007704,2058.0,875.0,119.0,32.0,0.0,87.0,188.0,28.0,16.0,144.0,71.0,25.0,14.0,32.0,177.0,49.0,65.0,63.0,286.0,230.0,29.0,27.0,34.0,1183.0,470.0,0.0,0.0,470.0,380.0,32.0,22.0,326.0,46.0,0.0,19.0,27.0,169.0,64.0,49.0,56.0,30.0,20.0,10.0,0.0,27.0,61.0,2017.0
57,13121009501,1651.0,1321.0,42.0,0.0,8.0,34.0,49.0,0.0,0.0,49.0,82.0,0.0,16.0,66.0,130.0,8.0,9.0,113.0,982.0,710.0,106.0,166.0,36.0,330.0,19.0,0.0,0.0,19.0,37.0,0.0,7.0,30.0,78.0,0.0,34.0,44.0,81.0,14.0,0.0,67.0,99.0,56.0,32.0,11.0,0.0,16.0,2017.0
58,13089020700,962.0,525.0,51.0,0.0,5.0,46.0,42.0,21.0,6.0,15.0,37.0,11.0,0.0,26.0,59.0,8.0,28.0,23.0,336.0,277.0,37.0,22.0,0.0,437.0,114.0,0.0,15.0,99.0,105.0,0.0,11.0,94.0,59.0,0.0,40.0,19.0,53.0,34.0,19.0,0.0,62.0,42.0,16.0,4.0,24.0,20.0,2017.0
59,13121008902,3761.0,1070.0,101.0,0.0,0.0,101.0,58.0,15.0,0.0,43.0,47.0,14.0,17.0,16.0,147.0,76.0,56.0,15.0,717.0,529.0,137.0,51.0,0.0,2691.0,456.0,0.0,0.0,456.0,237.0,0.0,0.0,237.0,567.0,28.0,187.0,352.0,755.0,117.0,455.0,183.0,634.0,436.0,198.0,0.0,42.0,0.0,2017.0
60,13121009403,2787.0,614.0,49.0,0.0,0.0,49.0,101.0,0.0,0.0,101.0,25.0,0.0,16.0,9.0,212.0,104.0,91.0,17.0,221.0,128.0,76.0,17.0,6.0,2173.0,368.0,0.0,104.0,264.0,429.0,0.0,56.0,373.0,410.0,0.0,134.0,276.0,445.0,63.0,265.0,117.0,382.0,195.0,187.0,0.0,55.0,84.0,2017.0
61,13121009602,2746.0,1454.0,82.0,27.0,0.0,55.0,197.0,44.0,0.0,153.0,78.0,12.0,51.0,15.0,159.0,82.0,15.0,62.0,938.0,658.0,188.0,92.0,0.0,1292.0,154.0,0.0,0.0,154.0,83.0,0.0,0.0,83.0,97.0,0.0,0.0,97.0,227.0,46.0,92.0,89.0,718.0,483.0,140.0,95.0,13.0,0.0,2017.0
62,13121009404,2360.0,1361.0,74.0,0.0,0.0,74.0,124.0,0.0,43.0,81.0,55.0,0.0,26.0,29.0,348.0,147.0,101.0,100.0,745.0,448.0,211.0,86.0,15.0,999.0,64.0,0.0,0.0,64.0,73.0,0.0,0.0,73.0,199.0,0.0,91.0,108.0,248.0,0.0,63.0,185.0,415.0,311.0,81.0,23.0,0.0,0.0,2017.0
63,13121009502,1896.0,786.0,61.0,0.0,50.0,11.0,55.0,0.0,13.0,42.0,49.0,15.0,16.0,18.0,106.0,54.0,15.0,37.0,495.0,372.0,83.0,40.0,20.0,1110.0,154.0,14.0,66.0,74.0,100.0,13.0,0.0,87.0,129.0,17.0,37.0,75.0,96.0,11.0,85.0,0.0,557.0,314.0,243.0,0.0,46.0,28.0,2017.0
64,13121010114,3013.0,1321.0,79.0,13.0,0.0,66.0,0.0,0.0,0.0,0.0,146.0,53.0,12.0,81.0,94.0,24.0,18.0,52.0,989.0,757.0,147.0,85.0,13.0,1692.0,289.0,0.0,0.0,289.0,356.0,0.0,0.0,356.0,304.0,24.0,157.0,123.0,329.0,49.0,186.0,94.0,387.0,327.0,60.0,0.0,0.0,27.0,2017.0
65,13121011800,1096.0,125.0,38.0,0.0,5.0,33.0,33.0,0.0,9.0,24.0,12.0,0.0,0.0,12.0,26.0,11.0,15.0,0.0,16.0,16.0,0.0,0.0,0.0,971.0,237.0,0.0,13.0,224.0,131.0,0.0,0.0,131.0,146.0,0.0,60.0,86.0,72.0,25.0,47.0,0.0,67.0,40.0,27.0,0.0,306.0,12.0,2017.0
66,13089020600,976.0,375.0,12.0,0.0,0.0,12.0,11.0,0.0,11.0,0.0,24.0,1.0,23.0,0.0,124.0,34.0,39.0,51.0,204.0,99.0,57.0,48.0,0.0,601.0,235.0,0.0,0.0,235.0,113.0,8.0,0.0,105.0,54.0,0.0,10.0,44.0,29.0,9.0,13.0,7.0,116.0,107.0,9.0,0.0,31.0,23.0,2017.0
67,13089020400,1294.0,745.0,23.0,0.0,0.0,23.0,20.0,9.0,0.0,11.0,46.0,9.0,0.0,37.0,115.0,44.0,49.0,22.0,541.0,421.0,92.0,28.0,0.0,549.0,45.0,0.0,0.0,45.0,69.0,0.0,10.0,59.0,190.0,27.0,139.0,24.0,67.0,38.0,29.0,0.0,146.0,121.0,25.0,0.0,26.0,6.0,2017.0
68,13089020500,1474.0,793.0,96.0,31.0,25.0,40.0,48.0,10.0,0.0,38.0,36.0,10.0,0.0,26.0,185.0,27.0,39.0,119.0,417.0,331.0,86.0,0.0,11.0,681.0,269.0,26.0,73.0,170.0,64.0,0.0,0.0,64.0,99.0,7.0,53.0,39.0,53.0,10.0,40.0,3.0,149.0,127.0,22.0,0.0,47.0,0.0,2017.0
69,13089020801,1090.0,885.0,64.0,38.0,0.0,26.0,59.0,7.0,0.0,52.0,35.0,22.0,7.0,6.0,169.0,44.0,43.0,82.0,558.0,372.0,165.0,21.0,0.0,205.0,30.0,0.0,0.0,30.0,0.0,0.0,0.0,0.0,38.0,0.0,29.0,9.0,44.0,0.0,15.0,29.0,82.0,12.0,70.0,0.0,0.0,11.0,2017.0
70,13089020900,2601.0,1777.0,228.0,0.0,14.0,214.0,129.0,85.0,0.0,44.0,131.0,0.0,20.0,111.0,371.0,178.0,126.0,67.0,888.0,721.0,137.0,30.0,30.0,824.0,204.0,0.0,0.0,204.0,130.0,17.0,27.0,86.0,135.0,14.0,121.0,0.0,126.0,0.0,104.0,22.0,179.0,80.0,99.0,0.0,50.0,0.0,2017.0
71,13121001002,493.0,7.0,0.0,0.0,0.0,0.0,0.0,0.0,0.0,0.0,0.0,0.0,0.0,0.0,0.0,0.0,0.0,0.0,7.0,7.0,0.0,0.0,0.0,486.0,79.0,0.0,0.0,79.0,55.0,0.0,0.0,55.0,65.0,0.0,0.0,65.0,94.0,18.0,39.0,37.0,53.0,37.0,14.0,2.0,136.0,4.0,2017.0
72,13121000700,348.0,202.0,14.0,0.0,0.0,14.0,40.0,9.0,5.0,26.0,0.0,0.0,0.0,0.0,24.0,12.0,12.0,0.0,119.0,88.0,27.0,4.0,5.0,146.0,13.0,0.0,0.0,13.0,20.0,0.0,0.0,20.0,16.0,0.0,0.0,16.0,63.0,19.0,33.0,11.0,34.0,25.0,9.0,0.0,0.0,0.0,2017.0
73,13121008700,2362.0,636.0,7.0,0.0,0.0,7.0,181.0,159.0,22.0,0.0,155.0,37.0,56.0,62.0,99.0,43.0,41.0,15.0,194.0,178.0,8.0,8.0,0.0,1726.0,698.0,50.0,79.0,569.0,469.0,18.0,144.0,307.0,292.0,28.0,125.0,139.0,118.0,46.0,72.0,0.0,53.0,53.0,0.0,0.0,44.0,52.0,2017.0
74,13089020100,785.0,580.0,23.0,0.0,0.0,23.0,16.0,0.0,6.0,10.0,28.0,0.0,4.0,24.0,11.0,5.0,6.0,0.0,502.0,345.0,94.0,63.0,0.0,205.0,8.0,0.0,0.0,8.0,17.0,0.0,0.0,17.0,22.0,0.0,18.0,4.0,7.0,0.0,0.0,7.0,118.0,72.0,12.0,34.0,27.0,6.0,2017.0
75,13089020200,984.0,582.0,42.0,0.0,0.0,42.0,8.0,0.0,0.0,8.0,0.0,0.0,0.0,0.0,53.0,7.0,25.0,21.0,479.0,296.0,82.0,101.0,0.0,402.0,44.0,0.0,0.0,44.0,42.0,0.0,8.0,34.0,46.0,0.0,38.0,8.0,133.0,72.0,61.0,0.0,129.0,120.0,9.0,0.0,8.0,0.0,2017.0
76,13089020300,1660.0,1192.0,47.0,0.0,0.0,47.0,58.0,32.0,0.0,26.0,24.0,0.0,9.0,15.0,69.0,17.0,9.0,43.0,994.0,711.0,230.0,53.0,0.0,468.0,33.0,0.0,0.0,33.0,34.0,0.0,26.0,8.0,102.0,0.0,48.0,54.0,100.0,24.0,27.0,49.0,176.0,138.0,18.0,20.0,23.0,0.0,2017.0
77,13121006802,524.0,71.0,14.0,0.0,7.0,7.0,31.0,25.0,0.0,6.0,11.0,0.0,11.0,0.0,0.0,0.0,0.0,0.0,15.0,15.0,0.0,0.0,0.0,453.0,221.0,41.0,27.0,153.0,40.0,13.0,20.0,7.0,37.0,12.0,25.0,0.0,10.0,10.0,0.0,0.0,14.0,14.0,0.0,0.0,62.0,69.0,2017.0
78,13121006900,1301.0,710.0,78.0,5.0,0.0,73.0,29.0,29.0,0.0,0.0,70.0,39.0,17.0,14.0,51.0,21.0,7.0,23.0,470.0,406.0,64.0,0.0,12.0,591.0,28.0,0.0,0.0,28.0,129.0,0.0,25.0,104.0,126.0,26.0,68.0,32.0,123.0,52.0,53.0,18.0,140.0,89.0,51.0,0.0,27.0,18.0,2017.0
79,13121007001,1372.0,537.0,185.0,8.0,43.0,134.0,80.0,5.0,6.0,69.0,101.0,88.0,13.0,0.0,79.0,60.0,19.0,0.0,89.0,89.0,0.0,0.0,3.0,835.0,306.0,0.0,0.0,306.0,222.0,0.0,44.0,178.0,137.0,67.0,27.0,43.0,78.0,0.0,67.0,11.0,27.0,27.0,0.0,0.0,0.0,65.0,2017.0
80,13121007602,1026.0,487.0,64.0,0.0,0.0,64.0,67.0,11.0,24.0,32.0,90.0,25.0,48.0,17.0,120.0,87.0,14.0,19.0,146.0,110.0,28.0,8.0,0.0,539.0,199.0,12.0,39.0,148.0,154.0,13.0,0.0,141.0,87.0,0.0,78.0,9.0,33.0,8.0,25.0,0.0,0.0,0.0,0.0,0.0,28.0,38.0,2017.0
81,13121007802,3442.0,2019.0,262.0,15.0,17.0,230.0,106.0,0.0,46.0,60.0,315.0,73.0,29.0,213.0,353.0,157.0,142.0,54.0,928.0,536.0,281.0,111.0,55.0,1423.0,370.0,16.0,127.0,227.0,354.0,0.0,0.0,354.0,235.0,0.0,135.0,100.0,203.0,75.0,45.0,83.0,123.0,108.0,0.0,15.0,78.0,60.0,2017.0
82,13121002300,534.0,147.0,22.0,0.0,4.0,18.0,25.0,25.0,0.0,0.0,24.0,24.0,0.0,0.0,34.0,24.0,0.0,10.0,30.0,30.0,0.0,0.0,12.0,387.0,142.0,14.0,0.0,128.0,106.0,0.0,20.0,86.0,80.0,21.0,46.0,13.0,33.0,7.0,26.0,0.0,7.0,7.0,0.0,0.0,10.0,9.0,2017.0
83,13121002100,871.0,360.0,24.0,0.0,6.0,18.0,25.0,0.0,0.0,25.0,19.0,8.0,5.0,6.0,30.0,18.0,6.0,6.0,262.0,166.0,48.0,48.0,0.0,511.0,205.0,0.0,3.0,202.0,79.0,0.0,23.0,56.0,69.0,6.0,18.0,45.0,83.0,16.0,60.0,7.0,75.0,11.0,64.0,0.0,0.0,0.0,2017.0
84,13121007806,2294.0,1186.0,281.0,23.0,26.0,232.0,213.0,65.0,55.0,93.0,236.0,72.0,61.0,103.0,147.0,30.0,88.0,29.0,309.0,278.0,31.0,0.0,0.0,1108.0,312.0,16.0,55.0,241.0,384.0,0.0,100.0,284.0,286.0,0.0,182.0,104.0,89.0,20.0,69.0,0.0,0.0,0.0,0.0,0.0,25.0,12.0,2017.0
85,13121007805,1195.0,412.0,60.0,34.0,5.0,21.0,30.0,8.0,22.0,0.0,60.0,9.0,23.0,28.0,88.0,44.0,27.0,17.0,174.0,161.0,13.0,0.0,0.0,783.0,256.0,31.0,78.0,147.0,283.0,22.0,47.0,214.0,117.0,23.0,47.0,47.0,54.0,23.0,31.0,0.0,23.0,23.0,0.0,0.0,24.0,26.0,2017.0
86,13121002800,1389.0,145.0,32.0,0.0,0.0,32.0,18.0,15.0,0.0,3.0,10.0,0.0,0.0,10.0,10.0,0.0,5.0,5.0,75.0,75.0,0.0,0.0,0.0,1244.0,451.0,31.0,65.0,355.0,248.0,26.0,14.0,208.0,92.0,0.0,36.0,56.0,170.0,18.0,129.0,23.0,225.0,174.0,51.0,0.0,58.0,0.0,2017.0
87,13121002600,595.0,60.0,26.0,0.0,0.0,26.0,0.0,0.0,0.0,0.0,0.0,0.0,0.0,0.0,16.0,16.0,0.0,0.0,18.0,10.0,8.0,0.0,0.0,535.0,204.0,13.0,19.0,172.0,144.0,0.0,10.0,134.0,81.0,0.0,37.0,44.0,46.0,27.0,19.0,0.0,34.0,34.0,0.0,0.0,14.0,12.0,2017.0
88,13121003000,1770.0,882.0,8.0,0.0,0.0,8.0,17.0,0.0,11.0,6.0,40.0,11.0,0.0,29.0,69.0,24.0,13.0,32.0,748.0,538.0,147.0,63.0,0.0,888.0,46.0,0.0,0.0,46.0,118.0,0.0,0.0,118.0,115.0,0.0,58.0,57.0,210.0,19.0,132.0,59.0,346.0,248.0,89.0,9.0,9.0,44.0,2017.0
89,13121002400,878.0,336.0,86.0,7.0,29.0,50.0,72.0,36.0,15.0,21.0,33.0,16.0,12.0,5.0,67.0,40.0,1.0,26.0,78.0,78.0,0.0,0.0,0.0,542.0,178.0,0.0,0.0,178.0,98.0,0.0,23.0,75.0,97.0,10.0,47.0,40.0,64.0,15.0,30.0,19.0,67.0,62.0,5.0,0.0,15.0,23.0,2017.0
90,13121003200,1161.0,785.0,22.0,0.0,0.0,22.0,32.0,8.0,0.0,24.0,69.0,8.0,28.0,33.0,131.0,64.0,39.0,28.0,514.0,402.0,94.0,18.0,17.0,376.0,25.0,0.0,0.0,25.0,66.0,0.0,0.0,66.0,68.0,0.0,22.0,46.0,66.0,6.0,32.0,28.0,151.0,101.0,44.0,6.0,0.0,0.0,2017.0
91,13121003100,833.0,342.0,30.0,0.0,4.0,26.0,28.0,24.0,0.0,4.0,44.0,11.0,4.0,29.0,41.0,7.0,18.0,16.0,199.0,167.0,26.0,6.0,0.0,491.0,99.0,0.0,0.0,99.0,158.0,0.0,36.0,122.0,76.0,15.0,22.0,39.0,61.0,28.0,17.0,16.0,97.0,67.0,21.0,9.0,0.0,0.0,2017.0
92,13121003500,562.0,227.0,42.0,0.0,0.0,42.0,13.0,1.0,0.0,12.0,26.0,0.0,26.0,0.0,25.0,14.0,5.0,6.0,121.0,108.0,13.0,0.0,0.0,335.0,92.0,0.0,0.0,92.0,32.0,0.0,0.0,32.0,37.0,0.0,8.0,29.0,75.0,19.0,56.0,0.0,79.0,53.0,20.0,6.0,6.0,14.0,2017.0
93,13121003800,171.0,25.0,10.0,0.0,8.0,2.0,12.0,0.0,0.0,12.0,0.0,0.0,0.0,0.0,3.0,3.0,0.0,0.0,0.0,0.0,0.0,0.0,0.0,146.0,41.0,0.0,0.0,41.0,20.0,0.0,12.0,8.0,22.0,15.0,7.0,0.0,33.0,10.0,23.0,0.0,0.0,0.0,0.0,0.0,10.0,20.0,2017.0
94,13121007808,1451.0,138.0,23.0,13.0,0.0,10.0,9.0,0.0,9.0,0.0,41.0,27.0,14.0,0.0,51.0,31.0,20.0,0.0,0.0,0.0,0.0,0.0,14.0,1313.0,715.0,56.0,58.0,601.0,153.0,35.0,5.0,113.0,46.0,26.0,20.0,0.0,111.0,111.0,0.0,0.0,38.0,38.0,0.0,0.0,111.0,139.0,2017.0
95,13121008000,1915.0,1143.0,183.0,47.0,47.0,89.0,209.0,52.0,80.0,77.0,266.0,139.0,28.0,99.0,220.0,150.0,23.0,47.0,247.0,163.0,76.0,8.0,18.0,772.0,228.0,0.0,0.0,228.0,98.0,17.0,0.0,81.0,54.0,0.0,46.0,8.0,177.0,96.0,81.0,0.0,127.0,88.0,39.0,0.0,15.0,73.0,2017.0
96,13121007807,996.0,315.0,85.0,0.0,22.0,63.0,71.0,47.0,24.0,0.0,39.0,28.0,11.0,0.0,77.0,62.0,15.0,0.0,43.0,24.0,8.0,11.0,0.0,681.0,341.0,22.0,19.0,300.0,102.0,74.0,0.0,28.0,102.0,6.0,57.0,39.0,12.0,0.0,12.0,0.0,48.0,48.0,0.0,0.0,20.0,56.0,2017.0
97,13121007900,2159.0,1361.0,104.0,0.0,0.0,104.0,147.0,58.0,27.0,62.0,319.0,224.0,49.0,46.0,259.0,206.0,40.0,13.0,488.0,356.0,106.0,26.0,44.0,798.0,155.0,0.0,22.0,133.0,93.0,0.0,39.0,54.0,21.0,0.0,0.0,21.0,235.0,89.0,12.0,134.0,248.0,91.0,157.0,0.0,0.0,46.0,2017.0
98,13121008201,2358.0,1220.0,324.0,57.0,92.0,175.0,195.0,65.0,12.0,118.0,160.0,122.0,27.0,11.0,215.0,201.0,14.0,0.0,312.0,256.0,56.0,0.0,14.0,1138.0,414.0,46.0,15.0,353.0,260.0,0.0,59.0,201.0,263.0,0.0,154.0,109.0,85.0,0.0,85.0,0.0,51.0,44.0,7.0,0.0,27.0,38.0,2017.0
99,13121008102,2693.0,693.0,62.0,7.0,0.0,55.0,162.0,82.0,0.0,80.0,96.0,81.0,0.0,15.0,233.0,156.0,56.0,21.0,140.0,140.0,0.0,0.0,0.0,2000.0,885.0,15.0,162.0,708.0,616.0,63.0,99.0,454.0,163.0,0.0,72.0,91.0,225.0,148.0,77.0,0.0,57.0,57.0,0.0,0.0,34.0,20.0,2017.0
100,13121004800,578.0,19.0,0.0,0.0,0.0,0.0,0.0,0.0,0.0,0.0,0.0,0.0,0.0,0.0,19.0,5.0,0.0,14.0,0.0,0.0,0.0,0.0,0.0,559.0,258.0,28.0,56.0,174.0,73.0,5.0,5.0,63.0,111.0,17.0,54.0,40.0,29.0,24.0,5.0,0.0,17.0,10.0,7.0,0.0,31.0,40.0,2017.0
101,13121005000,935.0,615.0,25.0,0.0,0.0,25.0,52.0,13.0,7.0,32.0,62.0,34.0,0.0,28.0,48.0,7.0,5.0,36.0,421.0,270.0,116.0,35.0,7.0,320.0,17.0,0.0,0.0,17.0,98.0,0.0,15.0,83.0,55.0,0.0,13.0,42.0,59.0,11.0,48.0,0.0,85.0,53.0,32.0,0.0,6.0,0.0,2017.0
102,13121003900,737.0,223.0,64.0,7.0,0.0,57.0,35.0,6.0,0.0,29.0,36.0,0.0,7.0,29.0,30.0,23.0,0.0,7.0,58.0,58.0,0.0,0.0,0.0,514.0,154.0,0.0,14.0,140.0,78.0,0.0,0.0,78.0,161.0,20.0,73.0,68.0,35.0,0.0,14.0,21.0,35.0,24.0,11.0,0.0,6.0,45.0,2017.0
103,13121004100,662.0,215.0,12.0,7.0,0.0,5.0,61.0,7.0,21.0,33.0,13.0,6.0,7.0,0.0,64.0,50.0,6.0,8.0,65.0,65.0,0.0,0.0,0.0,447.0,128.0,0.0,0.0,128.0,76.0,7.0,6.0,63.0,117.0,7.0,56.0,54.0,62.0,7.0,48.0,7.0,44.0,16.0,28.0,0.0,0.0,20.0,2017.0
104,13121004900,1077.0,723.0,20.0,0.0,0.0,20.0,36.0,0.0,0.0,36.0,31.0,21.0,10.0,0.0,123.0,41.0,72.0,10.0,501.0,353.0,100.0,48.0,12.0,354.0,127.0,10.0,67.0,50.0,120.0,0.0,44.0,76.0,19.0,0.0,0.0,19.0,22.0,0.0,22.0,0.0,66.0,35.0,20.0,11.0,0.0,0.0,2017.0
105,13121004000,945.0,374.0,114.0,4.0,22.0,88.0,52.0,14.0,10.0,28.0,61.0,23.0,34.0,4.0,56.0,51.0,5.0,0.0,91.0,79.0,12.0,0.0,0.0,571.0,212.0,0.0,24.0,188.0,120.0,0.0,20.0,100.0,101.0,5.0,67.0,29.0,62.0,32.0,24.0,6.0,29.0,29.0,0.0,0.0,25.0,22.0,2017.0
106,13121004400,1126.0,46.0,0.0,0.0,0.0,0.0,2.0,0.0,0.0,2.0,0.0,0.0,0.0,0.0,15.0,15.0,0.0,0.0,29.0,23.0,6.0,0.0,0.0,1080.0,513.0,124.0,42.0,347.0,327.0,70.0,37.0,220.0,100.0,0.0,0.0,100.0,29.0,14.0,15.0,0.0,32.0,32.0,0.0,0.0,52.0,27.0,2017.0
107,13121005300,1585.0,1120.0,61.0,0.0,0.0,61.0,22.0,6.0,0.0,16.0,50.0,13.0,0.0,37.0,56.0,19.0,25.0,12.0,919.0,568.0,292.0,59.0,12.0,465.0,26.0,0.0,0.0,26.0,75.0,0.0,0.0,75.0,81.0,0.0,66.0,15.0,92.0,0.0,69.0,23.0,147.0,75.0,72.0,0.0,24.0,20.0,2017.0
108,13121008400,1215.0,200.0,36.0,9.0,7.0,20.0,78.0,78.0,0.0,0.0,34.0,34.0,0.0,0.0,23.0,23.0,0.0,0.0,19.0,8.0,11.0,0.0,10.0,1015.0,433.0,9.0,55.0,369.0,267.0,36.0,29.0,202.0,124.0,0.0,100.0,24.0,41.0,41.0,0.0,0.0,80.0,80.0,0.0,0.0,10.0,60.0,2017.0
109,13121008302,671.0,342.0,80.0,12.0,16.0,52.0,95.0,59.0,10.0,26.0,56.0,51.0,0.0,5.0,59.0,53.0,6.0,0.0,52.0,52.0,0.0,0.0,0.0,329.0,107.0,0.0,0.0,107.0,103.0,0.0,0.0,103.0,29.0,0.0,20.0,9.0,56.0,30.0,26.0,0.0,9.0,9.0,0.0,0.0,25.0,0.0,2017.0
110,13121005200,2390.0,1561.0,28.0,14.0,0.0,14.0,189.0,19.0,0.0,170.0,87.0,60.0,0.0,27.0,192.0,59.0,36.0,97.0,1065.0,730.0,264.0,71.0,0.0,829.0,58.0,0.0,0.0,58.0,37.0,0.0,0.0,37.0,182.0,0.0,17.0,165.0,133.0,0.0,103.0,30.0,370.0,294.0,76.0,0.0,25.0,24.0,2017.0
111,13121008500,1048.0,469.0,141.0,15.0,59.0,67.0,95.0,37.0,13.0,45.0,96.0,27.0,59.0,10.0,98.0,30.0,28.0,40.0,33.0,33.0,0.0,0.0,6.0,579.0,149.0,0.0,0.0,149.0,175.0,0.0,12.0,163.0,51.0,0.0,34.0,17.0,143.0,40.0,103.0,0.0,2.0,2.0,0.0,0.0,0.0,59.0,2017.0
112,13121008202,741.0,322.0,68.0,12.0,12.0,44.0,98.0,41.0,35.0,22.0,31.0,23.0,0.0,8.0,67.0,62.0,5.0,0.0,58.0,58.0,0.0,0.0,0.0,419.0,163.0,0.0,0.0,163.0,142.0,0.0,26.0,116.0,58.0,14.0,31.0,13.0,24.0,18.0,6.0,0.0,14.0,14.0,0.0,0.0,5.0,13.0,2017.0
113,13121008601,1534.0,412.0,87.0,0.0,32.0,55.0,185.0,117.0,36.0,32.0,71.0,39.0,27.0,5.0,32.0,8.0,14.0,10.0,37.0,25.0,12.0,0.0,0.0,1122.0,542.0,0.0,28.0,514.0,291.0,14.0,31.0,246.0,99.0,0.0,42.0,57.0,104.0,63.0,41.0,0.0,30.0,13.0,17.0,0.0,16.0,40.0,2017.0
114,13121008301,927.0,309.0,19.0,0.0,0.0,19.0,121.0,87.0,0.0,34.0,76.0,50.0,7.0,19.0,27.0,27.0,0.0,0.0,66.0,66.0,0.0,0.0,0.0,618.0,225.0,0.0,0.0,225.0,172.0,0.0,19.0,153.0,51.0,0.0,22.0,29.0,43.0,35.0,8.0,0.0,7.0,7.0,0.0,0.0,0.0,120.0,2017.0
115,13121005501,903.0,280.0,38.0,0.0,13.0,25.0,26.0,12.0,7.0,7.0,35.0,20.0,9.0,6.0,45.0,23.0,19.0,3.0,127.0,113.0,11.0,3.0,9.0,623.0,284.0,24.0,24.0,236.0,49.0,0.0,15.0,34.0,91.0,20.0,20.0,51.0,76.0,34.0,42.0,0.0,17.0,12.0,5.0,0.0,39.0,67.0,2017.0
116,13121005700,664.0,68.0,9.0,0.0,0.0,9.0,22.0,0.0,22.0,0.0,6.0,0.0,6.0,0.0,8.0,8.0,0.0,0.0,18.0,18.0,0.0,0.0,5.0,596.0,288.0,42.0,57.0,189.0,110.0,15.0,21.0,74.0,82.0,0.0,41.0,41.0,50.0,32.0,18.0,0.0,29.0,29.0,0.0,0.0,23.0,14.0,2017.0
117,13121006400,348.0,118.0,7.0,0.0,7.0,0.0,19.0,0.0,0.0,19.0,14.0,10.0,0.0,4.0,68.0,51.0,17.0,0.0,10.0,10.0,0.0,0.0,0.0,230.0,39.0,0.0,0.0,39.0,80.0,0.0,9.0,71.0,44.0,13.0,22.0,9.0,30.0,13.0,3.0,14.0,20.0,20.0,0.0,0.0,10.0,7.0,2017.0
118,13121006300,597.0,234.0,79.0,15.0,11.0,53.0,63.0,17.0,10.0,36.0,17.0,10.0,7.0,0.0,40.0,40.0,0.0,0.0,35.0,35.0,0.0,0.0,0.0,363.0,125.0,0.0,0.0,125.0,63.0,0.0,24.0,39.0,49.0,18.0,19.0,12.0,58.0,24.0,34.0,0.0,18.0,18.0,0.0,0.0,5.0,45.0,2017.0
119,13121006100,1330.0,635.0,177.0,11.0,46.0,120.0,133.0,63.0,28.0,42.0,118.0,47.0,0.0,71.0,136.0,84.0,33.0,19.0,63.0,63.0,0.0,0.0,8.0,695.0,235.0,0.0,0.0,235.0,114.0,0.0,31.0,83.0,99.0,0.0,27.0,72.0,97.0,32.0,45.0,20.0,54.0,54.0,0.0,0.0,18.0,78.0,2017.0
120,13121005502,1104.0,202.0,51.0,16.0,5.0,30.0,35.0,13.0,0.0,22.0,12.0,12.0,0.0,0.0,43.0,11.0,32.0,0.0,61.0,61.0,0.0,0.0,0.0,902.0,443.0,39.0,47.0,357.0,166.0,8.0,69.0,89.0,80.0,6.0,64.0,10.0,98.0,51.0,47.0,0.0,40.0,40.0,0.0,0.0,65.0,10.0,2017.0
121,13121005800,638.0,292.0,40.0,0.0,0.0,40.0,97.0,42.0,9.0,46.0,37.0,28.0,9.0,0.0,52.0,23.0,5.0,24.0,66.0,59.0,7.0,0.0,0.0,346.0,114.0,0.0,5.0,109.0,63.0,0.0,16.0,47.0,28.0,0.0,3.0,25.0,60.0,0.0,37.0,23.0,63.0,20.0,41.0,2.0,0.0,18.0,2017.0
122,13121006500,1452.0,839.0,132.0,34.0,0.0,98.0,147.0,15.0,76.0,56.0,98.0,27.0,10.0,61.0,173.0,102.0,71.0,0.0,289.0,270.0,19.0,0.0,0.0,613.0,227.0,0.0,0.0,227.0,91.0,0.0,0.0,91.0,124.0,0.0,43.0,81.0,0.0,0.0,0.0,0.0,68.0,68.0,0.0,0.0,79.0,24.0,2017.0
123,13121008602,587.0,183.0,7.0,0.0,0.0,7.0,13.0,0.0,6.0,7.0,5.0,0.0,0.0,5.0,108.0,80.0,14.0,14.0,50.0,45.0,5.0,0.0,0.0,404.0,77.0,0.0,0.0,77.0,152.0,0.0,10.0,142.0,138.0,5.0,33.0,100.0,23.0,5.0,18.0,0.0,0.0,0.0,0.0,0.0,8.0,6.0,2017.0
124,13121008800,1935.0,1261.0,28.0,0.0,13.0,15.0,49.0,19.0,13.0,17.0,164.0,65.0,58.0,41.0,198.0,10.0,148.0,40.0,822.0,516.0,271.0,35.0,0.0,674.0,95.0,0.0,45.0,50.0,162.0,0.0,0.0,162.0,20.0,0.0,0.0,20.0,99.0,0.0,22.0,77.0,279.0,94.0,118.0,67.0,19.0,0.0,2017.0
125,13121009200,3446.0,813.0,19.0,0.0,0.0,19.0,32.0,18.0,0.0,14.0,0.0,0.0,0.0,0.0,199.0,106.0,0.0,93.0,563.0,367.0,106.0,90.0,0.0,2633.0,290.0,0.0,29.0,261.0,311.0,23.0,32.0,256.0,359.0,16.0,78.0,265.0,760.0,188.0,442.0,130.0,791.0,509.0,231.0,51.0,109.0,13.0,2017.0
126,13121007500,1555.0,509.0,62.0,9.0,13.0,40.0,158.0,95.0,12.0,51.0,73.0,24.0,34.0,15.0,40.0,35.0,5.0,0.0,165.0,147.0,18.0,0.0,11.0,1046.0,532.0,45.0,93.0,394.0,279.0,0.0,72.0,207.0,93.0,54.0,10.0,29.0,61.0,22.0,39.0,0.0,34.0,34.0,0.0,0.0,37.0,10.0,2017.0
127,13121008101,432.0,309.0,59.0,12.0,17.0,30.0,74.0,27.0,16.0,31.0,60.0,25.0,30.0,5.0,78.0,46.0,10.0,22.0,38.0,38.0,0.0,0.0,0.0,123.0,36.0,0.0,0.0,36.0,23.0,18.0,0.0,5.0,12.0,5.0,0.0,7.0,24.0,20.0,4.0,0.0,0.0,0.0,0.0,0.0,0.0,28.0,2017.0
128,13121006000,1327.0,518.0,126.0,18.0,29.0,79.0,84.0,26.0,19.0,39.0,97.0,0.0,32.0,65.0,70.0,18.0,52.0,0.0,141.0,122.0,19.0,0.0,0.0,809.0,223.0,0.0,9.0,214.0,207.0,0.0,59.0,148.0,163.0,29.0,66.0,68.0,140.0,41.0,83.0,16.0,67.0,57.0,10.0,0.0,0.0,9.0,2017.0
